Date,Adj Close,Close,High,Low,Open,Volume,Return,Log_Return,Volatility_20,SMA_20,SMA_50,Momentum_20,Volume_Change,Drawdown
2015-03-17,8723.2998046875,8723.2998046875,8742.5498046875,8630.7998046875,8689.099609375,177000,0.010442238346779709,0.01038809476984804,0.15041524797666322,8799.122412109375,8669.16697265625,-0.009335096849980129,0.08389467238211878,-0.03034044132972069
2015-03-18,8685.900390625,8685.900390625,8747.25,8664.0,8742.900390625,156400,-0.004287301239194297,-0.0042965180681336585,0.15097453089083682,8792.949951171875,8674.9759765625,-0.014013431663402742,-0.11638418079096047,-0.03449766395720444
2015-03-19,8634.650390625,8634.650390625,8788.2001953125,8614.650390625,8749.4501953125,163500,-0.00590036699653107,-0.005917842938767325,0.14935824439226747,8781.227490234374,8680.1009765625,-0.026434387826942185,0.045396419437340185,-0.04019448207586496
2015-03-20,8570.900390625,8570.900390625,8627.900390625,8553.0,8627.900390625,174600,-0.0073830435647072035,-0.0074104331263360745,0.14993840402335779,8765.00751953125,8688.971982421876,-0.036468631882598634,0.06788990825688068,-0.04728076802834513
2015-03-23,8550.900390625,8550.900390625,8608.349609375,8540.5498046875,8591.5498046875,150700,-0.002333477124745964,-0.002336203925268819,0.1487447913221531,8750.87255859375,8697.94798828125,-0.03200272043686181,-0.13688430698739973,-0.04950391656245656
2015-03-24,8542.9501953125,8542.9501953125,8627.75,8535.849609375,8537.0498046875,156700,-0.000929749494125387,-0.0009301819792756467,0.14621479704102494,8740.27255859375,8704.115,-0.02421487218893681,0.0398142003981421,-0.05038763981520078
2015-03-25,8530.7998046875,8530.7998046875,8573.75,8516.5498046875,8568.900390625,161000,-0.0014222710360253243,-0.0014232834235154116,0.14601595340470122,8728.707568359376,8709.04099609375,-0.02639776024002527,0.02744097000638157,-0.05173824597054333
2015-03-26,8342.150390625,8342.150390625,8499.4501953125,8325.349609375,8474.9501953125,280100,-0.022113918786236364,-0.022362097108321904,0.1636609709952654,8707.452587890624,8709.42400390625,-0.048487223402435164,0.7397515527950311,-0.07270802938724463
2015-03-27,8341.400390625,8341.400390625,8413.2001953125,8269.150390625,8396.0,193000,-8.990487642646094e-05,-8.990891811211022e-05,0.16167252169229007,8690.330126953126,8710.26400390625,-0.0394351853330458,-0.31096037129596577,-0.07279139745727381
2015-03-30,8492.2998046875,8492.2998046875,8492.2998046875,8380.75,8390.9501953125,134700,0.018090417315550278,0.017928732765285012,0.16098745909344175,8672.71513671875,8714.55900390625,-0.03983219368280655,-0.30207253886010366,-0.056017806898707834
2015-03-31,8491.0,8491.0,8550.4501953125,8454.150390625,8527.599609375,167200,-0.0001530568535489385,-0.00015306856794447524,0.15171048964185863,8649.42763671875,8714.49599609375,-0.05199988835235991,0.2412769116555309,-0.0561622898429901
2015-04-01,8586.25,8586.25,8603.400390625,8464.75,8483.7001953125,125500,0.011217759981156483,0.011155307528727893,0.1576638760484904,8628.92763671875,8715.945,-0.04557454494928448,-0.24940191387559807,-0.04557454494928448
2015-04-06,8659.900390625,8659.900390625,8667.5498046875,8573.75,8615.7998046875,146900,0.00857771327704171,0.008541133724940244,0.16056423126564429,8615.79013671875,8718.12900390625,-0.029447528312447457,0.17051792828685253,-0.037387757051549286
2015-04-07,8660.2998046875,8660.2998046875,8693.599609375,8586.849609375,8684.4501953125,148700,4.612224673294918e-05,4.6121183134830896e-05,0.16023727798322107,8601.917626953125,8717.4230078125,-0.031042510174540627,0.012253233492171445,-0.03734335921217169
2015-04-08,8714.400390625,8714.400390625,8730.5,8679.7998046875,8698.9501953125,148200,0.006246964557533818,0.006227533157299894,0.14588570983972715,8599.800146484375,8717.121015625,-0.004836224555343049,-0.00336247478143914,-0.03132967729609559
2015-04-09,8778.2998046875,8778.2998046875,8785.5,8682.4501953125,8756.2001953125,152700,0.007332623152276119,0.007305870171212896,0.14703986171910866,8603.112646484375,8717.45900390625,0.007604410154353536,0.030364372469635637,-0.024226782860914287
2015-04-10,8780.349609375,8780.349609375,8787.400390625,8733.599609375,8774.349609375,139000,0.0002335081659441407,0.00023348090715570997,0.14689372971981982,8607.1326171875,8716.35400390625,0.00924136486503313,-0.08971840209561233,-0.023998931846602733
2015-04-13,8834.0,8834.0,8841.650390625,8762.099609375,8801.75,121600,0.006110279546012176,0.0060916874846368065,0.1452329471145715,8610.0326171875,8714.82400390625,0.006608933454876897,-0.12517985611510796,-0.01803529248297897
2015-04-16,8706.7001953125,8706.7001953125,8760.0,8645.650390625,8757.0498046875,142900,-0.014410211080767454,-0.014515046525185486,0.14495068172740688,8612.980126953125,8710.67201171875,0.0068168246436934865,0.17516447368421062,-0.032185611192163455
2015-04-17,8606.0,8606.0,8699.849609375,8596.7001953125,8698.0498046875,150400,-0.01156582781691673,-0.011633232232741262,0.1509695081671495,8611.622607421876,8703.74501953125,-0.0031448995322128637,0.05248425472358287,-0.043379185771849404
2015-04-20,8448.099609375,8448.099609375,8619.9501953125,8422.75,8618.7998046875,148900,-0.01834770981001632,-0.01851811663955681,0.15885171252399505,8597.86259765625,8696.52900390625,-0.0315477172026829,-0.009973404255319118,-0.060930986869529025
2015-04-21,8377.75,8377.75,8469.349609375,8352.7001953125,8416.099609375,407800,-0.008327270348106652,-0.008362135754524264,0.1604139678001243,8582.455078125,8688.13599609375,-0.03547708087437862,1.7387508394895903,-0.06875086841739608
2015-04-22,8429.7001953125,8429.7001953125,8449.9501953125,8284.7001953125,8400.400390625,171800,0.006200972255378856,0.006181825339152998,0.16204196182559366,8572.207568359376,8681.59900390625,-0.023735783852351755,-0.5787150564001962,-0.06297621838960676
2015-04-23,8398.2998046875,8398.2998046875,8504.9501953125,8361.849609375,8478.2001953125,156000,-0.0037249712205020824,-0.003731926202576211,0.16069288630966247,8563.5775390625,8675.09099609375,-0.02013797595014566,-0.09196740395809078,-0.06646660500903157
2015-04-24,8305.25,8305.25,8413.2998046875,8273.349609375,8405.7001953125,173600,-0.011079600258562361,-0.011141436198728826,0.1646426261201945,8551.29501953125,8666.9619921875,-0.028728014525151613,0.11282051282051286,-0.07680978185355014
2015-04-27,8213.7998046875,8213.7998046875,8334.4501953125,8202.349609375,8330.5498046875,171500,-0.011011130948797465,-0.011072202173819238,0.1681112426369568,8534.8375,8658.0169921875,-0.038528890266222526,-0.012096774193548376,-0.0869751502362095
2015-04-28,8285.599609375,8285.599609375,8308.0,8185.14990234375,8215.5498046875,174600,0.008741362876475867,0.008703378361128562,0.17233370035625778,8522.577490234375,8653.2019921875,-0.028742931603876976,0.018075801749271037,-0.07899406870918435
2015-04-29,8239.75,8239.75,8308.2001953125,8219.2001953125,8274.7998046875,160400,-0.005533650132347967,-0.0055490174921902485,0.15471832676415462,8517.457470703124,8646.68599609375,-0.012275059286881107,-0.08132875143184426,-0.08409059330276503
2015-04-30,8181.5,8181.5,8229.400390625,8144.75,8224.5,267700,-0.007069389241178392,-0.007094495768480639,0.15639031625589772,8509.462451171876,8637.76798828125,-0.01916948991019707,0.6689526184538654,-0.0905655134083646
2015-05-04,8331.9501953125,8331.9501953125,8346.0,8220.4501953125,8230.0498046875,131700,0.01838907233545184,0.018222037975143816,0.1568631111408593,8501.444970703125,8630.17599609375,-0.01888176501805694,-0.5080313784086664,-0.07384185685007638
2015-05-05,8324.7998046875,8324.7998046875,8355.650390625,8280.599609375,8338.400390625,155500,-0.0008581893143123631,-0.0008585577695799613,0.15683537468294284,8493.1349609375,8620.5619921875,-0.01957368923713343,0.18071374335611234,-0.07463667587189105
2015-05-06,8097.0,8097.0,8331.9501953125,8083.0,8316.599609375,209600,-0.02736399793773192,-0.027745365388399824,0.1764467687406572,8468.6724609375,8606.315,-0.056980637647401355,0.3479099678456592,-0.09995831596498539
2015-05-07,8057.2998046875,8057.2998046875,8122.60009765625,7997.14990234375,8077.0,161600,-0.004903074634123761,-0.004915134139810429,0.17122841612109369,8438.542431640624,8590.07900390625,-0.06958516365729339,-0.2290076335877863,-0.10437128751563152
2015-05-08,8191.5,8191.5,8224.9501953125,8123.4501953125,8131.5,183100,0.01665572816769534,0.01651854271401412,0.18529428045217616,8415.10244140625,8576.0030078125,-0.05413205261482468,0.1330445544554455,-0.08945393914130884
2015-05-11,8325.25,8325.25,8332.75,8224.650390625,8243.2001953125,192000,0.01632790087285607,0.016196034167464263,0.19485527235249583,8395.644921875,8565.836015625,-0.044656014548476564,0.04860731840524313,-0.0745866333194386
2015-05-12,8126.9501953125,8126.9501953125,8326.650390625,8115.2998046875,8326.150390625,173400,-0.02381908107113906,-0.024107341992543527,0.20593920216129774,8363.07744140625,8553.276015625,-0.07419997310039328,-0.09687500000000004,-0.09662912932471868
2015-05-13,8235.4501953125,8235.4501953125,8254.9501953125,8089.7998046875,8181.5498046875,169800,0.013350641678914421,0.013262307208340643,0.21438928173710123,8335.832470703124,8542.74302734375,-0.06205896556564183,-0.02076124567474047,-0.08456854852716411
2015-05-14,8224.2001953125,8224.2001953125,8236.25,8137.2998046875,8232.4501953125,134800,-0.0013660455388829762,-0.0013669794296785854,0.2117183975038598,8305.34248046875,8531.88203125,-0.06902873043779711,-0.20612485276796233,-0.08581906957760177
2015-05-15,8262.349609375,8262.349609375,8279.2001953125,8212.2001953125,8240.2998046875,129800,0.004638677701966021,0.004627952191887896,0.20949321168935997,8283.124951171874,8523.45203125,-0.05103547566467592,-0.0370919881305638,-0.08157847888008896
2015-05-18,8373.650390625,8373.650390625,8384.599609375,8271.9501953125,8284.9501953125,148700,0.013470838987944989,0.013380913913783618,0.21398646379972544,8271.507470703125,8514.033046875,-0.026998560234138935,0.1456086286594762,-0.06920657044601919
2015-05-19,8365.650390625,8365.650390625,8427.7998046875,8335.0,8356.2001953125,140300,-0.0009553778372400901,-0.0009558345015271625,0.20417418955852534,8267.385009765625,8502.2110546875,-0.00975949888878025,-0.056489576328177526,-0.07009582985966378
2015-05-20,8423.25,8423.25,8440.349609375,8391.4501953125,8392.650390625,123600,0.006885251795789804,0.006861656693210339,0.20353982644944923,8269.660009765625,8490.7510546875,0.005431052490227017,-0.11903064861012114,-0.06369320550229263
2015-05-21,8421.0,8421.0,8446.349609375,8382.5,8434.5,143800,-0.00026711779894939003,-0.0002671534812630433,0.20233957678452327,8269.225,8480.718046875,-0.0010320883437038297,0.1634304207119741,-0.06394330971238016
2015-05-22,8458.9501953125,8458.9501953125,8489.5498046875,8420.599609375,8432.5,187300,0.004506613859696085,0.004496489481834225,0.20246262358818481,8272.25751953125,8471.14205078125,0.007221746310026811,0.3025034770514603,-0.05972486365846885
2015-05-25,8370.25,8370.25,8441.9501953125,8364.150390625,8438.150390625,121300,-0.010485957862909845,-0.010541322896106728,0.20202120187290332,8275.50751953125,8463.41205078125,0.007826374883356912,-0.35237586759209827,-0.06958454911768797
2015-05-26,8339.349609375,8339.349609375,8378.900390625,8320.0498046875,8377.099609375,116800,-0.0036916926764433144,-0.003698523791285403,0.1981305514834139,8281.785009765625,8455.958046875,0.015285228234543924,-0.03709810387469081,-0.07301935702375995
2015-05-27,8334.599609375,8334.599609375,8342.849609375,8277.9501953125,8302.75,165500,-0.0005695887835976965,-0.0005697510609127147,0.19592064542149334,8284.235009765625,8448.65103515625,0.0059138749529432655,0.41695205479452047,-0.07354735480061136
2015-05-28,8319.0,8319.0,8364.5,8270.150390625,8345.7001953125,232300,-0.00187166871908917,-0.0018734224796336696,0.1948983090981845,8288.197509765625,8439.51103515625,0.00961801025516551,0.4036253776435046,-0.07528136723634848
2015-05-29,8433.650390625,8433.650390625,8443.900390625,8305.7001953125,8327.099609375,363900,0.013781751487558669,0.01368764678319723,0.1981222071849625,8300.805029296875,8435.22904296875,0.030819579615596115,0.566508824795523,-0.0625371248436849
2015-06-01,8433.400390625,8433.400390625,8467.150390625,8405.400390625,8417.25,122200,-2.964315431874809e-05,-2.9643593685729908e-05,0.18804885409887387,8305.8775390625,8431.23404296875,0.012176044375490358,-0.6641934597416872,-0.06256491420036125
2015-06-02,8236.4501953125,8236.4501953125,8445.349609375,8226.0498046875,8442.7998046875,146800,-0.023353592405198742,-0.02363060893126965,0.20683437253384315,8301.46005859375,8421.49705078125,-0.010612820902341946,0.2013093289689034,-0.08445739110045858
2015-06-03,8135.10009765625,8135.10009765625,8236.7001953125,8094.14990234375,8232.4501953125,171400,-0.012305070176218624,-0.012381404397236432,0.1861840982197296,8303.365063476562,8410.481044921875,0.004705458522446637,0.16757493188010897,-0.09572320715228566
2015-06-04,8130.64990234375,8130.64990234375,8160.0498046875,8056.75,8155.14990234375,154700,-0.0005470363313393456,-0.0005471860103022912,0.18522478921550461,8307.032568359375,8400.40103515625,0.009103558193723549,-0.09743290548424732,-0.09621787941156035
2015-06-05,8114.7001953125,8114.7001953125,8191.0,8100.14990234375,8119.14990234375,162100,-0.001961676769116849,-0.001963603376990351,0.1753167593020271,8303.192578125,8391.27703125,-0.00937554839620336,0.04783451842275377,-0.09799080780186187
2015-06-08,8044.14990234375,8044.14990234375,8131.0,8030.5498046875,8124.35009765625,135900,-0.008694134258897646,-0.008732148739867544,0.16596586955747047,8289.137573242188,8381.142021484375,-0.03376476353938318,-0.16162862430598401,-0.1058329968215923
2015-06-09,8022.39990234375,8022.39990234375,8057.14990234375,8005.14990234375,8026.5,136000,-0.0027038282806817193,-0.0027074902267056862,0.14354451435405546,8283.91005859375,8370.731015625,-0.012864640542408323,0.0007358351729211954,-0.10825067085243856
2015-06-10,8124.4501953125,8124.4501953125,8152.25,8023.7998046875,8024.14990234375,136800,0.012720668903445809,0.012640440848079765,0.1427601067620749,8278.36005859375,8362.6040234375,-0.013478315983645905,0.00588235294117645,-0.09690702289148256
2015-06-11,7965.35009765625,7965.35009765625,8163.0498046875,7958.25,8157.2998046875,166200,-0.019582875620068996,-0.019777160752925255,0.1580735550386563,8265.417553710937,8355.068017578125,-0.031474197065847864,0.21491228070175428,-0.11459218033555651
2015-06-12,7982.89990234375,7982.89990234375,7995.60009765625,7940.2998046875,7959.85009765625,136600,0.0022032684655837187,0.0022008448289133065,0.15703683655230316,8251.445068359375,8347.8980078125,-0.03382206275974675,-0.1780986762936222,-0.1126413892073086
2015-06-15,8013.89990234375,8013.89990234375,8057.7001953125,7944.85009765625,7986.60009765625,133000,0.003883300602441242,0.0038757800540692557,0.14829487206570285,8233.457543945313,8338.330009765625,-0.04296220543002616,-0.026354319180087793,-0.10919550897943586
2015-06-16,8047.2998046875,8047.2998046875,8061.85009765625,7952.35009765625,8004.2001953125,124000,0.004167746384501569,0.0041590853857635356,0.14996409380700285,8217.540014648437,8329.456005859374,-0.0380544932040503,-0.06766917293233088,-0.10548286178268718
2015-06-17,8091.5498046875,8091.5498046875,8136.85009765625,8048.9501953125,8084.2001953125,152500,0.005498738840850059,0.005483675969067097,0.14896789768629995,8200.955004882813,8319.562001953125,-0.039379122703528946,0.22983870967741926,-0.10056414565096572
2015-06-18,8174.60009765625,8174.60009765625,8186.89990234375,8101.7998046875,8113.7001953125,144800,0.010263830165222254,0.010211514727058937,0.15510979078808462,8188.635009765625,8309.85599609375,-0.029260171279390845,-0.05049180327868852,-0.09133248879741562
2015-06-19,8224.9501953125,8224.9501953125,8250.7998046875,8195.650390625,8201.150390625,147100,0.006159334653041526,0.006140443483030782,0.1560574695860989,8176.935009765625,8301.14900390625,-0.027663007181395916,0.015883977900552404,-0.08573570150757259
2015-06-22,8353.099609375,8353.099609375,8369.4501953125,8257.400390625,8259.2998046875,122700,0.015580570218593381,0.015460439332762258,0.16300140230553922,8176.077490234375,8293.92298828125,-0.002048969938173939,-0.16587355540448678,-0.07149094240655829
2015-06-23,8381.5498046875,8381.5498046875,8398.4501953125,8334.9501953125,8377.4501953125,131700,0.003405944696333929,0.003400157603319678,0.16287191089599126,8178.1875,8285.98798828125,0.005060370087501598,0.07334963325183375,-0.06832849190634982
2015-06-24,8360.849609375,8360.849609375,8421.349609375,8338.900390625,8399.400390625,130100,-0.002469733616678238,-0.0024727884395158908,0.16313918160158525,8179.5,8277.59798828125,0.003149521420377832,-0.012148823082763882,-0.07062947234959016
2015-06-25,8398.0,8398.0,8423.150390625,8329.5,8336.25,201200,0.00444337505883885,0.004433532413488122,0.16363331828489674,8183.45,8268.87798828125,0.00949633369395353,0.5465026902382784,-0.0664999305266083
2015-06-26,8381.099609375,8381.099609375,8408.5498046875,8339.7001953125,8393.9501953125,110600,-0.0020124304149797823,-0.0020144580738723343,0.1561350116327348,8180.8224609375,8262.3659765625,-0.006231083672666449,-0.4502982107355865,-0.06837853445880226
2015-06-29,8318.400390625,8318.400390625,8329.4501953125,8195.650390625,8247.0498046875,132000,-0.00748102536329065,-0.007509148581665224,0.15819891939974104,8175.0724609375,8256.613984375,-0.013636255208259729,0.1934900542495479,-0.07534801827150206
2015-06-30,8368.5,8368.5,8378.0,8298.9501953125,8316.349609375,158500,0.006022745602803914,0.006004681365091595,0.13437316329306512,8181.674951171875,8255.0219921875,0.01603236850295664,0.2007575757575757,-0.06977907461442268
2015-07-01,8453.0498046875,8453.0498046875,8481.599609375,8370.150390625,8376.25,131800,0.01010334046573469,0.010052642911917523,0.12867097823838478,8197.572436523438,8256.52798828125,0.03908368713531285,-0.1684542586750789,-0.060380735896901516
2015-07-02,8444.900390625,8444.900390625,8479.25,8433.2001953125,8471.9501953125,112000,-0.0009640797405430224,-0.000964544764320111,0.1287854649413789,8213.2849609375,8256.8319921875,0.03865010694786686,-0.15022761760242798,-0.06128660379324724
2015-07-03,8484.900390625,8484.900390625,8497.75,8424.150390625,8440.099609375,88400,0.004736586359787687,0.004725404031422576,0.1283145004962031,8231.794970703126,8258.56400390625,0.045620933170931854,-0.21071428571428574,-0.05684030672502427
2015-07-06,8522.150390625,8522.150390625,8533.150390625,8386.150390625,8386.150390625,101500,0.004390151714822377,0.004380543110671768,0.12172887774664981,8255.694995117188,8262.90201171875,0.05942212590319573,0.1481900452488687,-0.052699692580241764
2015-07-07,8510.7998046875,8510.7998046875,8561.349609375,8483.849609375,8525.5,122200,-0.0013318922357890006,-0.001332779992604704,0.12098658089108559,8280.114990234375,8268.84201171875,0.060879525863708706,0.20394088669950738,-0.05396139450465476
2015-07-08,8363.0498046875,8363.0498046875,8457.5,8341.400390625,8439.2001953125,188100,-0.01736029555278973,-0.017512752525573723,0.135450598757042,8292.044970703126,8270.391015625,0.029368093057258626,0.539279869067103,-0.0703849043004029
2015-07-09,8328.5498046875,8328.5498046875,8400.2998046875,8323.0,8364.849609375,131300,-0.004125289314989233,-0.004133821795005965,0.11235201289986482,8310.204956054688,8272.16701171875,0.045597456807092485,-0.3019670388091441,-0.07421983552174516
2015-07-10,8360.5498046875,8360.5498046875,8377.099609375,8315.400390625,8365.7001953125,154100,0.0038422055160178825,0.0038348430969963264,0.11249612217943937,8329.087451171876,8275.7480078125,0.047307357847850895,0.17364813404417356,-0.0706627978671669
2015-07-13,8459.650390625,8459.650390625,8471.650390625,8355.400390625,8397.25,117800,0.011853357524637564,0.011783656733947193,0.11735214376078591,8351.374975585937,8278.30201171875,0.05562216819689558,-0.23556132381570405,-0.05964703174934005
2015-07-14,8454.099609375,8454.099609375,8480.25,8424.099609375,8470.599609375,101700,-0.0006561478304294432,-0.000656363189627265,0.11780558470661409,8371.714965820312,8280.8880078125,0.05055109347989517,-0.1366723259762309,-0.060264042309295496
2015-07-15,8523.7998046875,8523.7998046875,8531.400390625,8462.9501953125,8463.400390625,105500,0.008244543893853207,0.008210743295109776,0.11912252103754585,8393.327465820312,8289.42400390625,0.053419927014425994,0.03736479842674534,-0.05251634795748228
2015-07-16,8608.0498046875,8608.0498046875,8616.099609375,8542.900390625,8546.150390625,116000,0.009884089482447456,0.009835561378738018,0.11881106767264314,8414.999951171874,8300.43900390625,0.05302396470201942,0.09952606635071093,-0.04315133475753785
2015-07-17,8609.849609375,8609.849609375,8642.9501953125,8593.150390625,8623.650390625,105000,0.00020908390731189108,0.00020906205231804127,0.11832024835242533,8434.244921875,8308.80599609375,0.046796564711341304,-0.09482758620689657,-0.042951273099902765
2015-07-20,8603.4501953125,8603.4501953125,8624.099609375,8559.0,8623.900390625,90600,-0.0007432666484129546,-0.0007435430080160121,0.10791464279330291,8446.762451171875,8314.37,0.029970980551521587,-0.13714285714285712,-0.04366261549951367
2015-07-21,8529.4501953125,8529.4501953125,8646.75,8517.900390625,8601.5,164100,-0.00860120048586066,-0.008638404295993872,0.11339030689321497,8454.157470703125,8322.42,0.017645947834407094,0.8112582781456954,-0.05188826507572597
2015-07-22,8633.5,8633.5,8643.900390625,8498.650390625,8512.25,136800,0.012198887654526924,0.012125080858812433,0.11935740889628384,8467.789990234374,8330.38099609375,0.032610368965287684,-0.1663619744058501,-0.0403223565374462
2015-07-23,8589.7998046875,8589.7998046875,8654.75,8573.7998046875,8643.9501953125,132900,-0.005061700968610694,-0.005074554770036643,0.12112701628282842,8477.37998046875,8337.69298828125,0.022838747878959342,-0.028508771929824595,-0.04517995779491457
2015-07-24,8521.5498046875,8521.5498046875,8589.150390625,8513.5,8588.150390625,127400,-0.00794547038951432,-0.00797720384261551,0.12496780818921606,8484.402490234375,8342.8769921875,0.01675796755301584,-0.04138449962377733,-0.05276645216756981
2015-07-27,8361.0,8361.0,8492.2001953125,8351.5498046875,8492.099609375,136600,-0.01884044667546103,-0.019020189089775028,0.14083010065917986,8486.532470703125,8342.623984375,0.00512112994981706,0.07221350078492939,-0.07061275531471445
2015-07-28,8337.0,8337.0,8397.400390625,8321.75,8371.099609375,174600,-0.002870470039468942,-0.002874597739444469,0.13954342563800248,8484.957470703124,8342.0509765625,-0.0037641154328732496,0.27818448023426057,-0.07328053355564823
2015-07-29,8375.0498046875,8375.0498046875,8381.5,8338.4501953125,8365.599609375,141000,0.004563968416396724,0.0045535850933296085,0.13549725195074638,8481.057470703125,8341.08697265625,-0.00922743883003585,-0.1924398625429553,-0.06905101517993606
2015-07-30,8421.7998046875,8421.7998046875,8458.900390625,8408.2998046875,8417.0,215200,0.005582056356707721,0.005566534416230723,0.1371501253251053,8479.90244140625,8341.10296875,-0.002735448006366603,0.526241134751773,-0.0638544054814506
2015-07-31,8532.849609375,8532.849609375,8548.9501953125,8448.0,8456.099609375,203300,0.013185994355469077,0.013099815871268341,0.14413168034074492,8482.29990234375,8342.58095703125,0.005651123353549226,-0.0552973977695167,-0.051510394956231775
2015-08-03,8543.0498046875,8543.0498046875,8563.9501953125,8508.099609375,8510.650390625,156700,0.0011954031512864116,0.0011946892258352072,0.14337169594905608,8483.344873046875,8346.036953125,0.0024523639110489714,-0.2292179045745204,-0.050376567493400026
2015-08-04,8516.900390625,8516.900390625,8565.150390625,8448.25,8564.099609375,187400,-0.00306089917070973,-0.0030655933038692055,0.14373645045361882,8483.64990234375,8349.58796875,0.000716805244806773,0.19591576260370136,-0.053283269070446004
2015-08-05,8567.9501953125,8567.9501953125,8591.849609375,8545.849609375,8547.4501953125,132800,0.005993941733038577,0.005976049525257857,0.12914282560488807,8493.894921875,8354.25498046875,0.02450067803137479,-0.2913553895410885,-0.047608704147561465
2015-08-06,8588.650390625,8588.650390625,8606.2998046875,8551.5,8585.7998046875,134900,0.002416003226048735,0.0024130893825477714,0.12763168727516275,8506.899951171876,8359.64798828125,0.03122999706276719,0.01581325301204828,-0.045307723704321234
2015-08-07,8564.599609375,8564.599609375,8595.9501953125,8552.7001953125,8580.7998046875,143700,-0.002800298085977815,-0.0028042262557410207,0.12822111975592165,8517.10244140625,8362.26697265625,0.024406266268887755,0.0652335063009637,-0.047981146658329865
2015-08-10,8525.599609375,8525.599609375,8621.5498046875,8497.7998046875,8577.0,123400,-0.004553627931107251,-0.004564027276617137,0.12337293754095553,8520.39990234375,8364.11095703125,0.007795738086657122,-0.14126652748782187,-0.05231628629984719
2015-08-11,8462.349609375,8462.349609375,8556.25,8441.2998046875,8548.4501953125,154400,-0.007418833032042493,-0.00744648944425946,0.12645146178446717,8520.81240234375,8368.6289453125,0.0009758579128700262,0.2512155591572123,-0.059346993538974546
2015-08-12,8349.4501953125,8349.4501953125,8446.9501953125,8337.9501953125,8445.7001953125,190000,-0.013341379081930671,-0.013431174840318333,0.13117102640236525,8512.094921875,8372.915947265625,-0.02045444676904773,0.23056994818652843,-0.07189660188272895
2015-08-13,8355.849609375,8355.849609375,8429.5,8339.75,8384.4501953125,189200,0.0007664473603414823,0.0007661537895581861,0.1250097014476407,8499.484912109376,8377.41994140625,-0.02929818031201037,-0.004210526315789442,-0.07118525948311794
2015-08-14,8518.5498046875,8518.5498046875,8530.099609375,8381.2001953125,8402.349609375,155900,0.01947141259339502,0.01928427002460754,0.14515578727385275,8494.919921875,8385.49693359375,-0.01060411143396589,-0.17600422832980978,-0.05309992444768652
2015-08-17,8477.2998046875,8477.2998046875,8530.599609375,8428.0498046875,8530.5,174700,-0.004842373519645449,-0.004854135797220708,0.14596594740998323,8488.61240234375,8394.159931640625,-0.014662767582908964,0.12059012187299545,-0.05768516829929138
2015-08-18,8466.5498046875,8466.5498046875,8525.75,8433.599609375,8505.849609375,153300,-0.0012680924643075908,-0.001268897173926015,0.14298969369491982,8485.4673828125,8403.0429296875,-0.0073744953290855175,-0.12249570692615908,-0.058880110636376215
2015-08-19,8495.150390625,8495.150390625,8520.4501953125,8425.9501953125,8468.0498046875,130500,0.0033780685872379923,0.00337237573051901,0.13605236047455269,8478.54990234375,8410.45693359375,-0.016024741921005337,-0.1487279843444227,-0.055700943101292255
2015-08-20,8372.75,8372.75,8501.349609375,8359.75,8471.0498046875,184100,-0.014408266481082843,-0.014513073495647132,0.14387844146935475,8467.697412109375,8418.604931640624,-0.02526831935815954,0.41072796934865896,-0.06930665555092397
2015-08-21,8299.9501953125,8299.9501953125,8322.2001953125,8225.0498046875,8305.400390625,201300,-0.008694849922367243,-0.008732870680242016,0.1443691578276157,8456.617431640625,8424.9459375,-0.02600461353322181,0.09342748506246612,-0.07739889450465476
2015-08-24,7809.0,7809.0,8060.0498046875,7769.39990234375,8055.9501953125,312400,-0.05915098088055637,-0.0609725995392517,0.2504374109424101,8429.017431640625,8420.847939453124,-0.06602081090778611,0.5519125683060109,-0.1319716548561901
2015-08-25,7880.7001953125,7880.7001953125,7925.39990234375,7667.25,7895.39990234375,299100,0.009181738418811536,0.009139842514835898,0.2543814254581023,8406.20244140625,8417.515947265625,-0.054731894528907254,-0.04257362355953909,-0.12400164565096572
2015-08-26,7791.85009765625,7791.85009765625,7930.0498046875,7777.10009765625,7865.25,216600,-0.011274391291918318,-0.011338429020653107,0.2545311803666431,8377.042456054687,8411.521953125,-0.06963537180457535,-0.275827482447342,-0.13387799386897314
2015-08-27,7948.9501953125,7948.9501953125,7963.60009765625,7862.2998046875,7921.60009765625,305000,0.02016210472317792,0.019961540867943228,0.26627179108384175,8353.399975585937,8407.008955078125,-0.056145909466028376,0.40812557710064645,-0.11641515127831037
2015-08-28,8001.9501953125,8001.9501953125,8091.7998046875,7961.64990234375,8053.7001953125,195600,0.006667547122292117,0.006645417343079588,0.26208409729127763,8326.855004882813,8402.548955078126,-0.06221830201708978,-0.358688524590164,-0.11052380766291514
2015-08-31,7971.2998046875,7971.2998046875,8043.60009765625,7947.9501953125,8009.25,198200,-0.003830365083121179,-0.0038377197180878234,0.26157012260013046,8298.267504882813,8394.912958984374,-0.06692574818963193,0.013292433537832382,-0.11393082621231065
2015-09-01,7785.85009765625,7785.85009765625,7929.10009765625,7746.5,7907.9501953125,184900,-0.023264675971940818,-0.02353957047024599,0.2710802978194487,8261.714990234375,8382.99896484375,-0.08583525219732002,-0.06710393541876891,-0.13454493842920656
2015-09-02,7717.0,7717.0,7862.5498046875,7699.25,7856.64990234375,215300,-0.0088429775544967,-0.008882308721944062,0.2685931340836618,8219.16748046875,8370.12197265625,-0.09931782700815095,0.1644131963223363,-0.14219813811310267
2015-09-03,7823.0,7823.0,7845.60009765625,7754.0498046875,7774.4501953125,155800,0.013735907736166952,0.01364242522747763,0.2756951536130134,8180.8849609375,8358.62197265625,-0.08914676413662748,-0.27635856943799353,-0.1304154508823121
2015-09-04,7655.0498046875,7655.0498046875,7804.89990234375,7626.85009765625,7803.39990234375,193600,-0.021468770971813878,-0.021702577450189775,0.28208726241547843,8135.407470703125,8344.1009765625,-0.10619875372713128,0.24261874197689348,-0.14908436240794776
2015-09-07,7558.7998046875,7558.7998046875,7705.0498046875,7545.89990234375,7685.85009765625,141400,-0.01257339958011272,-0.012653113658095735,0.2831474428612559,8087.06748046875,8328.90896484375,-0.11339962571364226,-0.2696280991735537,-0.15978326472835902
2015-09-08,7688.25,7688.25,7720.89990234375,7539.5,7587.7001953125,172200,0.017125760525132927,0.016980767754825463,0.29455932947859154,8048.3625,8315.30396484375,-0.09147573015860921,0.2178217821782178,-0.14539391413088787
2015-09-09,7818.60009765625,7818.60009765625,7846.0498046875,7764.5498046875,7805.85009765625,208400,0.01695445617094271,0.016812333537542277,0.3022631759950494,8021.819995117187,8302.614970703125,-0.06357904834910888,0.21022067363530783,-0.13090453270459912
2015-09-10,7788.10009765625,7788.10009765625,7819.85009765625,7678.5,7729.0498046875,160300,-0.0039009540862875447,-0.003908582653268309,0.30188753030219584,7993.43251953125,8289.47896484375,-0.0679463535439595,-0.23080614203454897,-0.13429483421911903
2015-09-11,7789.2998046875,7789.2998046875,7864.85009765625,7759.89990234375,7833.7998046875,136400,0.00015404360706794407,0.00015403174356981987,0.29013101911422134,7956.97001953125,8275.566953125,-0.08560729428367209,-0.14909544603867753,-0.1341614778727247
2015-09-14,7872.25,7872.25,7879.9501953125,7761.85009765625,7811.10009765625,122800,0.010649249276883932,0.010592945398427487,0.2950035109778291,7926.717529296875,8262.5689453125,-0.07137293933534583,-0.09970674486803521,-0.12494094761706265
2015-09-15,7829.10009765625,7829.10009765625,7880.0,7799.75,7867.35009765625,136500,-0.005481266771729776,-0.00549634403468119,0.29492263397379737,7894.845043945313,8248.934951171876,-0.07529037467875355,0.11156351791530938,-0.12973737972419064
2015-09-16,7899.14990234375,7899.14990234375,7913.89990234375,7853.2998046875,7886.85009765625,140000,0.008947363530129149,0.008907573043561995,0.2973805942733669,7865.04501953125,8239.656953125,-0.07015773245627044,0.02564102564102555,-0.1219508236939002
2015-09-18,7981.89990234375,7981.89990234375,8055.0,7955.85009765625,7967.4501953125,241800,0.010475810818002973,0.010421319740291772,0.2984548941327522,7845.502514648438,8232.723955078125,-0.046681209597354556,0.7271428571428571,-0.11275254663401413
2015-09-21,7977.10009765625,7977.10009765625,7987.89990234375,7908.35009765625,7911.5,121800,-0.0006013361162410247,-0.0006015169913181517,0.29755732454321415,7829.360009765625,8225.0549609375,-0.038897835536240155,-0.49627791563275436,-0.11328608057176603
2015-09-22,7812.0,7812.0,8021.60009765625,7787.75,8014.7998046875,168400,-0.02069675641963653,-0.020913936119176794,0.21465657768931937,7829.510009765625,8212.101953125,0.00038417210910490773,0.3825944170771758,-0.1316381825760734
2015-09-23,7845.9501953125,7845.9501953125,7882.89990234375,7723.25,7737.35009765625,146700,0.004345903137800811,0.004336486972064778,0.2126171379755969,7827.772509765625,8199.93896484375,-0.004409506660419504,-0.1288598574821853,-0.12786436622898434
2015-09-24,7868.5,7868.5,7894.5,7804.10009765625,7838.39990234375,202500,0.002874069312977845,0.0028699470722847766,0.20870932526648472,7831.605004882813,8186.83296875,0.009837189035092786,0.3803680981595092,-0.12535778796720853
2015-09-28,7795.7001953125,7795.7001953125,7893.9501953125,7787.9501953125,7892.7998046875,136300,-0.009252056260723118,-0.009295122372462671,0.19807284534911926,7823.9425048828125,8170.5859765625,-0.0192792754054959,-0.3269135802469135,-0.13345002692093932
2015-09-29,7843.2998046875,7843.2998046875,7926.5498046875,7691.2001953125,7725.7001953125,240700,0.006105879931557867,0.006087314580231289,0.19779783855457395,7816.009985351562,8155.25498046875,-0.019826465643079882,0.7659574468085106,-0.12815897683062383
2015-09-30,7948.89990234375,7948.89990234375,7957.7001953125,7874.5,7924.25,210700,0.013463733413981993,0.01337390276102144,0.20386662747350698,7814.889990234375,8142.163974609375,-0.002810068984054226,-0.12463647694225177,-0.11642074171529804
2015-10-01,7950.89990234375,7950.89990234375,8008.25,7930.64990234375,7992.0498046875,156900,0.00025160714370175974,0.0002515754959328041,0.184191775476156,7823.14248046875,8130.59296875,0.021198687698493535,-0.2553393450403417,-0.11619842686188686
2015-10-05,8119.2998046875,8119.2998046875,8128.89990234375,8005.10009765625,8005.10009765625,183100,0.02117998017986733,0.02095880198216427,0.19309466304374084,7843.257470703125,8120.30896484375,0.05213163207042881,0.16698534098151696,-0.09747952705988605
2015-10-06,8152.89990234375,8152.89990234375,8180.9501953125,8096.5,8180.4501953125,178500,0.004138299910646515,0.004129760698013392,0.18874432943082947,7859.752465820313,8111.570966796875,0.04217051033411101,-0.025122883670125606,-0.09374462666736139
2015-10-07,8177.39990234375,8177.39990234375,8188.89990234375,8132.89990234375,8146.2001953125,193900,0.0030050657181448504,0.003000559533489925,0.1665497873855464,7885.869970703125,8104.68796875,0.06823601556927739,0.08627450980392148,-0.09102126971307489
2015-10-08,8129.35009765625,8129.35009765625,8196.75,8105.85009765625,8196.75,171700,-0.005875926976951273,-0.00589325816039762,0.1595427879121649,7914.397485351563,8100.054970703125,0.07548159862825443,-0.1144920061887571,-0.09636236235584272
2015-10-09,8189.7001953125,8189.7001953125,8232.2001953125,8139.64990234375,8186.35009765625,199700,0.00742372968703231,0.007396309429230271,0.1523784729022102,7939.469995117188,8097.108974609375,0.06522293048645667,0.16307513104251603,-0.08965400079894403
2015-10-12,8143.60009765625,8143.60009765625,8244.5,8128.2001953125,8231.5,199100,-0.005629033610123568,-0.005644936325841478,0.14642560413364303,7955.719995117188,8092.47998046875,0.04156754354240788,-0.003004506760140191,-0.09477836902528836
2015-10-13,8131.7001953125,8131.7001953125,8150.25,8088.60009765625,8121.9501953125,145900,-0.0014612581906097155,-0.0014623268695636497,0.14536193108387663,7972.9,8086.67798828125,0.044118603169937876,-0.2672024108488197,-0.09610113154786715
2015-10-14,8107.89990234375,8107.89990234375,8139.2998046875,8096.35009765625,8102.39990234375,138900,-0.002926853228365389,-0.002931144839264699,0.14633549404454946,7988.830004882812,8078.178994140625,0.04090227692411075,-0.04797806716929409,-0.09874671086911213
2015-10-15,8179.5,8179.5,8190.5498046875,8129.7998046875,8134.35009765625,167200,0.008830905477206663,0.008792141080753622,0.14506782349543124,8004.1925048828125,8070.907998046875,0.03902950236590552,0.20374370050395973,-0.09078782826177578
2015-10-16,8238.150390625,8238.150390625,8246.400390625,8147.64990234375,8193.650390625,156400,0.007170412693318751,0.007144827515608405,0.14343347017974178,8024.64501953125,8065.332998046875,0.05224742152564943,-0.06459330143540665,-0.08426840176462413
2015-10-19,8275.0498046875,8275.0498046875,8283.0498046875,8239.2001953125,8262.5498046875,124500,0.004479089639404021,0.00446908837067067,0.14167724118055727,8043.440014648438,8059.474990234375,0.047587386869594184,-0.20396419437340152,-0.08016675785049321
2015-10-20,8261.650390625,8261.650390625,8294.0498046875,8229.2001953125,8280.2998046875,155100,-0.0016192547934769097,-0.0016205672034621203,0.13897188238900254,8057.4275390625,8052.934990234375,0.035048107806902706,0.24578313253012052,-0.08165620223704317
2015-10-21,8251.7001953125,8251.7001953125,8294.400390625,8217.150390625,8258.349609375,144800,-0.001204383487806604,-0.0012051093404612868,0.13912218702526788,8071.157543945313,8046.677001953125,0.034423549196396674,-0.06640876853642808,-0.08276224034319857
2015-10-23,8295.4501953125,8295.4501953125,8328.099609375,8280.75,8308.25,152000,0.005301937657024025,0.005287931868963474,0.11087471564501782,8095.330053710937,8042.074013671875,0.06188558567748337,0.04972375690607733,-0.07789910292482982
2015-10-26,8260.5498046875,8260.5498046875,8336.2998046875,8252.0498046875,8333.650390625,133900,-0.004207172582956553,-0.004216047634858218,0.11363168139357109,8116.060034179687,8038.038017578125,0.05284249823847964,-0.11907894736842106,-0.08177854053772404
2015-10-27,8232.900390625,8232.900390625,8241.9501953125,8217.0498046875,8230.349609375,156700,-0.0033471638954116756,-0.003352778179937369,0.11554792063401063,8134.280053710938,8035.707021484375,0.04631129066848838,0.17027632561613149,-0.08485197825482838
2015-10-28,8171.2001953125,8171.2001953125,8209.099609375,8131.7998046875,8188.89990234375,188900,-0.007494344931314734,-0.007522568634822207,0.11334650306488556,8153.0550537109375,8032.014033203125,0.04816757835630803,0.20548819400127627,-0.09171041319299711
2015-10-29,8111.75,8111.75,8179.60009765625,8098.0,8175.4501953125,217500,-0.00727557689096936,-0.0073021729802976425,0.1173870233843203,8166.477563476563,8023.878037109375,0.03422669055083971,0.15140285865537328,-0.0983187439210782
2015-10-30,8065.7998046875,8065.7998046875,8146.10009765625,8044.39990234375,8123.5498046875,199500,-0.005664646384873739,-0.005680751342262694,0.11155807107438809,8172.32255859375,8015.648037109375,0.014706425263863565,-0.08275862068965523,-0.1034264493886341
2015-11-02,8050.7998046875,8050.7998046875,8060.7001953125,7995.60009765625,8054.5498046875,136100,-0.0018597039801661053,-0.0018614353765358403,0.11192977220913153,8177.317553710937,8007.333037109375,0.012564603198475854,-0.31779448621553885,-0.10509381078921776
2015-11-03,8060.7001953125,8060.7001953125,8100.35009765625,8031.75,8086.35009765625,132500,0.0012297400090901522,0.0012289844981697455,0.08240617720408128,8174.3875732421875,7998.644033203125,-0.007217323018564814,-0.02645113886847905,-0.10399330884396274
2015-11-04,8040.2001953125,8040.2001953125,8116.10009765625,8027.2998046875,8104.89990234375,122100,-0.0025432033822472278,-0.0025464428174963505,0.08097457445406885,8168.752587890625,7991.993037109375,-0.013823266369166642,-0.07849056603773585,-0.10627203609142699
2015-11-05,7955.4501953125,7955.4501953125,8031.2001953125,7944.10009765625,8030.35009765625,132100,-0.010540782311541208,-0.010596729858654794,0.08690890077936961,8157.655102539063,7985.103037109375,-0.027141843334289706,0.08190008190008191,-0.11569262800472424
2015-11-06,7954.2998046875,7954.2998046875,8002.64990234375,7926.14990234375,7956.5498046875,219500,-0.00014460408861305396,-0.00014461454479229208,0.08532694081768627,8148.902587890625,7988.009033203125,-0.02153312268089158,0.6616199848599547,-0.11582050246630538
2015-11-09,7915.2001953125,7915.2001953125,7937.75,7771.7001953125,7788.25,211800,-0.004915531264230055,-0.004927652224989373,0.08012889116964919,8135.177587890625,7988.699033203125,-0.03351771047212626,-0.035079726651480625,-0.12016671442962346
2015-11-10,7783.35009765625,7783.35009765625,7885.10009765625,7772.85009765625,7877.60009765625,165200,-0.01665783484975325,-0.016798136847989233,0.09567527989454229,8117.165087890625,7988.529033203125,-0.0442371918660005,-0.22001888574126538,-0.13482283199597056
2015-11-13,7762.25,7762.25,7775.10009765625,7730.89990234375,7762.4501953125,160900,-0.002710927478722036,-0.0027146086971354118,0.09563966541984809,8098.692578125,7984.795029296875,-0.04543332715653592,-0.026029055690072633,-0.13716826455467557
2015-11-16,7806.60009765625,7806.60009765625,7838.85009765625,7714.14990234375,7732.9501953125,149500,0.005713562131630656,0.005697301642988936,0.09973092008840273,8083.627587890625,7980.88802734375,-0.03716126349813509,-0.07085146053449343,-0.13223842182506595
2015-11-17,7837.5498046875,7837.5498046875,7860.4501953125,7793.0,7848.75,145000,0.00396455648349936,0.0039567183391247835,0.09418206455400238,8066.530078125,7978.21302734375,-0.04180575772510542,-0.030100334448160515,-0.1287981320341809
2015-11-18,7731.7998046875,7731.7998046875,7843.39990234375,7725.0498046875,7823.14990234375,143600,-0.01349273722468125,-0.013584591382027576,0.09582126645242706,8041.212548828125,7977.132021484375,-0.06146411050151812,-0.0096551724137931,-0.1405530299082951
2015-11-19,7842.75,7842.75,7854.89990234375,7765.4501953125,7788.5,132600,0.014349853606560714,0.014247868942778304,0.11121406950816054,8019.59755859375,7979.647021484375,-0.05224135381549233,-0.07660167130919215,-0.12822009170487703
2015-11-20,7856.5498046875,7856.5498046875,7906.9501953125,7817.7998046875,7841.89990234375,151900,0.0017595619760288894,0.0017580157603643014,0.11228353436767406,7999.342529296875,7980.318017578125,-0.049033857254138,0.145550527903469,-0.126686140926775
2015-11-23,7849.25,7849.25,7877.5,7825.2001953125,7869.5,127000,-0.0009291361817810317,-0.0009295680963622142,0.11233038040514877,7979.22001953125,7984.202021484375,-0.04877179075666338,-0.16392363396971688,-0.1274975684312908
2015-11-24,7831.60009765625,7831.60009765625,7870.35009765625,7812.64990234375,7837.0,130600,-0.002248610038379506,-0.0022511419581774496,0.10852094339374208,7956.027514648437,7989.65802734375,-0.055916205478318326,0.02834645669291347,-0.12945948615742675
2015-11-26,7883.7998046875,7883.7998046875,7897.10009765625,7832.0,7837.14990234375,219800,0.006665267171503286,0.006643152490718722,0.11347643582655419,7937.190014648438,7993.5690234375,-0.045608344348485264,0.6830015313935682,-0.12365710104904826
2015-11-27,7942.7001953125,7942.7001953125,7959.2998046875,7879.4501953125,7910.60009765625,150300,0.0074710662477730505,0.007443296061827621,0.11854853842004365,7922.680004882813,7996.051025390625,-0.03524884081470947,-0.316196542311192,-0.11710988519522025
2015-11-30,7935.25,7935.25,7966.0,7922.7998046875,7936.25,216300,-0.0009379927643368147,-0.000938432954834984,0.11661693704666538,7910.882495117187,7998.9940234375,-0.028875830927243107,0.439121756487026,-0.11793802973461165
2015-12-01,7954.89990234375,7954.89990234375,7972.14990234375,7934.14990234375,7958.14990234375,138600,0.0024762801857218797,0.0024732192560477395,0.11528203564415124,7903.039990234375,8002.306025390625,-0.019336160218972442,-0.35922330097087374,-0.11575379715506462
2015-12-02,7931.35009765625,7931.35009765625,7979.2998046875,7910.7998046875,7976.7001953125,126300,-0.00296041496142041,-0.0029648056574549755,0.11421015987600414,7896.3175048828125,8003.48802734375,-0.016669110353211836,-0.08874458874458879,-0.11837153284354596
2015-12-03,7864.14990234375,7864.14990234375,7912.2998046875,7853.2998046875,7902.2998046875,125700,-0.008472730932953976,-0.008508828559286395,0.11739145307054516,7886.985009765625,8004.1890234375,-0.023184019833045078,-0.004750593824228044,-0.1258413336285953
2015-12-04,7781.89990234375,7781.89990234375,7821.39990234375,7775.7001953125,7817.60009765625,152500,-0.010458854551524621,-0.010513932743920033,0.1215322245346761,7873.044995117188,8001.8440234375,-0.03458760234388558,0.213206046141607,-0.13498403197512854
2015-12-07,7765.39990234375,7765.39990234375,7825.39990234375,7746.0498046875,7816.5498046875,137600,-0.0021203048364873966,-0.0021225558652615325,0.12150515476133143,7859.30498046875,7997.5140234375,-0.03417828988001581,-0.09770491803278691,-0.13681812951577044
2015-12-08,7701.7001953125,7701.7001953125,7771.25,7685.4501953125,7738.5,135100,-0.00820301695113268,-0.008236846826399094,0.11949550262628535,7846.61748046875,7992.006025390625,-0.03189637214365493,-0.018168604651162767,-0.14389882503126306
2015-12-09,7612.5,7612.5,7702.85009765625,7606.89990234375,7695.5,140000,-0.011581883616657795,-0.011649476035916928,0.12448464759825636,7829.527490234375,7988.016025390625,-0.04297044530381866,0.03626943005181338,-0.15381408920383488
2015-12-10,7683.2998046875,7683.2998046875,7691.9501953125,7610.0,7643.2998046875,140800,0.00930046695402309,0.009257483913935133,0.13039911748121863,7817.932470703125,7984.763017578125,-0.029298108058256722,0.005714285714285783,-0.14594416510351538
2015-12-11,7610.4501953125,7610.4501953125,7703.0498046875,7575.2998046875,7699.60009765625,167800,-0.00948155235730297,-0.009526788440796045,0.12131298205073819,7809.2874755859375,7979.602021484375,-0.022214072369147853,0.19176136363636354,-0.15404194021814643
2015-12-14,7650.0498046875,7650.0498046875,7663.9501953125,7551.0498046875,7558.2001953125,148900,0.005203320218742258,0.0051898297247641055,0.1231682398292479,7803.677465820312,7976.689013671875,-0.014454596967696243,-0.11263408820023835,-0.14964014954147564
2015-12-15,7700.89990234375,7700.89990234375,7705.0,7625.10009765625,7659.14990234375,134300,0.006647028314128445,0.006625034231155874,0.12385226046705347,7798.3924560546875,7973.841015625,-0.013539850125566688,-0.09805238415043649,-0.1439877835382798
2015-12-16,7750.89990234375,7750.89990234375,7776.60009765625,7715.75,7725.25,154300,0.006492747683265243,0.006471760590641962,0.12541343072392286,7794.0599609375,7969.881015625,-0.011055738655966985,0.14892032762472085,-0.13842991220300127
2015-12-17,7844.35009765625,7844.35009765625,7852.89990234375,7737.5498046875,7783.0498046875,175900,0.012056689737954374,0.011984586823973591,0.12300154466447105,7799.687475585937,7967.75001953125,0.014556803824707698,0.13998703823720016,-0.12804222896693063
2015-12-18,7761.9501953125,7761.9501953125,7836.14990234375,7753.35009765625,7828.89990234375,191400,-0.010504363180879661,-0.010559923429662535,0.11825109276747486,7795.647485351563,7960.60302734375,-0.01030248378279297,0.08811824900511644,-0.1372015900722523
2015-12-21,7834.4501953125,7834.4501953125,7840.75,7733.4501953125,7745.64990234375,126300,0.009340436124388285,0.009297083993681328,0.12310401842642951,7794.542504882813,7954.234033203125,-0.0028128898720676254,-0.34012539184952983,-0.12914267663609835
2015-12-22,7786.10009765625,7786.10009765625,7846.2998046875,7776.85009765625,7829.39990234375,125700,-0.006171472975241898,-0.006190595230165718,0.12495366492087057,7791.385009765625,7946.408037109375,-0.008045342210243,-0.004750593824228044,-0.1345171490725302
2015-12-23,7865.9501953125,7865.9501953125,7871.4501953125,7826.10009765625,7830.4501953125,117900,0.01025546764808305,0.010203237135106905,0.13022116167405814,7793.102514648437,7941.1400390625,0.004386089333970222,-0.06205250596658707,-0.1256412176948729
2015-12-24,7861.0498046875,7861.0498046875,7888.75,7835.5,7888.75,93500,-0.0006229877514251081,-0.0006231818889286995,0.12800212056887728,7791.965014648437,7934.56703125,-0.002885664345062877,-0.2069550466497031,-0.12618593250659993
2015-12-28,7925.14990234375,7925.14990234375,7937.2001953125,7863.0,7863.2001953125,122900,0.008154139618607559,0.008121074246974173,0.1285564141527954,7791.0875,7930.19802734375,-0.0022096129196853553,0.3144385026737968,-0.11906073059955535
2015-12-29,7928.9501953125,7928.9501953125,7942.14990234375,7902.75,7929.2001953125,113000,0.0004795231655652099,0.0004794082310730862,0.1285338332632734,7790.772509765625,7926.14302734375,-0.0007939012239690513,-0.080553295362083,-0.1186382998124218
2015-12-30,7896.25,7896.25,7944.75,7889.85009765625,7938.60009765625,106800,-0.004124151937772491,-0.004132679706995248,0.12895907374805232,7787.840014648437,7921.910029296875,-0.007372802054551264,-0.05486725663716818,-0.12227316937612898
2015-12-31,7946.35009765625,7946.35009765625,7955.5498046875,7891.14990234375,7897.7998046875,150900,0.006344796283837217,0.006324752800432643,0.13068422329415938,7788.590014648437,7917.24703125,0.0018912290865122916,0.4129213483146068,-0.1167041714429623
2016-01-04,7791.2998046875,7791.2998046875,7937.5498046875,7781.10009765625,7924.5498046875,134700,-0.01951213966956744,-0.019705014523420224,0.14564669193491808,7784.947509765625,7908.31001953125,-0.009263569306396158,-0.10735586481113324,-0.13393916301931363
2016-01-05,7784.64990234375,7784.64990234375,7831.2001953125,7763.25,7828.39990234375,145200,-0.0008535035886758635,-0.0008538680302466864,0.14076164069297284,7785.085009765625,7898.502021484375,0.0003533841394145476,0.07795100222717144,-0.13467834905168818
2016-01-06,7741.0,7741.0,7800.9501953125,7721.2001953125,7788.0498046875,147100,-0.005607176031205752,-0.005622955254962513,0.14201038731251253,7783.865014648438,7888.089013671875,-0.003142130817549438,0.013085399449035862,-0.139530359872169
2016-01-07,7568.2998046875,7568.2998046875,7674.9501953125,7556.60009765625,7673.35009765625,188900,-0.022309804329221028,-0.022562432473354942,0.16069536453470037,7777.194995117187,7874.421005859375,-0.017320901520704757,0.2841604350781781,-0.15872726917465607
2016-01-08,7601.35009765625,7601.35009765625,7634.10009765625,7581.0498046875,7611.64990234375,157400,0.004366937597831466,0.004357430194614917,0.1564478082357947,7776.6375,7860.53900390625,-0.0014646833949096827,-0.16675489677077815,-0.1550534836563846
2016-01-11,7563.85009765625,7563.85009765625,7605.10009765625,7494.35009765625,7527.4501953125,189000,-0.00493333414699082,-0.00494554321070581,0.1533044637911692,7770.665014648437,7846.605009765625,-0.015546667456393548,0.20076238881829722,-0.15922188715784358
2016-01-12,7510.2998046875,7510.2998046875,7588.2998046875,7487.7998046875,7587.2001953125,163900,-0.007079766557687717,-0.007104947023205757,0.15170519674939206,7765.657495117188,7832.152998046875,-0.013159588205003403,-0.1328042328042328,-0.1651743999235793
2016-01-13,7562.39990234375,7562.39990234375,7590.9501953125,7425.7998046875,7557.89990234375,215200,0.006937152844914696,0.00691320150571891,0.15270697228389232,7761.275,7819.9769921875,-0.01145742898170976,0.3129957291031116,-0.15938308713700156
2016-01-14,7536.7998046875,7536.7998046875,7604.7998046875,7443.7998046875,7467.39990234375,200800,-0.003385181686611949,-0.0033909243778356985,0.15056619567332383,7753.069995117187,7808.47798828125,-0.02130921057762436,-0.06691449814126393,-0.16222872811588163
2016-01-15,7437.7998046875,7437.7998046875,7566.5,7427.2998046875,7561.64990234375,197500,-0.013135548583687595,-0.013222582904531205,0.15366751971166898,7737.414990234375,7795.91798828125,-0.04039532204016383,-0.016434262948207157,-0.17323331335973324
2016-01-18,7351.0,7351.0,7463.64990234375,7336.39990234375,7420.35009765625,233600,-0.01167009155487031,-0.01173872154132596,0.14787060777426422,7712.747485351562,7781.9219921875,-0.06289241192889317,0.18278481012658232,-0.18288175628734193
2016-01-19,7435.10009765625,7435.10009765625,7462.75,7364.14990234375,7381.7998046875,188300,0.011440633608522655,0.011375684463334866,0.15386290233160352,7696.40498046875,7769.409990234375,-0.042109275302183335,-0.19392123287671237,-0.17353340584618593
2016-01-20,7309.2998046875,7309.2998046875,7470.89990234375,7241.5,7357.0,225600,-0.01691978471256972,-0.017064559633827973,0.15628355456438486,7670.1474609375,7754.791982421875,-0.06703091825629415,0.19808815719596384,-0.18751704269139924
2016-01-21,7276.7998046875,7276.7998046875,7398.7001953125,7250.0,7376.64990234375,240700,-0.004446390334017725,-0.004456304927870771,0.15600400465490652,7644.682446289063,7741.218974609375,-0.0654114751391468,0.06693262411347511,-0.19112965905933033
2016-01-22,7422.4501953125,7422.4501953125,7433.39990234375,7327.60009765625,7355.7001953125,229200,0.020015720445019758,0.019818039378412727,0.17019698482299023,7622.5074462890625,7730.581982421875,-0.05638225376309802,-0.047777316161196515,-0.1749395364387939
2016-01-25,7436.14990234375,7436.14990234375,7487.14990234375,7421.2001953125,7468.75,163200,0.0018457122204607046,0.0018440109866640082,0.17085909283836215,7601.262451171875,7721.0009765625,-0.054051292499175396,-0.2879581151832461,-0.17341671225858002
2016-01-27,7437.75,7437.75,7477.89990234375,7419.7001953125,7469.60009765625,187600,0.00021517824106065397,0.00021515509354344282,0.16641695644740817,7576.8924560546875,7714.088974609375,-0.06150040167689552,0.14950980392156854,-0.17323884952063362
2016-01-28,7424.64990234375,7424.64990234375,7468.85009765625,7409.60009765625,7426.5,274500,-0.001761298464757477,-0.0017628513745914778,0.16595382904757947,7551.67744140625,7707.33697265625,-0.06360240391809835,0.4632196162046909,-0.17469502266569403
2016-01-29,7563.5498046875,7563.5498046875,7575.64990234375,7402.7998046875,7413.35009765625,298700,0.018707939656508632,0.018535098493895702,0.18304551079344358,7535.042431640625,7702.475966796875,-0.04213394906601231,0.08816029143897985,-0.1592552669515076
2016-02-01,7555.9501953125,7555.9501953125,7600.4501953125,7541.25,7589.5,200400,-0.0010047675458274563,-0.001005272663116682,0.1803728607249845,7515.522436523437,7696.843974609375,-0.04912946164540333,-0.3290927351858052,-0.16010001997360013
2016-02-02,7455.5498046875,7455.5498046875,7576.2998046875,7428.0498046875,7566.64990234375,230200,-0.013287592960483763,-0.013376662920665904,0.17364899244567933,7498.734936523438,7691.318974609375,-0.04309293807408132,0.14870259481037928,-0.17126026903570934
2016-02-03,7361.7998046875,7361.7998046875,7419.39990234375,7350.2998046875,7392.4501953125,192000,-0.01257452534768888,-0.012654253761286621,0.17744401097825566,7477.592431640625,7681.699970703125,-0.054318447580917084,-0.1659426585577759,-0.18168127778935672
2016-02-04,7404.0,7404.0,7457.0498046875,7365.9501953125,7411.4501953125,222700,0.005732320415128722,0.00571595318480905,0.1795968198760158,7460.742431640625,7672.648974609375,-0.04353442707660504,0.15989583333333335,-0.1769904126719466
2016-02-05,7489.10009765625,7489.10009765625,7503.14990234375,7406.64990234375,7418.25,249800,0.011493800331746407,0.011428248424226505,0.16874806947861265,7456.782446289062,7665.4459765625,-0.010464663012186293,0.1216883700044904,-0.16753090480408506
2016-02-08,7387.25,7387.25,7512.5498046875,7363.2001953125,7489.7001953125,171500,-0.013599777854234385,-0.013693101923425259,0.1739051865634404,7446.07744140625,7656.558974609375,-0.02816606193711091,-0.31345076060848676,-0.17885229956926496
2016-02-09,7298.2001953125,7298.2001953125,7323.4501953125,7275.14990234375,7303.9501953125,212100,-0.012054527014450533,-0.012127772043135017,0.1776598845788093,7432.794946289063,7644.846982421875,-0.035120989828455906,0.23673469387755097,-0.18875084670696118
2016-02-10,7215.7001953125,7215.7001953125,7271.85009765625,7177.75,7264.2998046875,246900,-0.011304156886925099,-0.011368534484495037,0.17998181536781224,7418.064965820313,7630.306982421875,-0.039226078457098024,0.16407355021216397,-0.1979213344101709
2016-02-11,6976.35009765625,6976.35009765625,7208.64990234375,6959.9501953125,7203.60009765625,292300,-0.03317073758299127,-0.03373336331978199,0.2088045540796607,7388.762475585938,7611.128984375,-0.07749521478041255,0.18388011340623733,-0.22452687534736693
2016-02-12,6980.9501953125,6980.9501953125,7034.7998046875,6869.0,7023.64990234375,333900,0.0006593845767279838,0.0006591672782349067,0.20946364363926837,7360.969995117188,7591.649990234375,-0.07375140958756665,0.14231953472459802,-0.22401554032930393
2016-02-15,7162.9501953125,7162.9501953125,7182.7998046875,7056.7998046875,7057.35009765625,354200,0.02607094949942601,0.02573689591661371,0.2308542581247359,7347.227514648437,7576.2819921875,-0.03695307975374418,0.06079664570230614,-0.20378488866888977
2016-02-16,7048.25,7048.25,7204.64990234375,7037.7001953125,7201.25,253800,-0.016012982386442,-0.01614257549907488,0.2338576873426562,7332.090014648437,7559.963994140625,-0.041184872806420914,-0.28345567476002254,-0.21653466722245385
2016-02-17,7108.4501953125,7108.4501953125,7123.7001953125,6960.64990234375,7058.85009765625,260000,0.008541154940942874,0.008504885651830765,0.23187679298857294,7315.75751953125,7546.495,-0.0439334908815443,0.024428684003152012,-0.20984296842434347
2016-02-18,7191.75,7191.75,7215.10009765625,7127.85009765625,7177.39990234375,246700,0.011718419964794835,0.011650291007518507,0.22993280870056287,7309.880029296875,7535.022001953125,-0.01608222508702062,-0.051153846153846105,-0.2005835764902043
2016-02-19,7210.75,7210.75,7226.85009765625,7145.9501953125,7170.5498046875,192300,0.0026419160844022294,0.002638432358562314,0.22981996990157477,7306.5775390625,7525.202998046875,-0.009076765399668174,-0.22051074179164976,-0.1984715853827984
2016-02-22,7234.5498046875,7234.5498046875,7252.39990234375,7200.7001953125,7208.85009765625,154400,0.0033006004489823937,0.0032951654232690796,0.21764925210001054,7297.18251953125,7517.643994140625,-0.025315143339549095,-0.19708788351534057,-0.19582606033764072
2016-02-23,7109.5498046875,7109.5498046875,7241.7001953125,7090.7001953125,7240.2998046875,194400,-0.017278200216274464,-0.017429210300505937,0.22461825993280882,7280.852514648437,7506.168994140625,-0.043920590889824696,0.2590673575129534,-0.20972073867583718
2016-02-24,7018.7001953125,7018.7001953125,7090.7998046875,7009.75,7075.0,199700,-0.012778531956425754,-0.0128608796700014,0.22749542726413316,7259.9000244140625,7494.333994140625,-0.05634093706934218,0.027263374485596792,-0.2198193474711685
2016-02-25,6970.60009765625,6970.60009765625,7034.2001953125,6961.39990234375,7029.85009765625,283100,-0.006853134671341854,-0.006876725240095017,0.22788042848992504,7237.197534179688,7480.745,-0.061154372348811936,0.4176264396594893,-0.225166030550924
2016-02-26,7029.75,7029.75,7052.89990234375,6985.10009765625,7039.2998046875,206700,0.008485625558068977,0.008449825021575584,0.21773462523556078,7210.507543945312,7467.322001953125,-0.07057530107842724,-0.2698693041328153,-0.21859107961650692
2016-02-29,6987.0498046875,6987.0498046875,7094.60009765625,6825.7998046875,7050.4501953125,473400,-0.006074212498666354,-0.006092735574228962,0.2176609630718982,7182.062524414063,7452.045,-0.07529170731934287,1.2902757619738754,-0.22333752344726965
2016-03-01,7222.2998046875,7222.2998046875,7235.5,7035.10009765625,7038.25,275100,0.03366943224623564,0.03311502695088197,0.2508801707819116,7170.4000244140625,7439.603994140625,-0.03128541906505,-0.41888466413181247,-0.1971877388147839
2016-03-02,7368.85009765625,7368.85009765625,7380.35009765625,7308.14990234375,7321.7001953125,338500,0.020291361052837242,0.02008823459754814,0.25853160078953336,7170.7525390625,7431.7419921875,0.0009576860490365657,0.23046165030897847,-0.18089758536543
2016-03-03,7475.60009765625,7475.60009765625,7483.9501953125,7406.0498046875,7429.5498046875,278600,0.014486656477644022,0.014382727390574045,0.26284613889953523,7174.332543945313,7424.564990234375,0.00967046159592777,-0.17695716395864103,-0.16903153006461025
2016-03-04,7485.35009765625,7485.35009765625,7505.89990234375,7444.10009765625,7505.39990234375,281700,0.0013042431206367056,0.0013033933343828406,0.25969144768239905,7174.145043945313,7418.549990234375,-0.0005007277177632163,0.011127063890882916,-0.16794774515423094
2016-03-08,7485.2998046875,7485.2998046875,7527.14990234375,7442.14990234375,7486.39990234375,257000,-6.71885323921817e-06,-6.718875810813698e-06,0.2546324088045833,7179.047534179687,7410.936982421875,0.013272842355071202,-0.0876819311324104,-0.1679533355912186
2016-03-09,7531.7998046875,7531.7998046875,7539.0,7424.2998046875,7436.10009765625,245100,0.006212176026787919,0.006192960002448895,0.25070415729749423,7190.727514648437,7404.351982421875,0.032007837976962605,-0.04630350194552524,-0.1627845152494095
2016-03-10,7486.14990234375,7486.14990234375,7547.10009765625,7447.39990234375,7545.35009765625,224700,-0.006060955352974129,-0.006079397498643517,0.24776807751167215,7204.25,7395.571982421875,0.03748072948027148,-0.08323133414932682,-0.1678588409233014
2016-03-11,7510.2001953125,7510.2001953125,7543.9501953125,7460.60009765625,7484.85009765625,198700,0.0032126384433233124,0.0032074889464729544,0.20910531803702717,7230.9425048828125,7387.196982421875,0.07652283646653579,-0.11570983533600354,-0.16518547224538005
2016-03-14,7538.75,7538.75,7583.7001953125,7515.0498046875,7542.60009765625,166900,0.0038014705260878134,0.0037942631968658764,0.20879916321451394,7258.832495117187,7380.046982421875,0.07990313482855749,-0.1600402617010569,-0.16201194942337083
2016-03-15,7460.60009765625,7460.60009765625,7545.2001953125,7452.7998046875,7535.85009765625,193700,-0.010366427105786724,-0.010420532757604035,0.19766491604309094,7273.714990234375,7370.331982421875,0.04155409352678929,0.1605751947273817,-0.1706988914651938
2016-03-16,7498.75,7498.75,7508.0,7405.14990234375,7457.0498046875,195400,0.005113516586384925,0.005100486959710426,0.18577925829373618,7296.239990234375,7364.480986328125,0.06391657503635662,0.008776458440888035,-0.1664582464915937
2016-03-17,7512.5498046875,7512.5498046875,7585.2998046875,7479.39990234375,7557.39990234375,239600,0.0018402806717785491,0.0018385894298917032,0.18470985890050817,7316.444970703125,7359.038984375,0.056847779511977725,0.226202661207779,-0.16492429571349176
2016-03-18,7604.35009765625,7604.35009765625,7613.60009765625,7517.89990234375,7534.64990234375,237400,0.012219591930221929,0.012145535400108631,0.18503392826014908,7337.074975585938,7356.305986328125,0.05737130707494709,-0.00918196994991649,-0.1547200113762679
2016-03-21,7704.25,7704.25,7713.5498046875,7617.7001953125,7619.2001953125,196800,0.013137204502793765,0.013051659829120443,0.18857933900298143,7361.749975585937,7359.024990234375,0.06843948271677713,-0.17101937657961241,-0.14361539530359868
2016-03-22,7714.89990234375,7714.89990234375,7728.2001953125,7643.7998046875,7695.5498046875,208900,0.001382341219943628,0.0013813866658977931,0.18870364639216514,7385.76748046875,7361.295986328125,0.06639668128969345,0.06148373983739841,-0.1424315795644019
2016-03-23,7716.5,7716.5,7726.85009765625,7670.60009765625,7717.4501953125,199600,0.00020740355370829633,0.000207382048564695,0.17283104693012097,7416.114990234375,7364.348984375,0.08537111518823925,-0.044518908568693116,-0.1422537168264555
2016-03-28,7615.10009765625,7615.10009765625,7749.39990234375,7587.7001953125,7741.0,242400,-0.013140659929210097,-0.013227762297457975,0.17331270248921032,7445.934985351562,7366.444990234375,0.08497298441983037,0.21442885771543096,-0.15352506903918295
2016-03-29,7597.0,7597.0,7652.89990234375,7582.25,7606.5498046875,216800,-0.0023768693023248355,-0.0023796985402065656,0.17025084679799454,7477.25498046875,7367.1369921875,0.08986312420280229,-0.10561056105610556,-0.15553702931777125
2016-03-30,7735.2001953125,7735.2001953125,7741.9501953125,7643.4501953125,7651.10009765625,232600,0.01819141704784788,0.018027932915947852,0.17662097465092944,7512.527490234375,7371.105,0.10035210289306162,0.07287822878228778,-0.14017505123662632
2016-03-31,7738.39990234375,7738.39990234375,7777.60009765625,7702.0,7727.64990234375,380100,0.00041365536126503066,0.0004135698294723892,0.17277610985453745,7550.094995117188,7377.117001953125,0.10753467037721443,0.6341358555460017,-0.13981938003682093
2016-04-01,7713.0498046875,7713.0498046875,7740.14990234375,7666.10009765625,7718.0498046875,183900,-0.0032758836421172832,-0.0032812610960895605,0.13964918202224771,7574.632495117187,7384.357998046875,0.06794927007620033,-0.516179952644041,-0.14263723165902464
2016-04-04,7758.7998046875,7758.7998046875,7764.4501953125,7704.39990234375,7733.14990234375,155500,0.005931505845093277,0.005913983718554631,0.12536446717786545,7594.12998046875,7390.8319921875,0.05291866463062922,-0.15443175638934203,-0.13755177938724472
2016-04-05,7603.2001953125,7603.2001953125,7736.2998046875,7588.64990234375,7736.2998046875,203800,-0.02005459778469787,-0.020258420894693874,0.14138335142057393,7600.509985351562,7396.71,0.017068876878025607,0.31061093247588434,-0.15484783156176185
2016-04-06,7614.35009765625,7614.35009765625,7638.64990234375,7591.75,7636.0498046875,165600,0.0014664749128432408,0.0014654006885952725,0.14139146845562112,7606.959985351563,7403.461005859375,0.017233662863730403,-0.1874386653581943,-0.15360843710921213
2016-04-07,7546.4501953125,7546.4501953125,7630.75,7535.85009765625,7630.39990234375,234400,-0.00891736017820488,-0.008957357794121351,0.14562081773904206,7610.017504882812,7405.941005859375,0.00816939764880309,0.4154589371980677,-0.16115601552730308
2016-04-08,7555.2001953125,7555.2001953125,7569.35009765625,7526.7001953125,7542.35009765625,143400,0.0011594855559287076,0.001158813871706803,0.14405579676978975,7611.187524414063,7408.32201171875,0.0031068789972932276,-0.3882252559726962,-0.1601833880436293
2016-04-11,7671.39990234375,7671.39990234375,7678.7998046875,7516.85009765625,7577.7998046875,179800,0.015380096361092388,0.015263021567415073,0.15153146351991725,7620.450024414063,7412.995009765625,0.024745697376698628,0.25383542538354265,-0.14726692762609417
2016-04-12,7708.9501953125,7708.9501953125,7717.39990234375,7663.35009765625,7669.25,163400,0.004894842329530746,0.0048829015384887434,0.1519387472286613,7630.387524414063,7418.681015625,0.026464008259600158,-0.09121245828698554,-0.14309293368764764
2016-04-13,7850.4501953125,7850.4501953125,7864.7998046875,7772.2001953125,7777.14990234375,220400,0.018355287868643932,0.018188863004861715,0.16323685059919993,7645.9725341796875,7424.4190234375,0.04134640295970815,0.34883720930232553,-0.12736415780880928
2016-04-18,7914.7001953125,7914.7001953125,7920.60009765625,7842.75,7908.14990234375,184600,0.008184244011682829,0.008150934704248517,0.1576723487955221,7668.6775390625,7431.5940234375,0.06086643054342322,-0.16243194192377497,-0.12022229314297628
2016-04-20,7914.75,7914.75,7950.39990234375,7877.5498046875,7950.0498046875,205300,6.292681500319475e-06,6.292661701482301e-06,0.15778952722988024,7689.4775390625,7440.77802734375,0.055475912652108716,0.11213434452871063,-0.1202167569820759
2016-04-21,7912.0498046875,7912.0498046875,7978.4501953125,7884.10009765625,7953.64990234375,223700,-0.0003411598992387743,-0.00034121810751646184,0.15813661649847163,7709.4525390625,7451.78302734375,0.05317768406017476,0.08962493911349245,-0.12051690374461577
2016-04-22,7899.2998046875,7899.2998046875,7923.35009765625,7873.35009765625,7891.7998046875,183300,-0.0016114660947212922,-0.0016127659027939515,0.15461278253294297,7724.200024414063,7461.6890234375,0.03878697104202988,-0.18059901654000898,-0.12193416093511189
2016-04-25,7855.0498046875,7855.0498046875,7911.0,7827.0,7894.7998046875,146300,-0.005601762319964343,-0.005617511031739854,0.15091536053841687,7731.740014648438,7469.008017578125,0.019573586616153493,-0.20185488270594654,-0.12685287706683346
2016-04-26,7962.64990234375,7962.64990234375,7974.5,7822.5498046875,7828.14990234375,202400,0.013698206928241197,0.013605234565983467,0.1574541651940484,7744.127514648438,7480.516015625,0.03211318398631913,0.3834586466165413,-0.11489232709809638
2016-04-27,7979.89990234375,7979.89990234375,7991.0,7940.5498046875,7942.0,206800,0.0021663642394880167,0.002164021055994669,0.1573810299955533,7757.297509765625,7494.150009765625,0.03413463388113125,0.021739130434782705,-0.1129748614874253
2016-04-28,7847.25,7847.25,7992.0,7834.4501953125,7967.39990234375,292500,-0.016623003291656557,-0.016762715869970777,0.16224661180679215,7768.905004882812,7506.781005859375,0.03048546957579723,0.4144100580270793,-0.12771988328470196
2016-04-29,7849.7998046875,7849.7998046875,7889.0498046875,7788.7001953125,7844.25,243700,0.00032492971263820003,0.0003248769344116223,0.16167152488632025,7781.544995117188,7524.25,0.033276267564499085,-0.16683760683760684,-0.1274364535570377
2016-05-02,7805.89990234375,7805.89990234375,7829.7998046875,7777.2998046875,7822.7001953125,146300,-0.005592486870497626,-0.005608183374211703,0.15132723468741657,7785.07998046875,7540.748994140625,0.009139997058394744,-0.39967172753385305,-0.13231625373419476
2016-05-03,7747.0,7747.0,7890.25,7735.14990234375,7824.7998046875,186500,-0.0075455620851691,-0.007574173857563739,0.15398904287113246,7785.509985351562,7552.429990234375,0.0011113534793729674,0.2747778537252221,-0.13886341531193558
2016-05-04,7706.5498046875,7706.5498046875,7749.0,7697.25,7724.14990234375,199700,-0.0052214012278947175,-0.005235080380291306,0.15470508397143917,7785.184985351562,7565.595986328125,-0.0008427276064066902,0.0707774798927614,-0.14335975493261077
2016-05-05,7735.5,7735.5,7777.5498046875,7706.85009765625,7731.0,185100,0.003756570196288278,0.003749531907512104,0.15378790877500137,7784.019995117187,7578.136982421875,-0.0030030166100462052,-0.07310966449674516,-0.1401417257190496
2016-05-06,7733.4501953125,7733.4501953125,7738.89990234375,7678.35009765625,7717.64990234375,163600,-0.00026498670900398924,-0.00026502182418547155,0.13425002370813693,7790.532495117188,7588.970986328125,0.017130944425256756,-0.11615343057806593,-0.14036957673336115
2016-05-09,7866.0498046875,7866.0498046875,7873.64990234375,7753.5498046875,7755.25,160600,0.01714624210748439,0.017000904277695215,0.14600684962632626,7803.11748046875,7602.076982421875,0.033055967193933666,-0.01833740831295838,-0.12563014537307216
2016-05-10,7887.7998046875,7887.7998046875,7896.89990234375,7837.7001953125,7873.5498046875,162000,0.002765047328716186,0.0027612316174809364,0.1405646852650388,7820.1849609375,7615.141982421875,0.04523313618196667,0.008717310087173136,-0.1232124713422259
2016-05-11,7848.85009765625,7848.85009765625,7893.10009765625,7780.89990234375,7804.64990234375,214100,-0.00493796850778383,-0.004950200558543867,0.1428262285417315,7834.867456054688,7629.92798828125,0.038867256294008,0.32160493827160486,-0.12754202054675556
2016-05-12,7900.39990234375,7900.39990234375,7916.0498046875,7849.64990234375,7871.4501953125,152700,0.006567816182767139,0.006546342052207653,0.13516058321305008,7846.317456054688,7647.561982421875,0.029851135765981418,-0.286781877627277,-0.12181187691051831
2016-05-13,7814.89990234375,7814.89990234375,7881.0,7784.2001953125,7881.0,179500,-0.010822236982540034,-0.010881223351540733,0.14132489013530694,7851.61494140625,7664.447978515625,0.013743727011710893,0.17550753110674533,-0.13131583689384463
2016-05-16,7860.75,7860.75,7873.89990234375,7772.14990234375,7831.2001953125,205200,0.005867010227795566,0.005849866346159204,0.1271263647245748,7852.129931640625,7681.067978515625,0.0013120017873178291,0.14317548746518116,-0.12621925802417677
2016-05-17,7890.75,7890.75,7940.10009765625,7879.7001953125,7896.85009765625,183400,0.003816429729987636,0.0038091656381104887,0.12436813318336754,7850.932421875,7699.141982421875,-0.003026039486206278,-0.10623781676413258,-0.12288453522300957
2016-05-18,7870.14990234375,7870.14990234375,7882.0498046875,7810.75,7846.75,156400,-0.002610664088489645,-0.002614077814670393,0.1246714814991789,7848.702416992188,7712.098984375,-0.005635060823936278,-0.14721919302071973,-0.12517438906836187
2016-05-19,7783.39990234375,7783.39990234375,7876.2001953125,7766.7998046875,7875.5,170400,-0.011022661712474568,-0.011083861385826453,0.13043692653330077,7842.269921875,7720.38998046875,-0.01625999652675736,0.08951406649616378,-0.13481729583507018
2016-05-20,7749.7001953125,7749.7001953125,7812.39990234375,7735.75,7792.2001953125,157000,-0.0043296897826234915,-0.004339090032687426,0.13101450654561506,7834.78994140625,7725.871982421875,-0.018938337963350427,-0.07863849765258213,-0.1385632685493956
2016-05-23,7731.0498046875,7731.0498046875,7820.60009765625,7722.2001953125,7813.9501953125,172000,-0.0024065951139995434,-0.0024094956185153732,0.12999150794526296,7828.58994140625,7730.7859765625,-0.015786023396822113,0.09554140127388533,-0.14063639797832428
2016-05-24,7748.85009765625,7748.85009765625,7761.5498046875,7715.7998046875,7738.0498046875,147000,0.002302441895789764,0.0022997953380331686,0.11911988114772341,7817.899951171875,7736.056982421875,-0.026850333407797966,-0.14534883720930236,-0.13865776321731282
2016-05-25,7934.89990234375,7934.89990234375,7941.2001953125,7809.2998046875,7811.7998046875,176200,0.024009988881288802,0.023726281336622208,0.14853888291819486,7815.649951171875,7744.118984375,-0.005639168479642631,0.198639455782313,-0.11797694568917605
2016-05-26,8069.64990234375,8069.64990234375,8083.0,7948.5,7974.4501953125,264300,0.016981940750153468,0.016839359534278495,0.14697352881619039,7826.769946289062,7755.788984375,0.028341126170792208,0.5,-0.10299848244060028
2016-05-27,8156.64990234375,8156.64990234375,8164.2001953125,8077.0498046875,8081.9501953125,260900,0.010781136858828422,0.010723434761836886,0.1505583969775106,7842.112451171875,7768.717978515625,0.03909018131558151,-0.012864169504351097,-0.0933277863172155
2016-05-30,8178.5,8178.5,8200.0,8150.7998046875,8166.5,247400,0.0026788078338353394,0.002675226223002301,0.14791491406201043,7860.742456054688,7781.512978515625,0.04773313805169033,-0.051743963204292864,-0.09089898568848132
2016-05-31,8160.10009765625,8160.10009765625,8213.599609375,8134.2998046875,8209.849609375,471000,-0.0022497893677019265,-0.0022523239460265896,0.14435135252636394,7881.3974609375,7795.502978515625,0.053323879909158434,0.9037995149555376,-0.09294427148464635
2016-06-01,8179.9501953125,8179.9501953125,8215.349609375,8171.0498046875,8179.2001953125,194400,0.0024325801667495206,0.0024296262330994575,0.14136843462729953,7905.06748046875,7809.126982421875,0.061428317810527266,-0.5872611464968153,-0.09073778570932334
2016-06-02,8218.9501953125,8218.9501953125,8229.5,8154.75,8156.89990234375,181700,0.00476775519028827,0.004756425442880727,0.14148618846857905,7929.239990234375,7823.254990234375,0.06249760135899418,-0.06532921810699588,-0.08640264606780601
2016-06-03,8220.7998046875,8220.7998046875,8262.0,8209.849609375,8246.2001953125,379000,0.00022504204686080165,0.00022501672869773692,0.14134539614482836,7953.607470703125,7835.583984375,0.0630183937397566,1.0858558062740782,-0.08619704824927055
2016-06-06,8201.0498046875,8201.0498046875,8234.7001953125,8186.0498046875,8228.75,171600,-0.002402442641741276,-0.0024053331374929024,0.13245757627992702,7970.357470703125,7845.51998046875,0.042588085292870614,-0.5472295514511873,-0.08839240742670562
2016-06-07,8266.4501953125,8266.4501953125,8294.9501953125,8216.400390625,8235.5498046875,241900,0.007974636440766236,0.007943007071457264,0.13407549188674497,7989.289990234375,7856.550986328125,0.048004564010356576,0.40967365967365965,-0.08112266829929138
2016-06-08,8273.0498046875,8273.0498046875,8288.900390625,8252.0498046875,8285.5,174300,0.0007983607496653278,0.0007980422292402209,0.13145452584313932,8010.499975585937,7867.681982421875,0.054046096148265166,-0.2794543199669285,-0.08038907270390439
2016-06-09,8203.599609375,8203.599609375,8273.349609375,8184.60009765625,8273.349609375,174900,-0.0083947512649023,-0.008430185637149968,0.13620312796728296,8025.6599609375,7879.45197265625,0.03837776704712148,0.0034423407917383297,-0.08810897769904125
2016-06-10,8170.0498046875,8170.0498046875,8265.599609375,8162.85009765625,8180.25,182200,-0.004089644337244347,-0.004098029802836798,0.12974720057218295,8043.417456054687,7890.91296875,0.0454452272942405,0.04173813607775867,-0.09183828765457824
2016-06-13,8110.60009765625,8110.60009765625,8125.25,8063.89990234375,8102.25,169700,-0.007276541569812833,-0.007303144729646939,0.13322327598934466,8055.9099609375,7898.420966796875,0.03178451135785387,-0.06860592755214046,-0.09844656410657215
2016-06-14,8108.85009765625,8108.85009765625,8134.9501953125,8069.5,8134.39990234375,145500,-0.00021576701833758705,-0.00021579029938960387,0.13308984569162396,8066.814965820313,7905.829970703125,0.027639970554921955,-0.1426045963464938,-0.09864108960330698
2016-06-15,8206.599609375,8206.599609375,8213.2001953125,8123.14990234375,8139.39990234375,169800,0.012054669964487674,0.011982591110193301,0.1373225948280009,8083.637451171875,7915.700966796875,0.04275010148549452,0.1670103092783506,-0.08777550541892454
2016-06-16,8140.75,8140.75,8180.64990234375,8074.4501953125,8180.64990234375,189200,-0.008023982222768011,-0.008056347617289792,0.13384603339272932,8101.504956054688,7923.339970703125,0.04591182544130157,0.1142520612485276,-0.09509517854661664
2016-06-17,8170.2001953125,8170.2001953125,8195.25,8135.7998046875,8176.64990234375,166600,0.003617626792678852,0.0036110989197415846,0.1316159248815006,8122.529956054687,7934.679970703125,0.05426016354211294,-0.11945031712473575,-0.09182157061970264
2016-06-20,8238.5,8238.5,8244.150390625,8107.35009765625,8115.75,168600,0.008359624373303065,0.008324876233428225,0.1316671541859326,8147.9024658203125,7947.16296875,0.06563794156452363,0.01200480192076836,-0.08422954008614703
2016-06-21,8219.900390625,8219.900390625,8257.25,8202.150390625,8255.400390625,137000,-0.002257645126540031,-0.0022601974495153427,0.1330584379150475,8171.45498046875,7960.63197265625,0.060789702605193785,-0.18742586002372474,-0.08629702480200085
2016-06-22,8203.7001953125,8203.7001953125,8238.349609375,8153.25,8213.650390625,136100,-0.0019708505629796313,-0.001972795244488282,0.1089190513119719,8184.894995117187,7973.60197265625,0.033875700547823406,-0.006569343065693456,-0.08809779682506602
2016-06-23,8270.4501953125,8270.4501953125,8285.599609375,8188.2998046875,8201.150390625,154100,0.008136572328440339,0.00810364889252149,0.09648197086991041,8194.935009765624,7985.582978515625,0.024883395859643054,0.13225569434239537,-0.08067803859246914
2016-06-24,8088.60009765625,8088.60009765625,8100.7001953125,7927.0498046875,8029.10009765625,297600,-0.021987932139331257,-0.02223326969761141,0.12121845991988317,8191.53251953125,7993.1759765625,-0.008342862020833675,0.9312134977287476,-0.10089202749409476
2016-06-27,8094.7001953125,8094.7001953125,8120.64990234375,8039.35009765625,8039.35009765625,162500,0.0007541598771854119,0.0007538756415223447,0.12075898752669331,8187.342529296875,7998.0609765625,-0.010246353816408926,-0.4539650537634409,-0.1002139563359733
2016-06-28,8127.85009765625,8127.85009765625,8146.35009765625,8086.85009765625,8096.0498046875,170400,0.004095260052119798,0.004086897298664459,0.12164261095389348,8185.730029296875,8002.323974609375,-0.0039521574017532535,0.048615384615384505,-0.09652909849590108
2016-06-29,8204.0,8204.0,8212.400390625,8157.64990234375,8173.10009765625,147000,0.009369009200318468,0.009325392253691965,0.1260028498664299,8186.93251953125,8008.108974609375,0.0029400918236985873,-0.13732394366197187,-0.08806447130748918
2016-06-30,8287.75,8287.75,8308.150390625,8242.099609375,8260.25,279400,0.010208434909800168,0.010156680759383653,0.1300172841564783,8190.372509765625,8015.622978515625,0.00837087499650968,0.9006802721088436,-0.07875503682089757
2016-07-01,8328.349609375,8328.349609375,8356.75,8308.650390625,8313.0498046875,165500,0.00489874928358125,0.004886789454209853,0.13097558128598125,8195.75,8024.203974609375,0.013082644905934249,-0.40765926986399426,-0.07424208871752114
2016-07-04,8370.7001953125,8370.7001953125,8398.4501953125,8364.7001953125,8376.75,154200,0.005085111447510116,0.005072225932684971,0.1313510865436126,8204.23251953125,8034.516982421875,0.02068642364883977,-0.06827794561933531,-0.06953450656523552
2016-07-05,8335.9501953125,8335.9501953125,8381.4501953125,8319.9501953125,8379.2998046875,139000,-0.0041513850919495665,-0.00416002601386157,0.1299129902969746,8207.70751953125,8041.98298828125,0.008407478223168896,-0.09857328145265887,-0.07339722714325414
2016-07-07,8337.900390625,8337.900390625,8361.9501953125,8317.7001953125,8342.0,155500,0.00023394997172565546,0.0002339226096985007,0.1299065703769952,8210.950048828125,8049.142998046875,0.007838776203275888,0.11870503597122295,-0.07318044845074334
2016-07-08,8323.2001953125,8323.2001953125,8353.2998046875,8287.5498046875,8350.0,137900,-0.0017630571995113087,-0.0017646132140196943,0.12599974771574862,8216.930078125,8058.662001953125,0.014579037450928478,-0.11318327974276532,-0.07481448433375015
2016-07-11,8467.900390625,8467.900390625,8475.25,8407.0498046875,8413.349609375,149800,0.017385163388715874,0.01723577043083921,0.13741157985966213,8231.822607421875,8071.024013671875,0.03645639782594845,0.08629441624365475,-0.05872998297901899
2016-07-12,8521.0498046875,8521.0498046875,8526.599609375,8479.2001953125,8502.599609375,183600,0.006276575256050743,0.006256959594241648,0.13389491498808206,8252.345092773438,8085.32701171875,0.05060657683638703,0.22563417890520698,-0.05282203088092263
2016-07-13,8519.5,8519.5,8550.25,8493.5498046875,8540.4501953125,195500,-0.00018187954806314632,-0.0001818960901539572,0.13388595678448023,8272.877587890625,8100.77701171875,0.050642186919011234,0.06481481481481488,-0.052994303181881364
2016-07-14,8565.0,8565.0,8571.400390625,8500.7001953125,8515.75,153900,0.005340689007570898,0.005326478102926448,0.12963073787996643,8290.797607421875,8117.946015625,0.04367221598280158,-0.2127877237851662,-0.0479366402667778
2016-07-15,8541.400390625,8541.400390625,8594.7998046875,8510.0498046875,8565.4501953125,221700,-0.0027553542761237226,-0.0027591572520208334,0.12540068156737255,8310.830126953126,8134.0640234375,0.0492154151183859,0.4405458089668617,-0.05055991211615951
2016-07-18,8508.7001953125,8508.7001953125,8587.099609375,8494.349609375,8564.0498046875,164300,-0.003828434895569499,-0.0038357821106622886,0.12722130294146133,8327.755126953125,8149.5690234375,0.041431053328926826,-0.25890843482183135,-0.05419478167986658
2016-07-19,8528.5498046875,8528.5498046875,8540.0498046875,8476.7001953125,8514.2998046875,167900,0.0023328603569714446,0.0023301434628515147,0.12504811308925803,8342.2576171875,8162.8190234375,0.03520662798901508,0.021911138161899046,-0.05198835018063086
2016-07-20,8565.849609375,8565.849609375,8569.900390625,8512.5498046875,8515.4501953125,160300,0.004373522526303297,0.004363986470652139,0.12445388183257082,8359.555078125,8176.38001953125,0.04208678965800661,-0.045265038713519945,-0.047842199874947866
2016-07-21,8510.099609375,8510.099609375,8585.25,8503.4501953125,8582.7001953125,150000,-0.006508402848794281,-0.00652967485068765,0.1274285494603717,8374.875048828126,8189.605009765625,0.03734892874773421,-0.06425452276980659,-0.05403922641378356
2016-07-22,8541.2001953125,8541.2001953125,8548.9501953125,8489.7998046875,8519.650390625,143200,0.003654550165692383,0.0036478885225085054,0.1254873846221171,8388.412548828124,8202.421015625,0.032737032882859785,-0.04533333333333334,-0.05058216531193549
2016-07-25,8635.650390625,8635.650390625,8641.150390625,8517.2001953125,8519.9501953125,150000,0.011058187743255843,0.010997493024321226,0.09296722647530484,8415.765063476563,8218.836025390625,0.06763225853225996,0.04748603351955305,-0.040083324649159424
2016-07-26,8590.650390625,8590.650390625,8644.900390625,8577.150390625,8633.75,154800,-0.005210956669673972,-0.005224581055714631,0.09743008081259287,8440.562573242187,8233.434033203124,0.061268506967027125,0.03200000000000003,-0.04508540885091006
2016-07-27,8615.7998046875,8615.7998046875,8665.0,8572.0498046875,8599.400390625,184100,0.0029275331807177007,0.0029232563005614403,0.09734118643870825,8464.96005859375,8247.935029296876,0.06003428965452451,0.18927648578811374,-0.042289864700569724
2016-07-28,8666.2998046875,8666.2998046875,8674.7001953125,8625.25,8636.9501953125,233500,0.005861324676151858,0.005844213941164874,0.09505815574191634,8488.075048828125,8263.85802734375,0.05635053689511205,0.26833242802824553,-0.03667641465193827
2016-07-29,8638.5,8638.5,8670.349609375,8631.150390625,8668.2998046875,157000,-0.003207805558776422,-0.0032129615963578163,0.09305008990569073,8505.612548828125,8280.960029296875,0.04232149859732748,-0.3276231263383298,-0.03976656940391832
2016-08-01,8636.5498046875,8636.5498046875,8711.2998046875,8590.5,8654.2998046875,188400,-0.00022575624385023918,-0.00022578173062699604,0.09276852065904839,8521.02255859375,8298.697021484375,0.03700615485276537,0.19999999999999996,-0.03998334809642912
2016-08-02,8622.900390625,8622.900390625,8687.2001953125,8611.400390625,8647.4501953125,169400,-0.001580424402241265,-0.0015816745902789463,0.09267835917237097,8533.632568359375,8316.534033203125,0.030128924633297638,-0.10084925690021229,-0.04150058183965544
2016-08-03,8544.849609375,8544.849609375,8635.4501953125,8529.599609375,8635.2001953125,163000,-0.009051569392458547,-0.009092783738205783,0.09815496689978302,8544.0775390625,8332.4540234375,0.02506006024123919,-0.037780401416765086,-0.05017650583576494
2016-08-04,8551.099609375,8551.099609375,8601.400390625,8518.150390625,8599.9501953125,164700,0.0007314347572768831,0.0007311673892417124,0.09810338859271378,8554.7375,8344.778017578124,0.025569892750184176,0.010429447852760676,-0.049481771918855055
2016-08-05,8683.150390625,8683.150390625,8689.400390625,8590.150390625,8600.2001953125,157900,0.015442549763450941,0.015324527088340225,0.10923264734987512,8572.735009765625,8357.04802734375,0.043246610302034805,-0.041287188828172394,-0.03480334688064468
2016-08-08,8711.349609375,8711.349609375,8723.5,8697.599609375,8712.849609375,172600,0.0032475792173825013,0.003242317221417232,0.09373904752600239,8584.907470703125,8368.142021484375,0.028749655465896584,0.09309689677010757,-0.03166879428928715
2016-08-09,8678.25,8678.25,8728.349609375,8638.2001953125,8727.7998046875,200100,-0.003799596028080332,-0.0038068328301676924,0.09365435490497044,8592.76748046875,8378.137021484376,0.018448453995189906,0.1593279258400928,-0.03534806169237181
2016-08-10,8575.2998046875,8575.2998046875,8690.099609375,8564.599609375,8686.7001953125,173600,-0.011863013316336768,-0.0119339403558223,0.10417758576160374,8595.557470703125,8386.441015625,0.006549657220200622,-0.13243378310844578,-0.046791740482145294
2016-08-11,8592.150390625,8592.150390625,8601.150390625,8540.0498046875,8572.7998046875,189200,0.00196501420606765,0.001963086091088332,0.10271031141871385,8596.914990234374,8394.68501953125,0.0031699230151780444,0.08986175115207384,-0.044918672710851704
2016-08-16,8642.5498046875,8642.5498046875,8682.349609375,8600.4501953125,8670.25,224800,0.0058657509204553815,0.0058486143833095606,0.10400409288097874,8601.9724609375,8403.15701171875,0.01184225178970899,0.18816067653276947,-0.03931640353619559
2016-08-17,8624.0498046875,8624.0498046875,8667.099609375,8603.599609375,8639.7998046875,174100,-0.0021405719860551065,-0.0021428662849281455,0.10321955252268976,8607.73994140625,8411.22201171875,0.013556666321202337,-0.22553380782918153,-0.04137281593024866
2016-08-18,8673.25,8673.25,8690.7001953125,8645.0498046875,8648.849609375,164300,0.0057049989769026865,0.005688787100174632,0.10461369024056183,8614.974951171875,8420.666015625,0.016966565081553364,-0.056289488799540544,-0.0359038488258997
2016-08-19,8666.900390625,8666.900390625,8696.599609375,8647.099609375,8694.2998046875,191900,-0.0007320911278931863,-0.0007323592374647016,0.10389921281925961,8620.027490234375,8428.67501953125,0.011796936189424123,0.1679853925745587,-0.036609655064610225
2016-08-22,8629.150390625,8629.150390625,8684.849609375,8614.0,8667.0,152300,-0.0043556517669032235,-0.004365165253066113,0.10220322473252338,8625.980029296876,8435.79703125,0.013989352265495247,-0.20635747785304848,-0.04080584792274555
2016-08-23,8632.599609375,8632.599609375,8642.150390625,8580.0,8628.349609375,187500,0.0003997170745508871,0.0003996372089627608,0.10160697635005399,8630.55,8444.37703125,0.010701003602826331,0.2311227839789889,-0.04042244164235098
2016-08-24,8650.2998046875,8650.2998046875,8661.0498046875,8620.900390625,8648.5,149600,0.0020503899304304962,0.0020482907499330422,0.09406775099422882,8631.282470703125,8453.98203125,0.0016963880425733269,-0.2021333333333334,-0.03845493347922746
2016-08-25,8592.2001953125,8592.2001953125,8683.0498046875,8583.650390625,8668.849609375,213100,-0.006716485056797228,-0.006739142150229588,0.09534647863583467,8631.3599609375,8463.614033203125,0.00018040597824708904,0.4244652406417113,-0.04491313654995133
2016-08-26,8572.5498046875,8572.5498046875,8622.9501953125,8547.5498046875,8614.349609375,147500,-0.0022870033493540554,-0.0022896225356679534,0.09502825112717517,8629.1974609375,8472.88802734375,-0.005019847371159791,-0.3078366963866729,-0.04709742340558565
2016-08-29,8607.4501953125,8607.4501953125,8622.0,8543.75,8583.75,129700,0.004071179686342186,0.00406291485846204,0.09371399225430409,8626.25498046875,8480.9050390625,-0.006790626992060567,-0.1206779661016949,-0.04321798579269143
2016-08-30,8744.349609375,8744.349609375,8750.599609375,8642.25,8646.75,150200,0.015904758198549196,0.015779602831678955,0.10899676247280705,8631.5474609375,8492.97703125,0.012253239494703916,0.15805705474171172,-0.02800059920800335
2016-08-31,8786.2001953125,8786.2001953125,8819.2001953125,8754.0498046875,8754.0498046875,362200,0.00478601471887985,0.0047745981624819625,0.10993008406663363,8639.02998046875,8505.29703125,0.017327566448326115,1.411451398135819,-0.023348595769070446
2016-09-01,8774.650390625,8774.650390625,8813.25,8759.9501953125,8793.599609375,238900,-0.0013145392127147382,-0.0013154039773133465,0.10985571492397744,8646.61748046875,8516.0200390625,0.017598486950514358,-0.34041965764770843,-0.024632442337084948
2016-09-02,8809.650390625,8809.650390625,8824.099609375,8768.2001953125,8796.349609375,191500,0.0039887629069979,0.00398082888319566,0.1037594950932069,8659.85751953125,8527.8150390625,0.03098951922564841,-0.19840937630807864,-0.020741932402389862
2016-09-06,8943.0,8943.0,8950.849609375,8848.4501953125,8852.7001953125,195600,0.015136765190694401,0.015023347446829987,0.11418612769428158,8679.4525390625,8542.60103515625,0.04583040878103439,0.021409921671018184,-0.0059191329720716945
2016-09-07,8917.9501953125,8917.9501953125,8968.7001953125,8913.349609375,8968.7001953125,290100,-0.002801051625573092,-0.0028049819116828943,0.10434380793812298,8691.192529296875,8555.55103515625,0.027040854312624596,0.4831288343558282,-0.008703604800611386
2016-09-08,8952.5,8952.5,8960.349609375,8896.0,8915.5,217200,0.0038741867728371293,0.0038667014380895045,0.10451864780612925,8703.250048828126,8572.829033203125,0.02768232265244852,-0.2512926577042399,-0.004863137418368746
2016-09-09,8866.7001953125,8866.7001953125,8939.150390625,8858.7001953125,8934.2998046875,175900,-0.009583893290980194,-0.009630114351834806,0.11022868294206792,8712.67255859375,8588.269033203125,0.02171523006510534,-0.19014732965009207,-0.014400422919271905
2016-09-12,8715.599609375,8715.599609375,8746.9501953125,8699.400390625,8732.9501953125,184500,-0.017041355026008564,-0.01718822993969123,0.11962961328731075,8719.687548828126,8600.0240234375,0.016360921236923787,0.04889141557703236,-0.031196375225788553
2016-09-14,8726.599609375,8726.599609375,8739.849609375,8688.900390625,8710.650390625,184300,0.0012621047883116798,0.0012613090035687876,0.11956592728656681,8726.410009765625,8610.476015625,0.015647912645558426,-0.0010840108401084514,-0.02997364353202725
2016-09-15,8742.5498046875,8742.5498046875,8751.9501953125,8704.349609375,8743.849609375,145400,0.001827767518446155,0.0018260991839711186,0.11814678244161764,8731.410009765625,8619.57201171875,0.011570659384081639,-0.21106890938686929,-0.02820066086563844
2016-09-16,8779.849609375,8779.849609375,8847.650390625,8750.5,8780.849609375,265800,0.004266467508998506,0.0042573919410826295,0.11837794324257485,8739.2,8628.60201171875,0.01806573572926462,0.8280605226960109,-0.024054510559955555
2016-09-19,8808.400390625,8808.400390625,8824.2998046875,8774.2001953125,8788.4501953125,131700,0.003251853109136782,0.003246577269225301,0.1173795050125658,8745.95751953125,8637.356015625,0.015582439180814589,-0.5045146726862302,-0.02088087918577186
2016-09-20,8775.900390625,8775.900390625,8816.4501953125,8759.2998046875,8816.099609375,136500,-0.0036896597064991488,-0.0036964832905136196,0.1183512715310029,8751.40751953125,8646.15501953125,0.012576583909733818,0.036446469248291535,-0.02449349555370295
2016-09-21,8777.150390625,8777.150390625,8826.849609375,8757.2998046875,8790.2998046875,148800,0.0001424355273373923,0.00014242538436080372,0.11690326376606149,8758.80751953125,8654.94001953125,0.01715116706747777,0.09010989010989001,-0.02435454877032095
2016-09-22,8867.4501953125,8867.4501953125,8893.349609375,8837.7998046875,8873.349609375,172800,0.010288054854791007,0.01023549301709891,0.12152271208933389,8770.550048828125,8665.82501953125,0.027205082659278235,0.16129032258064524,-0.014317054849242727
2016-09-23,8831.5498046875,8831.5498046875,8885.2001953125,8820.2998046875,8880.75,185900,-0.00404855847332275,-0.004056776073300545,0.12297571920747769,8779.612548828125,8673.0980078125,0.020953031003825062,0.07581018518518512,-0.018307649888842592
2016-09-26,8723.0498046875,8723.0498046875,8809.5498046875,8715.099609375,8807.900390625,164000,-0.012285499419638857,-0.01236159001721051,0.12915520778336215,8786.155029296875,8677.1380078125,0.015228882754196649,-0.11780527165142551,-0.030368230686397157
2016-09-27,8706.400390625,8706.400390625,8768.5,8690.5,8748.900390625,151400,-0.0019086689214536934,-0.0019104927510736648,0.12904360586982444,8792.84755859375,8680.876015625,0.015613859235242833,-0.07682926829268288,-0.03221893670974019
2016-09-28,8745.150390625,8745.150390625,8767.0498046875,8703.150390625,8711.2001953125,165500,0.004450748674702076,0.004440873383603119,0.12917824774861597,8799.732568359375,8684.4790234375,0.015997791702296427,0.09313077939233816,-0.027911586424899215
2016-09-29,8591.25,8591.25,8800.650390625,8558.25,8792.7001953125,372900,-0.0175983698107679,-0.01775506219605918,0.13238503262573842,8792.077587890624,8685.476015625,-0.0175084044227668,1.2531722054380663,-0.045018757815756594
2016-09-30,8611.150390625,8611.150390625,8637.150390625,8555.2001953125,8581.5,181700,0.002316355667103087,0.002313677050935853,0.13127364332199656,8783.32509765625,8687.52501953125,-0.019923266121444683,-0.5127379994636632,-0.04280668160344592
2016-10-03,8738.099609375,8738.099609375,8745.2001953125,8635.0,8666.150390625,137300,0.014742422671912614,0.014634809521912494,0.1425044248548801,8781.49755859375,8691.716015625,-0.004165497156337072,-0.244358833241607,-0.028695333124913125
2016-10-04,8769.150390625,8769.150390625,8783.650390625,8736.099609375,8770.0,184300,0.0035534936242527237,0.0035471948830647004,0.14234356089545103,8779.47255859375,8695.78203125,-0.004597231241219135,0.3423160961398397,-0.025243808183965544
2016-10-05,8743.9501953125,8743.9501953125,8806.9501953125,8731.400390625,8806.349609375,157200,-0.0028737328235858284,-0.002877869921600413,0.13059906390204903,8769.520068359376,8700.45904296875,-0.022257609827518676,-0.14704286489419427,-0.028044997047380837
2016-10-06,8709.5498046875,8709.5498046875,8781.150390625,8684.650390625,8768.7001953125,163600,-0.003934193340149772,-0.00394195263650275,0.13085510137214287,8759.100048828124,8703.82603515625,-0.02336864257601934,0.040712468193384144,-0.03186885594692235
2016-10-07,8697.599609375,8697.599609375,8723.7001953125,8663.7998046875,8721.7001953125,150400,-0.0013720795655899343,-0.0013730217286708416,0.12948831273249786,8746.355029296876,8705.06501953125,-0.028472537349902294,-0.0806845965770171,-0.033197208906488807
2016-10-10,8708.7998046875,8708.7998046875,8745.7998046875,8703.9501953125,8735.349609375,108400,0.0012877340663539627,0.0012869056479532695,0.12608880949583134,8738.460009765626,8707.4280078125,-0.017808247391569165,-0.2792553191489362,-0.031952224016951525
2016-10-13,8573.349609375,8573.349609375,8681.5498046875,8541.349609375,8671.5,212300,-0.015553256286772621,-0.015675477121613476,0.12358620095124528,8731.347509765625,8706.57900390625,-0.01632130964884937,0.9584870848708487,-0.047008519174656094
2016-10-14,8583.400390625,8583.400390625,8604.4501953125,8549.7998046875,8594.0,162800,0.0011723284023095193,0.001171641761961016,0.12356655387279812,8724.187548828126,8704.921015625,-0.016409509449266002,-0.23316062176165808,-0.045891300194525475
2016-10-17,8520.400390625,8520.400390625,8615.400390625,8506.150390625,8612.9501953125,197400,-0.007339748483457642,-0.007366816969274471,0.1252456683956855,8713.080078125,8702.5590234375,-0.025410139950634347,0.21253071253071254,-0.052894218076976474
2016-10-18,8677.900390625,8677.900390625,8685.099609375,8555.900390625,8556.0498046875,216600,0.01848504680288232,0.018316274989203487,0.14228330977107442,8707.9826171875,8703.38603515625,-0.011611727226072288,0.09726443768996962,-0.03538692337084892
2016-10-19,8659.099609375,8659.099609375,8698.75,8636.7001953125,8697.5,172100,-0.002166512682066579,-0.0021688629658940845,0.14164672206035858,8700.517578125,8704.11001953125,-0.016949817745445017,-0.20544783010156975,-0.03747676983465331
2016-10-20,8699.400390625,8699.400390625,8727.0,8678.2998046875,8693.349609375,161000,0.004654153788272275,0.004643356702434108,0.14251841607570634,8696.692578125,8707.20103515625,-0.008717054273054692,-0.0644973852411389,-0.03299703869667914
2016-10-21,8693.0498046875,8693.0498046875,8709.099609375,8652.0498046875,8708.599609375,157300,-0.0007300027188475999,-0.0007302693005771827,0.14250496138910235,8692.487548828125,8710.0400390625,-0.009581764262274528,-0.02298136645962734,-0.03370295348756425
2016-10-24,8708.9501953125,8708.9501953125,8736.9501953125,8684.150390625,8709.849609375,157100,0.0018290923188344355,0.001827421566475664,0.13714293954470083,8684.562548828126,8710.55603515625,-0.017874360330073946,-0.0012714558169103496,-0.03193550698207581
2016-10-25,8691.2998046875,8691.2998046875,8722.650390625,8663.4501953125,8721.7001953125,189800,-0.0020266955521803798,-0.0020287520787162444,0.13671241041178686,8677.550048828125,8710.1550390625,-0.015880564918012485,0.2081476766390833,-0.03389747898429907
2016-10-26,8615.25,8615.25,8657.2998046875,8596.599609375,8657.2998046875,219300,-0.008750107164233856,-0.008788614143283245,0.13324935886531833,8672.16005859375,8708.8950390625,-0.012358040719837704,0.1554267650158061,-0.04235097957482281
2016-10-27,8615.25,8615.25,8624.849609375,8550.25,8607.099609375,242800,0.0,0.0,0.1331768379807554,8667.6025390625,8709.69404296875,-0.010469354329620595,0.10715914272685811,-0.04235097957482281
2016-10-28,8638.0,8638.0,8653.75,8581.75,8625.0,175500,0.0026406662604103737,0.0026371858270232084,0.13243643669568567,8662.24501953125,8710.61103515625,-0.012252549794897538,-0.2771828665568369,-0.03982214811727114
2016-11-01,8626.25,8626.25,8669.599609375,8614.5,8653.150390625,165000,-0.0013602685806899384,-0.001361194585834806,0.11607198427945306,8663.99501953125,8710.2850390625,0.004073912410883063,-0.05982905982905984,-0.04112824788106151
2016-11-02,8514.0,8514.0,8549.5,8504.849609375,8542.7998046875,155300,-0.013012606868569754,-0.013098012546713908,0.1249107593553491,8659.1375,8708.08404296875,-0.011281929384344247,-0.05878787878787883,-0.05360566902876196
2016-11-03,8484.9501953125,8484.9501953125,8537.650390625,8476.150390625,8499.849609375,170500,-0.003412004309079175,-0.003417838470350909,0.1114862086884465,8646.480029296876,8704.318046875,-0.028970763138348676,0.09787508048937532,-0.05683477056412389
2016-11-04,8433.75,8433.75,8504.0,8400.25,8503.599609375,224800,-0.00603423639902867,-0.006052515976111644,0.11096275915292934,8629.710009765626,8699.6550390625,-0.03824776354429649,0.3184750733137829,-0.06252605252188415
2016-11-07,8497.0498046875,8497.0498046875,8535.849609375,8481.4501953125,8535.75,172800,0.007505534867348507,0.007477508488472915,0.11579715948715928,8617.364990234375,8697.01302734375,-0.02823671053814547,-0.23131672597864772,-0.055489809121856304
2016-11-08,8543.5498046875,8543.5498046875,8559.400390625,8480.099609375,8540.0,195700,0.005472487636161372,0.005457567982692605,0.11788309566303519,8609.064990234376,8695.23203125,-0.01905953852065445,0.13252314814814814,-0.050320988780047204
2016-11-09,8432.0,8432.0,8476.2001953125,8002.25,8067.5,314300,-0.013056610804363489,-0.013142597631657107,0.12557898142666485,8595.785009765625,8690.86603515625,-0.030537116135895048,0.6060296371997955,-0.06272057801861886
2016-11-10,8525.75,8525.75,8598.4501953125,8510.7001953125,8555.599609375,263100,0.011118358633776193,0.01105700404045472,0.1330721864005635,8586.63251953125,8689.53703125,-0.021018947362755225,-0.16290168628698698,-0.05229956926497148
2016-11-11,8296.2998046875,8296.2998046875,8460.599609375,8284.9501953125,8456.650390625,266900,-0.026912611243878892,-0.027281387102400093,0.15461008888652,8572.780029296875,8684.01203125,-0.03231523468779862,0.014443177499049886,-0.07780466253299989
2016-11-15,8108.4501953125,8108.4501953125,8288.5498046875,8093.2001953125,8284.849609375,359200,-0.022642577269069153,-0.02290285685988103,0.17149317375867978,8549.03251953125,8674.03203125,-0.055333571043854834,0.3458224053952792,-0.09868554171877175
2016-11-16,8111.60009765625,8111.60009765625,8210.0498046875,8089.39990234375,8205.650390625,269500,0.0003884715658204474,0.00038839613027746525,0.1709904664496561,8528.592504882812,8661.377041015625,-0.04797900030831337,-0.2497216035634744,-0.09833540667986662
2016-11-17,8079.9501953125,8079.9501953125,8151.25,8060.2998046875,8105.10009765625,191300,-0.003901807530291679,-0.003909439439923456,0.15236096440115834,8498.694995117188,8647.252041015625,-0.06890493879815485,-0.2901669758812616,-0.10185352837988049
2016-11-18,8074.10009765625,8074.10009765625,8128.9501953125,8048.2998046875,8097.5498046875,161200,-0.000724026450019899,-0.0007242886837538094,0.1526231827052344,8469.44501953125,8633.24103515625,-0.06755893084835118,-0.1573444851019341,-0.1025038101813256
2016-11-21,7929.10009765625,7929.10009765625,8102.4501953125,7916.39990234375,8102.10009765625,218800,-0.017958657713704862,-0.01812187142597807,0.15782203807037476,8430.930004882812,8615.630029296875,-0.08854636622989243,0.35732009925558317,-0.11862163705363349
2016-11-22,8002.2998046875,8002.2998046875,8019.0498046875,7938.14990234375,7989.14990234375,210200,0.009231779915716665,0.009189427494782599,0.16484931171014977,8396.392504882813,8596.816025390624,-0.07946003019878378,-0.039305301645338186,-0.11048494598443792
2016-11-23,8033.2998046875,8033.2998046875,8055.2001953125,7973.10009765625,8051.2001953125,181000,0.0038738863522509437,0.0038664021768522933,0.16598320166690694,8362.609985351562,8579.123017578126,-0.0775811522023242,-0.13891531874405327,-0.10703906575656519
2016-11-24,7965.5,7965.5,8024.85009765625,7952.5498046875,8011.7998046875,260500,-0.008439844937436325,-0.008475662098624583,0.16652489547134303,8326.319995117188,8559.383017578126,-0.08350877555691416,0.4392265193370166,-0.1145755175767681
2016-11-25,8114.2998046875,8114.2998046875,8122.25,7976.75,8007.9501953125,177900,0.018680535394827613,0.018508197132649923,0.18415323565754244,8301.272485351563,8544.335009765626,-0.058146913358579244,-0.3170825335892514,-0.09803531419341394
2016-11-28,8126.89990234375,8126.89990234375,8146.5,8066.5,8080.64990234375,189700,0.001552826240037497,0.0015516218520139676,0.1845698567556163,8276.85498046875,8532.561015625,-0.05668437917138214,0.06632939853850472,-0.09663471976170623
2016-11-29,8142.14990234375,8142.14990234375,8197.349609375,8128.7001953125,8131.5498046875,189700,0.0018764842908427504,0.001874725893588773,0.1842851259405468,8252.062475585937,8520.872021484374,-0.057403345410540596,0.0,-0.09493956900444633
2016-11-30,8224.5,8224.5,8234.25,8139.25,8172.14990234375,248000,0.01011404833415619,0.010063243621010479,0.18997048848071743,8231.974975585938,8510.511025390624,-0.04657296044051584,0.30732735898787555,-0.08578574406002504
2016-12-01,8192.900390625,8192.900390625,8250.7998046875,8185.0498046875,8244.0,157700,-0.00384213136056899,-0.0038495313077255163,0.18584462084380293,8215.919995117187,8498.772041015625,-0.03771430695031708,-0.3641129032258065,-0.08929827532305123
2016-12-02,8086.7998046875,8086.7998046875,8159.2998046875,8070.0498046875,8153.5498046875,171500,-0.012950308300941793,-0.013034894616329137,0.18996082566871628,8196.012475585938,8484.340029296874,-0.04692430497057698,0.08750792644261263,-0.10109214342781714
2016-12-05,8128.75,8128.75,8141.89990234375,8056.85009765625,8088.75,126500,0.00518749027126697,0.005174081595203409,0.19127561893622755,8180.762475585938,8471.397021484376,-0.03616422113531936,-0.26239067055393583,-0.09642906766708348
2016-12-06,8143.14990234375,8143.14990234375,8178.7001953125,8130.85009765625,8153.14990234375,115300,0.0017714780678148578,0.0017699108511295017,0.1886422097229347,8163.06748046875,8458.71701171875,-0.04164973849494402,-0.08853754940711467,-0.09482841157774069
2016-12-07,8102.0498046875,8102.0498046875,8190.4501953125,8077.5,8168.39990234375,169800,-0.005047198952388254,-0.005059979081726745,0.1867180249264206,8140.99248046875,8443.40900390625,-0.05167641204101914,0.47267996530789236,-0.09939699267055713
2016-12-08,8246.849609375,8246.849609375,8256.25,8151.75,8152.10009765625,142500,0.017871996368588716,0.017714169916451,0.19563910216574254,8131.7349609375,8431.715,-0.021958063404293182,-0.16077738515901063,-0.08330141899402532
2016-12-09,8261.75,8261.75,8274.9501953125,8241.9501953125,8271.7001953125,149700,0.0018067979083868924,0.0018051676124941,0.19070172820917888,8118.5349609375,8422.48900390625,-0.030965017740374745,0.05052631578947375,-0.08164512991524242
2016-12-12,8170.7998046875,8170.7998046875,8230.650390625,8154.4501953125,8230.650390625,108100,-0.011008587201561393,-0.011069630108506541,0.1691833017248679,8112.2599609375,8411.7769921875,-0.015127225745758532,-0.27788911155644624,-0.09175491958454907
2016-12-13,8221.7998046875,8221.7998046875,8228.849609375,8155.7998046875,8196.150390625,184000,0.006241739024219095,0.006222340051564259,0.1490158178457089,8117.92744140625,8401.30998046875,0.0139791953634405,0.7021276595744681,-0.0860858908225649
2016-12-14,8182.4501953125,8182.4501953125,8229.400390625,8165.10009765625,8229.349609375,144600,-0.004786009184091999,-0.004797498800311476,0.15028848345126633,8121.469946289062,8393.133984375,0.0087344169834902,-0.21413043478260874,-0.09045989214255945
2016-12-15,8153.60009765625,8153.60009765625,8225.900390625,8121.9501953125,8128.39990234375,181800,-0.003525850688682164,-0.0035320811496494836,0.15014971438770136,8125.15244140625,8383.982978515625,0.009115143108985757,0.2572614107883817,-0.09366679475823259
2016-12-16,8139.4501953125,8139.4501953125,8178.7001953125,8127.4501953125,8178.2001953125,203000,-0.001735417750965862,-0.0017369253327930302,0.1502980357560023,8128.419946289063,8372.009990234375,0.008093793347350164,0.11661166116611654,-0.09523966149089902
2016-12-19,8104.35009765625,8104.35009765625,8132.5,8094.85009765625,8126.0,107400,-0.004312342580149231,-0.004321667547371758,0.13493598152088884,8137.182446289063,8358.713984375,0.02210212985604776,-0.47093596059113296,-0.09914129802348204
2016-12-20,8082.39990234375,8082.39990234375,8124.10009765625,8062.75,8110.60009765625,128000,-0.0027084460873485483,-0.0027121205636996375,0.1320470197018843,8141.187451171875,8345.482978515625,0.01000963468143623,0.19180633147113602,-0.10158122525010416
2016-12-21,8061.2998046875,8061.2998046875,8112.5498046875,8053.25,8105.85009765625,123700,-0.0026106228238139684,-0.0026140364419853872,0.13185798932394235,8142.587451171875,8332.517978515625,0.0034854917257864937,-0.03359374999999998,-0.10392665780880928
2016-12-22,7979.10009765625,7979.10009765625,8046.4501953125,7964.9501953125,8043.85009765625,122600,-0.010196830414798908,-0.010249174221346512,0.13354055746704194,8143.2674560546875,8318.14798828125,0.001707375262852251,-0.008892481810832686,-0.11306376571835486
2016-12-23,7985.75,7985.75,8022.60009765625,7942.0498046875,7972.5,124100,0.0008334150796909245,0.0008330679821808747,0.11459389199026818,8136.8399658203125,8303.6869921875,-0.015842377997080992,0.012234910277324706,-0.11232457968598031
2016-12-26,7908.25,7908.25,7970.0498046875,7893.7998046875,7965.10009765625,106900,-0.009704786651222541,-0.009752185003088458,0.11847814140578054,8125.907470703125,8290.385,-0.026904466029007312,-0.1385979049153908,-0.12093928025566203
2016-12-27,8032.85009765625,8032.85009765625,8044.64990234375,7903.7001953125,7915.0498046875,118800,0.01575571051196545,0.015632877835896817,0.1326798347404243,8120.44248046875,8279.373994140626,-0.013423948956778342,0.11131898971000931,-0.10708905403293034
2016-12-28,8034.85009765625,8034.85009765625,8100.5498046875,8028.39990234375,8047.5498046875,126700,0.00024897763255693484,0.00024894664276991384,0.12657732328362406,8110.959985351563,8269.66298828125,-0.023059140658246657,0.06649831649831639,-0.10686673917951928
2016-12-29,8103.60009765625,8103.60009765625,8111.10009765625,8020.7998046875,8030.60009765625,178500,0.008556475748073389,0.008520076594398652,0.1306496810663619,8106.494970703125,8258.176982421875,-0.010899716670659698,0.40883977900552493,-0.09922466609351122
2016-12-30,8185.7998046875,8185.7998046875,8197.0,8114.75,8119.64990234375,127600,0.01014360358861044,0.010092502517199517,0.12707576994482817,8111.444970703125,8248.710986328126,0.01224217272481698,-0.28515406162464985,-0.09008755818396552
2017-01-02,8179.5,8179.5,8212.0,8133.7998046875,8210.099609375,118300,-0.0007696016073948098,-0.0007698979027411989,0.12599023663312528,8113.982470703125,8238.312978515625,0.006243272335844985,-0.07288401253918497,-0.09078782826177578
2017-01-03,8192.25,8192.25,8219.099609375,8148.60009765625,8196.0498046875,127300,0.0015587749862460143,0.0015575613575361691,0.12595987913848916,8116.437475585937,8228.296982421874,0.006029619771842576,0.07607776838546076,-0.08937057107127966
2017-01-04,8190.5,8190.5,8218.5,8180.89990234375,8202.650390625,132400,-0.00021361652781592966,-0.00021363934707617968,0.12438930201716715,8120.8599853515625,8217.927978515625,0.010917014514194578,0.04006284367635504,-0.08956509656801448
2017-01-05,8273.7998046875,8273.7998046875,8282.650390625,8223.7001953125,8226.650390625,159100,0.01017029542610337,0.01011892597298775,0.11287161164392963,8122.207495117187,8209.577978515625,0.0032679382538833845,0.20166163141993954,-0.08030570463387521
2017-01-06,8243.7998046875,8243.7998046875,8306.849609375,8233.25,8281.849609375,139400,-0.0036259035398709116,-0.0036324930615801707,0.11347118667472943,8121.309985351562,8202.148974609376,-0.0021726868172602387,-0.12382149591451919,-0.08364042743504241
2017-01-09,8236.0498046875,8236.0498046875,8263.0,8227.75,8259.349609375,99100,-0.0009401004613908137,-0.0009405426329750955,0.10594055317270619,8124.572485351562,8194.564970703124,0.007985754339809858,-0.28909612625538017,-0.08450189749201054
2017-01-10,8288.599609375,8288.599609375,8293.7998046875,8261.0,8262.7001953125,142900,0.0063804622280927425,0.006360193250249055,0.10604215870835422,8127.9124755859375,8187.576962890625,0.008124717978345242,0.44197780020181643,-0.07866059642906764
2017-01-11,8380.650390625,8380.650390625,8389.0,8322.25,8327.7998046875,186500,0.01110570972035907,0.011044494137506545,0.11054895477560706,8137.822485351562,8182.664970703125,0.024222597214956787,0.30510846745976217,-0.06842846845908013
2017-01-12,8407.2001953125,8407.2001953125,8417.2001953125,8382.2998046875,8391.0498046875,172600,0.003167988574872327,0.0031629810720875113,0.1092979578114937,8150.502490234375,8180.528974609375,0.03110283735023356,-0.07453083109919567,-0.06547726049048219
2017-01-13,8400.349609375,8400.349609375,8461.0498046875,8373.150390625,8457.650390625,185300,-0.0008148474852923693,-0.0008151796539613075,0.10898089434553689,8163.5474609375,8178.836962890625,0.03205369008987269,0.07358053302433376,-0.06623875399472001
2017-01-16,8412.7998046875,8412.7998046875,8426.7001953125,8374.400390625,8390.9501953125,124100,0.0014821044232022906,0.0014810071904502009,0.10673829697650712,8178.969946289062,8178.417958984375,0.03805977077920808,-0.3302752293577982,-0.06485482232180073
2017-01-17,8398.0,8398.0,8440.900390625,8378.2998046875,8415.0498046875,122000,-0.0017592008642893786,-0.001760750075312027,0.10624919388825957,8194.749951171874,8176.436962890625,0.03904782013628538,-0.01692183722804186,-0.0664999305266083
2017-01-18,8417.0,8417.0,8460.2998046875,8397.400390625,8403.849609375,163800,0.002262443438914019,0.002259887967437504,0.10489341559663784,8212.5349609375,8173.905966796875,0.04412442210692458,0.3426229508196721,-0.0643879394192024
2017-01-19,8435.099609375,8435.099609375,8445.150390625,8404.0498046875,8418.400390625,165900,0.0021503634757038537,0.0021480547533008396,0.09412065605850506,8235.334936523437,8173.967958984375,0.05714924065844129,0.012820512820512775,-0.06237603341670139
2017-01-20,8349.349609375,8349.349609375,8423.650390625,8340.9501953125,8404.349609375,202600,-0.010165855054597661,-0.010217880246458876,0.10472738682555881,8253.514916992188,8170.439951171875,0.045531053360673646,0.22121760096443643,-0.07190778275670417
2017-01-23,8391.5,8391.5,8404.150390625,8327.2001953125,8329.599609375,195000,0.005048344194100052,0.005035644029815811,0.0949971212150409,8277.677416992188,8172.343955078125,0.06110707172889063,-0.03751233958538991,-0.06722245380019454
2017-01-24,8475.7998046875,8475.7998046875,8480.9501953125,8398.150390625,8407.0498046875,179200,0.010045856484240057,0.009995732282151228,0.08677950143459352,8299.82490234375,8179.690947265625,0.05514228469923643,-0.08102564102564103,-0.05785190443934973
2017-01-25,8602.75,8602.75,8612.599609375,8493.9501953125,8499.4501953125,292500,0.014977960574563243,0.014866898538362306,0.09632743292062798,8328.219897460938,8189.5139453125,0.07067958897072701,0.6322544642857142,-0.04374044740864247
2017-01-27,8641.25,8641.25,8672.7001953125,8606.900390625,8610.5,275400,0.00447531312661642,0.004465328690727306,0.09453574323890819,8355.102392578125,8200.73994140625,0.06634704277907932,-0.058461538461538454,-0.039460886480477964
2017-01-30,8632.75,8632.75,8662.599609375,8617.75,8635.5498046875,304700,-0.0009836539852451365,-0.0009841380903137704,0.09198511895302121,8377.44990234375,8211.912939453125,0.0546006750686181,0.10639070442992016,-0.04040572460747538
2017-01-31,8561.2998046875,8561.2998046875,8631.75,8552.400390625,8629.4501953125,521000,-0.008276643631809133,-0.008311085218864388,0.09931543778253256,8396.539892578125,8224.55693359375,0.04667764590592327,0.7098785690843452,-0.048347944456023306
2017-02-01,8716.400390625,8716.400390625,8722.400390625,8537.5,8570.349609375,327700,0.01811647640847469,0.017954328487415367,0.11373846249288774,8422.747412109375,8238.8389453125,0.06398124942781291,-0.3710172744721689,-0.031107362442684416
2017-02-02,8734.25,8734.25,8757.599609375,8685.7998046875,8724.75,283500,0.002047818890261066,0.002045724967320079,0.11314640563697761,8449.934912109375,8252.85794921875,0.06638788840730103,-0.13487946292340558,-0.029123245796859765
2017-02-03,8740.9501953125,8740.9501953125,8748.25,8707.75,8735.150390625,191000,0.0007671174184962215,0.0007668233343177947,0.11041349730020553,8473.292431640624,8268.366953125,0.05646140850064296,-0.326278659611993,-0.028378469327497546
2017-02-06,8801.0498046875,8801.0498046875,8814.099609375,8770.2001953125,8785.4501953125,194400,0.006875638006406781,0.006852108598963618,0.10863782133557069,8501.154931640625,8282.101953125,0.06759625575613115,0.017801047120418856,-0.021697951403362503
2017-02-07,8768.2998046875,8768.2998046875,8809.2998046875,8741.0498046875,8805.7001953125,226300,-0.0037211469911869743,-0.003728087682222944,0.1105054767183507,8527.767431640625,8294.929951171875,0.0646244270763241,0.16409465020576142,-0.025338357127969946
2017-02-08,8769.0498046875,8769.0498046875,8791.25,8715.0,8774.5498046875,218700,8.55353964515082e-05,8.553173850807276e-05,0.11031807820542669,8551.78994140625,8307.46794921875,0.05796518325834876,-0.03358373840035356,-0.02525498905794077
2017-02-09,8778.400390625,8778.400390625,8821.400390625,8724.099609375,8795.5498046875,187500,0.0010663168924529565,0.0010657487804178315,0.10605193922659636,8571.67744140625,8318.54595703125,0.04746051695998954,-0.1426611796982168,-0.02421560198693895
2017-02-10,8793.5498046875,8793.5498046875,8822.099609375,8771.2001953125,8812.349609375,225900,0.0017257602055471555,0.0017242727924366554,0.10602293779021203,8590.994921875,8330.5589453125,0.04595461038151716,0.2048000000000001,-0.022531632103654275
2017-02-13,8805.0498046875,8805.0498046875,8826.900390625,8754.2001953125,8819.7998046875,204900,0.001307776751758416,0.0013069223565665177,0.10547634106680748,8611.229931640624,8344.9239453125,0.048176589562515915,-0.09296148738379817,-0.02125332169654026
2017-02-14,8792.2998046875,8792.2998046875,8820.4501953125,8772.5,8819.900390625,188300,-0.0014480326951941125,-0.0014490821077153884,0.10630700463981957,8630.204931640625,8358.19494140625,0.04510983368325827,-0.08101512933138111,-0.022670578887036275
2017-02-15,8724.7001953125,8724.7001953125,8807.900390625,8712.849609375,8778.9501953125,216100,-0.007688501401983627,-0.007718210304816345,0.11124409699686405,8646.53994140625,8369.825947265625,0.03890214280929993,0.14763674986723307,-0.03018477751146309
2017-02-16,8778.0,8778.0,8783.9501953125,8719.599609375,8739.0,184600,0.006109070053333943,0.006090485336691579,0.11223131401640903,8664.58994140625,8383.344951171875,0.04288939051918739,-0.14576584914391488,-0.02426010837849102
2017-02-17,8821.7001953125,8821.7001953125,8896.4501953125,8804.25,8883.7001953125,298300,0.004978377228582742,0.004966026084143879,0.11269221055374382,8683.919970703126,8394.841962890625,0.04583236758790865,0.6159263271939328,-0.01940250712102265
2017-02-20,8879.2001953125,8879.2001953125,8886.25,8809.7998046875,8818.5498046875,167800,0.0065180179247708026,0.006496867502078924,0.10342090638818537,8710.4125,8407.190966796876,0.06346010296928539,-0.43747904793831716,-0.013010955085452247
2017-02-21,8907.849609375,8907.849609375,8920.7998046875,8860.9501953125,8890.75,175700,0.003226575978951818,0.0032213817527225,0.10316524130972354,8736.22998046875,8421.931962890625,0.06153245657808504,0.04707985697258632,-0.009826359941642382
2017-02-22,8926.900390625,8926.900390625,8960.75,8905.25,8931.599609375,247100,0.0021386509747480797,0.0021363673161383717,0.09979934011510509,8758.785009765625,8436.033974609374,0.05322218508370402,0.40637450199203196,-0.007708724121161636
2017-02-23,8939.5,8939.5,8982.150390625,8927.5498046875,8956.400390625,377200,0.0014114204061503877,0.0014104252886116898,0.08865774023156632,8775.622509765624,8451.174970703125,0.039144459620470196,0.5265074868474302,-0.006308183965541225
2017-02-27,8896.7001953125,8896.7001953125,8951.7998046875,8888.650390625,8943.7001953125,189900,-0.004787717958219084,-0.00479921579345047,0.091192775556026,8788.39501953125,8466.03697265625,0.029561717958918043,-0.4965535524920467,-0.011065700118104815
2017-02-28,8879.599609375,8879.599609375,8914.75,8867.599609375,8898.9501953125,293600,-0.0019221268068030373,-0.0019239764630964217,0.0915865821652216,8800.7375,8480.8399609375,0.028594550910775896,0.5460768825697735,-0.012966557246074761
2017-03-01,8945.7998046875,8945.7998046875,8960.7998046875,8898.599609375,8904.400390625,205900,0.007455313102474381,0.007427659614302356,0.08631858351033375,8819.9625,8497.668955078125,0.04491140466655286,-0.29870572207084467,-0.005607913887730964
2017-03-02,8899.75,8899.75,8992.5,8879.7998046875,8982.849609375,218800,-0.0051476453411544165,-0.005160940111567701,0.06724004271601251,8829.12998046875,8514.01595703125,0.02103501458838486,0.06265177270519673,-0.01072669167708773
2017-03-03,8897.5498046875,8897.5498046875,8907.099609375,8860.099609375,8883.5,202600,-0.0002472199008398679,-0.0002472504647169898,0.06727815104478048,8837.294970703126,8530.74095703125,0.018696488500729913,-0.07404021937842775,-0.010971259726274885
2017-03-06,8963.4501953125,8963.4501953125,8967.7998046875,8914.0,8915.099609375,174800,0.00740657732427441,0.00737928331770254,0.07105860835221631,8848.419970703126,8550.427958984375,0.025454898498256995,-0.13721618953603154,-0.0036459418855078196
2017-03-07,8946.900390625,8946.900390625,8977.849609375,8932.7998046875,8977.75,173400,-0.0018463654426456033,-0.0018480720763560477,0.06864223810367168,8855.7125,8569.650966796875,0.016571953252647154,-0.008009153318077833,-0.0054855755870502065
2017-03-08,8924.2998046875,8924.2998046875,8957.0498046875,8891.9501953125,8950.7001953125,177800,-0.0025260799775062015,-0.0025292759007722594,0.06771394257857448,8863.5125,8589.971962890624,0.01779136246192259,0.025374855824682907,-0.007997798561900749
2017-03-09,8927.0,8927.0,8945.7998046875,8899.5,8914.5,171500,0.0003025666294942386,0.0003025208654424808,0.0676844762553637,8871.410009765625,8607.8549609375,0.018012236083785105,-0.03543307086614178,-0.007697651799360883
2017-03-10,8934.5498046875,8934.5498046875,8975.7001953125,8903.9501953125,8953.7001953125,152700,0.0008457269729471584,0.0008453695473995277,0.06768151926789691,8879.21748046875,8625.848955078125,0.01778791204708119,-0.10962099125364433,-0.006858434938168734
2017-03-14,9087.0,9087.0,9122.75,9060.5,9091.650390625,270300,0.017062996865551794,0.016919058968585234,0.08848476316104703,8893.889990234375,8645.516953125,0.033371073324230505,0.7701375245579567,0.0
2017-03-15,9084.7998046875,9084.7998046875,9106.5498046875,9075.5,9086.849609375,240600,-0.0002421255983823256,-0.00024215491551740303,0.0887329110605635,8907.877490234376,8663.496953125,0.031771540900435546,-0.1098779134295228,-0.0002421255983823256
2017-03-16,9153.7001953125,9153.7001953125,9158.4501953125,9128.5498046875,9129.650390625,208600,0.0075841396735512046,0.0075555246752815495,0.09041850096481958,8925.947509765625,8682.98095703125,0.04110419328880521,-0.13300083125519535,0.0
2017-03-17,9160.0498046875,9160.0498046875,9218.400390625,9147.599609375,9207.7998046875,286700,0.0006936658662091144,0.000693425391241901,0.08303890621081596,8947.714990234375,8702.336953125,0.049898517958118394,0.3744007670182168,0.0
2017-03-20,9126.849609375,9126.849609375,9167.599609375,9116.2998046875,9166.9501953125,332100,-0.0036244557639315556,-0.0036310400180971465,0.08451931674313014,8965.157470703125,8721.0639453125,0.039741354451469535,0.15835367980467385,-0.0036244557639315556
2017-03-21,9121.5,9121.5,9147.75,9087.2001953125,9133.9501953125,247700,-0.0005861397529225432,-0.0005863115999817308,0.08418751422358939,8980.1474609375,8738.01794921875,0.03398435653558041,-0.2541403191809696,-0.004208471079248155
2017-03-22,9030.4501953125,9030.4501953125,9072.900390625,9019.2998046875,9047.2001953125,232300,-0.009981889457600146,-0.010032042543653485,0.09172788171339384,8987.7099609375,8753.75095703125,0.01703419189487887,-0.062171982236576495,-0.014148352043749757
2017-03-23,9086.2998046875,9086.2998046875,9099.0498046875,9048.599609375,9048.75,191800,0.006184587497530369,0.006165541424006181,0.0933212097324106,8996.632470703125,8770.75595703125,0.02003291514089911,-0.1743435213086526,-0.008051266267379842
2017-03-24,9108.0,9108.0,9133.5498046875,9089.400390625,9104.0,203700,0.002388232369495924,0.0023853850750034113,0.09336589495610084,9005.687451171874,8787.14396484375,0.020286953080062453,0.06204379562043805,-0.005682262192599041
2017-03-27,9045.2001953125,9045.2001953125,9094.849609375,9024.650390625,9093.4501953125,202700,-0.006895015885759803,-0.006918896341847197,0.09747611604308919,9010.9724609375,8800.4349609375,0.011823949360982189,-0.004909180166912108,-0.012538098790273788
2017-03-28,9100.7998046875,9100.7998046875,9110.400390625,9079.7998046875,9081.5,183300,0.006146863328001739,0.006128048426003716,0.09718352313419953,9021.17744140625,8814.306953125,0.02294104610634573,-0.09570794277257033,-0.00646830544192889
2017-03-29,9143.7998046875,9143.7998046875,9153.150390625,9109.099609375,9128.7001953125,243400,0.004724859454424246,0.004713732341589461,0.09726940136251383,9034.387451171875,8829.17595703125,0.02975361580870839,0.32787779596290245,-0.0017740078216260668
2017-03-30,9173.75,9173.75,9183.150390625,9136.349609375,9142.599609375,323400,0.003275464899958447,0.0032701122498964663,0.09498236377741623,9045.7849609375,8844.3949609375,0.025481253805060167,0.3286770747740344,0.0
2017-03-31,9173.75,9173.75,9191.7001953125,9152.099609375,9158.900390625,190900,0.0,0.0,0.09207867755420675,9059.4849609375,8859.9099609375,0.030787381668024416,-0.40970933828076683,0.0
2017-04-03,9237.849609375,9237.849609375,9245.349609375,9192.400390625,9220.599609375,139100,0.006987285393105225,0.006962987433382358,0.09378835920717969,9076.499951171874,8876.326953125,0.03824646247085006,-0.27134625458355155,0.0
2017-04-05,9265.150390625,9265.150390625,9273.900390625,9215.400390625,9264.400390625,184800,0.002955317785461098,0.0029509594186491106,0.09163495872140992,9091.5849609375,8892.92796875,0.03365893587162194,0.3285406182602444,0.0
2017-04-06,9261.9501953125,9261.9501953125,9267.9501953125,9218.849609375,9245.7998046875,186100,-0.00034540133484917135,-0.00034546099962948787,0.09102624187132617,9107.337451171876,8911.17998046875,0.035213290741185066,0.007034632034631949,-0.00034540133484917135
2017-04-07,9198.2998046875,9198.2998046875,9250.5,9188.099609375,9223.7001953125,190000,-0.006872244968150865,-0.006895967591191596,0.09497072330126673,9121.037451171875,8927.3159765625,0.030702688837961345,0.020956475013433673,-0.007215272620414548
2017-04-10,9181.4501953125,9181.4501953125,9225.650390625,9174.849609375,9225.599609375,135800,-0.0018318178068531532,-0.001833497636833679,0.09563189274040211,9133.7599609375,8941.428984375,0.02850343848017256,-0.2852631578947369,-0.009033873362400358
2017-04-11,9237.0,9237.0,9242.7001953125,9172.849609375,9184.5498046875,200100,0.006050221207523521,0.006031992108960761,0.09699167117955278,9148.882470703125,8954.113984375,0.033851755480037715,0.4734904270986746,-0.0030383090870801377
2017-04-12,9203.4501953125,9203.4501953125,9246.400390625,9161.7998046875,9242.5,161800,-0.003632110499891761,-0.0036387226287440087,0.08008629484386076,9154.70498046875,8965.35798828125,0.01281503194811262,-0.1914042978510745,-0.006659384112634781
2017-04-13,9150.7998046875,9150.7998046875,9202.650390625,9144.9501953125,9202.5,166500,-0.005720723153564311,-0.005737149166000338,0.08320079289333931,9158.00498046875,8975.718984375,0.007264882156890806,0.029048207663782355,-0.012342010773317424
2017-04-17,9139.2998046875,9139.2998046875,9160.0,9120.25,9144.75,0,-0.0012567207506942735,-0.0012575110864404995,0.07886259875246868,9157.2849609375,8987.278984375,-0.0015731770014025814,-1.0,-0.01358322106296761
2017-04-18,9105.150390625,9105.150390625,9217.900390625,9095.4501953125,9163.0,174200,-0.003736545992832463,-0.003743544319295666,0.07985288368683362,9154.539990234374,8995.053984375,-0.005993353227665477,inf,-0.017269012725567467
2017-04-19,9103.5,9103.5,9120.5,9075.150390625,9112.2001953125,173700,-0.00018125901870869043,-0.00018127544810997014,0.07887752661579515,9153.372509765624,9002.438984375,-0.0025583427331831166,-0.002870264064293915,-0.01744714157997551
2017-04-20,9136.400390625,9136.400390625,9143.900390625,9102.650390625,9108.099609375,170300,0.003614037526775471,0.00360752258526342,0.07995185634701657,9154.117529296875,9010.34798828125,0.0016335460861700568,-0.01957397812320094,-0.013896158677605075
2017-04-21,9119.400390625,9119.400390625,9183.650390625,9088.75,9179.099609375,155200,-0.0018606890321317682,-0.0018624222643066866,0.07100371993096709,9158.5650390625,9016.715,0.00985002888988551,-0.08866705813270703,-0.015730991279696682
2017-04-24,9217.9501953125,9217.9501953125,9225.400390625,9130.5498046875,9135.349609375,167700,0.010806610135114969,0.010748636018943606,0.07743492386858995,9165.14755859375,9025.7080078125,0.014488889146832218,0.080541237113402,-0.005094379834380214
2017-04-25,9306.599609375,9306.599609375,9309.2001953125,9250.349609375,9273.0498046875,168700,0.00961704198701141,0.009571092601938416,0.08345264556295412,9175.0775390625,9036.45900390625,0.021804963699495028,0.005963029218843063,0.0
2017-04-26,9351.849609375,9351.849609375,9367.0,9301.349609375,9336.2001953125,185700,0.004862141050359314,0.00485035901773151,0.07882182937979611,9190.410009765625,9047.92798828125,0.03390189353922923,0.10077059869590999,0.0
2017-04-27,9342.150390625,9342.150390625,9367.150390625,9322.650390625,9359.150390625,209400,-0.001037144431864756,-0.001037682638315093,0.0775364605998889,9202.4775390625,9058.9,0.026519711576689087,0.1276252019386106,-0.001037144431864756
2017-04-28,9304.0498046875,9304.0498046875,9342.650390625,9282.25,9340.9501953125,162200,-0.004078352878555069,-0.004086692040742791,0.07869474122095396,9210.4900390625,9068.88,0.017525536803403075,-0.22540592168099327,-0.0051112674694406834
2017-05-02,9313.7998046875,9313.7998046875,9352.5498046875,9269.900390625,9339.849609375,161600,0.0010479307618374012,0.0010473820656935206,0.07818902031385923,9217.492529296875,9079.31,0.015266363775718661,-0.0036991368680641123,-0.004068692962016396
2017-05-03,9311.9501953125,9311.9501953125,9346.2998046875,9298.400390625,9344.7001953125,151600,-0.00019858805361794296,-0.00019860777483643832,0.07821771495003725,9224.4025390625,9091.055,0.015064744004632757,-0.061881188118811936,-0.004266473021818262
2017-05-04,9359.900390625,9359.900390625,9365.650390625,9323.25,9360.9501953125,269600,0.005149318274558334,0.005136105872378302,0.07654321626219597,9230.505078125,9102.6930078125,0.013212033796927924,0.7783641160949868,0.0
2017-05-05,9285.2998046875,9285.2998046875,9377.099609375,9272.0,9374.5498046875,231900,-0.007970232889681239,-0.008002164979810267,0.08187665415631032,9231.512548828125,9111.965,0.002174753049112743,-0.13983679525222548,-0.007970232889681239
2017-05-08,9314.0498046875,9314.0498046875,9338.7001953125,9297.9501953125,9311.4501953125,174300,0.0030962920535411165,0.0030915084131222883,0.08253016822573332,9234.117529296875,9120.6619921875,0.005625123033091706,-0.2483829236739974,-0.0048986190049014056
2017-05-09,9316.849609375,9316.849609375,9338.9501953125,9307.7001953125,9337.349609375,132300,0.0003006001413146109,0.0003005549701442118,0.0780629245333351,9240.04501953125,9128.8419921875,0.012888230129994849,-0.24096385542168675,-0.004599491389151944
2017-05-10,9407.2998046875,9407.2998046875,9414.75,9336.0,9339.650390625,152700,0.009708238203339103,0.009661416055306064,0.08369225509180997,9251.3375,9138.44998046875,0.024598468060122558,0.1541950113378685,0.0
2017-05-11,9422.400390625,9422.400390625,9450.650390625,9411.2998046875,9448.599609375,171100,0.0016051987553300506,0.0016039118008357616,0.08176582824795214,9260.60751953125,9148.10798828125,0.020071494059218375,0.12049770792403414,0.0
2017-05-12,9400.900390625,9400.900390625,9437.75,9372.5498046875,9436.650390625,154300,-0.002281796475279485,-0.0022844037397764944,0.08088475403247726,9270.480029296876,9158.1919921875,0.02145393207137314,-0.09818819403857393,-0.002281796475279485
2017-05-15,9445.400390625,9445.400390625,9449.25,9423.099609375,9433.5498046875,140800,0.004733589140501593,0.004722420937348687,0.07768234000264287,9285.21005859375,9169.5080078125,0.03219397126211754,-0.08749189889825015,0.0
2017-05-16,9512.25,9512.25,9517.2001953125,9456.349609375,9461.0,166500,0.007077477566896029,0.007052549770711115,0.07923524088211496,9303.857568359375,9180.83701171875,0.040807305076173916,0.18252840909090917,0.0
2017-05-17,9525.75,9525.75,9532.599609375,9486.099609375,9517.599609375,205500,0.0014192225814082526,0.0014182164368899746,0.07633830851502281,9324.887548828125,9193.35701171875,0.04619359278327395,0.23423423423423428,0.0
2017-05-18,9429.4501953125,9429.4501953125,9489.099609375,9418.099609375,9453.2001953125,193300,-0.010109419697924005,-0.01016086690923151,0.08790965934148416,9341.18505859375,9203.99501953125,0.03580493165403409,-0.05936739659367396,-0.010109419697924005
2017-05-19,9427.900390625,9427.900390625,9505.75,9390.75,9469.900390625,252100,-0.00016435790585866972,-0.00016437141409942322,0.08787725526550594,9355.76005859375,9213.2840234375,0.03190534428625891,0.3041903776513193,-0.010272116040731749
2017-05-22,9438.25,9438.25,9498.650390625,9427.900390625,9480.25,196800,0.001097763971423804,0.0010971618691591547,0.08696712700066764,9371.7025390625,9223.111015625,0.03496387873294671,-0.2193573978579929,-0.009185628428207804
2017-05-23,9386.150390625,9386.150390625,9448.0498046875,9370.0,9445.0498046875,224400,-0.00552004973114717,-0.005535341505865151,0.08368822650352156,9380.112548828125,9232.34802734375,0.01824702799956901,0.1402439024390243,-0.0146549730336194
2017-05-24,9360.5498046875,9360.5498046875,9431.900390625,9341.650390625,9410.900390625,211800,-0.0027274851639997877,-0.002731211528938736,0.07798945525280604,9382.81005859375,9241.0190234375,0.005796982526051098,-0.05614973262032086,-0.017342486976091087
2017-05-25,9509.75,9509.75,9523.2998046875,9379.2001953125,9384.0498046875,289200,0.015939255537936958,0.01581355951256376,0.09446307090761155,9390.705078125,9252.52302734375,0.016884402254149666,0.36543909348441916,-0.001679657769729448
2017-05-26,9595.099609375,9595.099609375,9604.900390625,9495.400390625,9507.75,218800,0.008974958266515953,0.008934922695320598,0.09838907588478032,9403.3525390625,9262.68501953125,0.02707612360895406,-0.2434301521438451,0.0
2017-05-29,9604.900390625,9604.900390625,9637.75,9547.7001953125,9560.0498046875,235000,0.00102143611312,0.001020914802213731,0.09630390728504369,9418.395068359376,9273.08703125,0.03233544448417791,0.07404021937842775,0.0
2017-05-30,9624.5498046875,9624.5498046875,9635.2998046875,9581.2001953125,9590.650390625,193900,0.0020457696866569286,0.0020436799494468433,0.09629422521147717,9433.932568359374,9282.5040234375,0.03336447062600634,-0.1748936170212766,0.0
2017-05-31,9621.25,9621.25,9649.599609375,9609.25,9636.5498046875,414300,-0.0003428528870922376,-0.0003429116745806887,0.09633214376408582,9449.39755859375,9291.72802734375,0.03321536286171267,1.1366683857658586,-0.0003428528870922376
2017-06-01,9616.099609375,9616.099609375,9634.650390625,9589.900390625,9603.5498046875,176100,-0.0005353140834091219,-0.0005354574151470177,0.09569886130304077,9462.20751953125,9301.51302734375,0.02737200269851292,-0.5749456915278783,-0.0008779834365223449
2017-06-02,9653.5,9653.5,9673.5,9637.4501953125,9657.150390625,162200,0.00388935141525959,0.003881807442491232,0.08938418580777753,9480.617529296875,9312.15302734375,0.03965409874289905,-0.0789324247586598,0.0
2017-06-05,9675.099609375,9675.099609375,9687.2001953125,9640.7001953125,9656.2998046875,127700,0.002237489964779682,0.00223499051174814,0.08929005422544382,9498.67001953125,9325.046015625,0.03876399764426797,-0.2127003699136868,0.0
2017-06-06,9637.150390625,9637.150390625,9709.2998046875,9630.2001953125,9704.25,145900,-0.003922359487981697,-0.003930072114359614,0.0915308833284896,9514.68505859375,9336.06302734375,0.0343786574517313,0.14252153484729835,-0.003922359487981697
2017-06-07,9663.900390625,9663.900390625,9678.5498046875,9630.5498046875,9663.9501953125,160700,0.002775716774745085,0.002771871586730097,0.08671314962001277,9527.515087890624,9347.18103515625,0.027276752231244927,0.10143934201507876,-0.0011575300722638238
2017-06-08,9647.25,9647.25,9688.7001953125,9641.5,9682.400390625,155400,-0.0017229472523487832,-0.0017244332330555142,0.08738388189802442,9538.757568359375,9359.22203125,0.02386330447162055,-0.03298070939639075,-0.0028784829613551777
2017-06-09,9668.25,9668.25,9676.25,9608.150390625,9638.5498046875,159000,0.0021767861307626646,0.0021744203643893584,0.0864684265239977,9552.125048828126,9370.57103515625,0.028438723767524765,0.02316602316602312,-0.00070796267238038
2017-06-12,9616.400390625,9616.400390625,9647.0498046875,9598.5,9646.7001953125,141400,-0.005362874292141773,-0.005377306123000276,0.08872711504296103,9560.675048828125,9380.023046875,0.018104049900280028,-0.11069182389937104,-0.006067040249706723
2017-06-13,9606.900390625,9606.900390625,9654.150390625,9595.400390625,9615.5498046875,129700,-0.0009878956380873216,-0.0009883839285963953,0.08587339899140857,9565.407568359375,9388.6860546875,0.00995036827511897,-0.08274398868458277,-0.007048942285195259
2017-06-14,9618.150390625,9618.150390625,9627.400390625,9580.4501953125,9621.5498046875,181800,0.0011710332721861505,0.001170348147540874,0.08584255934393124,9570.027587890625,9397.5740625,0.009700064627457206,0.4016962220508866,-0.005886163558958879
2017-06-15,9578.0498046875,9578.0498046875,9621.400390625,9560.7998046875,9617.900390625,171100,-0.0041692616884621,-0.00417797729350316,0.07829936227842398,9577.457568359376,9404.37806640625,0.015759095843029147,-0.05885588558855881,-0.01003088429120258
2017-06-16,9588.0498046875,9588.0498046875,9615.849609375,9565.5,9595.4501953125,213200,0.001044053873587636,0.0010435092284018055,0.07822312296868082,9585.4650390625,9410.8360546875,0.016986752874664557,0.2460549386323787,-0.008997303201214613
2017-06-19,9657.5498046875,9657.5498046875,9673.2998046875,9614.900390625,9626.400390625,141700,0.007248606485755094,0.0072224616043765726,0.08144339130309551,9596.430029296875,9418.748046875,0.023235218889889442,-0.33536585365853655,-0.0018139146257982741
2017-06-20,9653.5,9653.5,9676.5,9643.75,9670.5,159500,-0.0004193408027297618,-0.00041942875067181194,0.07781879529190075,9609.797509765625,9427.85205078125,0.02848341420589562,0.12561750176429065,-0.0022324947801126704
2017-06-21,9633.599609375,9633.599609375,9650.4501953125,9608.599609375,9648.099609375,144000,-0.0020614689620345183,-0.0020635967138743832,0.07738310015177034,9623.45,9436.8950390625,0.02917027422371743,-0.09717868338557989,-0.004289361523450053
2017-06-22,9630.0,9630.0,9698.849609375,9617.75,9642.650390625,198800,-0.00037365154469337636,-0.00037372136982585634,0.05582866381648332,9629.4625,9444.7550390625,0.012644917058808103,0.38055555555555554,-0.004661410341584404
2017-06-23,9574.9501953125,9574.9501953125,9647.650390625,9565.2998046875,9643.25,175200,-0.005716490621754944,-0.005732892290795095,0.050947920924502385,9628.455029296874,9452.1850390625,-0.002099969242926103,-0.11871227364185111,-0.0103512540548375
2017-06-27,9511.400390625,9511.400390625,9615.400390625,9473.4501953125,9594.0498046875,203300,-0.006637089842891464,-0.006659213268124637,0.05576283651173785,9623.780029296875,9459.39705078125,-0.009734614227885352,0.16038812785388123,-0.01691964169458038
2017-06-28,9491.25,9491.25,9522.5,9474.349609375,9520.2001953125,172400,-0.0021185514012070916,-0.002120798705808072,0.055210694019972514,9617.1150390625,9466.4360546875,-0.013849978169636401,-0.15199212985735366,-0.019002347965167532
2017-06-29,9504.099609375,9504.099609375,9575.7998046875,9493.7998046875,9522.9501953125,259300,0.0013538374160411148,0.001352921804466218,0.05568123654269973,9611.25751953125,9474.4150390625,-0.012176213134987623,0.5040603248259861,-0.017674236638794305
2017-06-30,9520.900390625,9520.900390625,9535.7998046875,9448.75,9478.5,179600,0.0017677404426008625,0.0017661798283679123,0.056319230175725765,9606.49755859375,9482.763046875,-0.009899982593481793,-0.30736598534516,-0.015937739659091843
2017-07-03,9615.0,9615.0,9624.0,9543.5498046875,9587.9501953125,183000,0.009883477981521338,0.00983495586260243,0.06565023012063777,9604.57255859375,9492.3350390625,-0.003988190811622716,0.018930957683741756,-0.006211781976566355
2017-07-04,9613.2998046875,9613.2998046875,9650.650390625,9595.5,9645.900390625,144800,-0.00017682738559543498,-0.00017684302140083614,0.06501903498533629,9601.482568359375,9502.21302734375,-0.006387510948995034,-0.20874316939890714,-0.006387510948995034
2017-07-05,9637.599609375,9637.599609375,9643.650390625,9607.349609375,9619.75,130800,0.0025277277502206985,0.0025245384198064923,0.0642991344850491,9601.505029296875,9510.606015625,4.661323438903686e-05,-0.09668508287292821,-0.0038759290874549324
2017-07-06,9674.5498046875,9674.5498046875,9700.7001953125,9639.9501953125,9653.599609375,147400,0.003833962481337938,0.00382663157881288,0.06500680834482439,9602.0375,9517.96501953125,0.0011019788731299052,0.12691131498470942,-5.682677281870774e-05
2017-07-07,9665.7998046875,9665.7998046875,9684.25,9642.650390625,9670.349609375,141800,-0.0009044348498532528,-0.000904844097829429,0.06477392455876686,9602.964990234375,9524.2440234375,0.0019228075034336545,-0.037991858887381325,-0.0009612102265581512
2017-07-10,9771.0498046875,9771.0498046875,9782.150390625,9646.4501953125,9719.2998046875,37500,0.010888907501369838,0.010830050223587575,0.07494565214548807,9608.10498046875,9532.82201171875,0.010632720987510558,-0.7355430183356841,0.0
2017-07-11,9786.0498046875,9786.0498046875,9830.0498046875,9778.849609375,9797.4501953125,179700,0.001535147225716127,0.0015339700917757582,0.07166535512145607,9616.587451171876,9542.46201171875,0.017641675384886257,3.792,0.0
2017-07-12,9816.099609375,9816.099609375,9824.9501953125,9787.7001953125,9807.2998046875,145500,0.0030706776776372458,0.003065972775967725,0.07171264272627358,9627.047412109376,9552.5080078125,0.021775932948586485,-0.1903171953255426,0.0
2017-07-13,9891.7001953125,9891.7001953125,9897.25,9853.4501953125,9855.7998046875,181300,0.007701693029408263,0.0076721863955028615,0.075441598822992,9640.72490234375,9564.1030078125,0.02844099890080054,0.24604810996563575,0.0
2017-07-14,9886.349609375,9886.349609375,9913.2998046875,9845.4501953125,9913.2998046875,159600,-0.0005409167111671831,-0.0005410630593885717,0.07293664988977933,9656.139892578125,9574.6319921875,0.032188160531031906,-0.11969111969111967,-0.0005409167111671831
2017-07-17,9915.9501953125,9915.9501953125,9928.2001953125,9894.7001953125,9908.150390625,163500,0.0029940865038224906,0.0029896131536668747,0.07307236739897155,9672.534912109375,9587.245,0.034198861844114914,0.02443609022556381,0.0
2017-07-18,9827.150390625,9827.150390625,9885.349609375,9792.0498046875,9832.7001953125,293900,-0.008955249163058343,-0.008995588419495522,0.07918254158605562,9681.01494140625,9597.50701171875,0.01756145082008076,0.7975535168195718,-0.008955249163058343
2017-07-19,9899.599609375,9899.599609375,9905.0498046875,9851.650390625,9855.9501953125,200200,0.007372352703497453,0.007345309743460549,0.08224273244085134,9693.319921875,9609.16201171875,0.025493303918268095,-0.3188159237835999,-0.0016489177149385803
2017-07-20,9873.2998046875,9873.2998046875,9922.5498046875,9863.4501953125,9920.2001953125,161100,-0.002656653372384299,-0.002660188538483533,0.08258891020976923,9705.304931640625,9618.48201171875,0.024881685458386205,-0.1953046953046953,-0.004301190484514716
2017-07-21,9915.25,9915.25,9924.7001953125,9838.0,9899.599609375,187500,0.004248852576378193,0.004239851688892752,0.08302405841498361,9719.567431640626,9628.33900390625,0.02962097611630332,0.16387337057728124,-7.06130324081844e-05
2017-07-24,9966.400390625,9966.400390625,9982.0498046875,9919.599609375,9936.7998046875,174500,0.005158759549683589,0.005145498736317388,0.07942667634029262,9739.13994140625,9639.64900390625,0.04088273957854516,-0.06933333333333336,0.0
2017-07-25,9964.5498046875,9964.5498046875,10011.2998046875,9949.099609375,10010.5498046875,185500,-0.00018568247962835738,-0.00018569972075426088,0.07313738322222768,9761.797412109376,9650.0319921875,0.047642765045318836,0.06303724928366772,-0.00018568247962835738
2017-07-26,10020.650390625,10020.650390625,10025.9501953125,9965.9501953125,9983.650390625,197600,0.0056300171143817135,0.005614227803035337,0.07204379531636547,9788.267431640625,9660.2,0.055777731133939135,0.06522911051212943,0.0
2017-07-27,10020.5498046875,10020.5498046875,10114.849609375,10005.5,10063.25,287900,-1.0037865166290239e-05,-1.0037915545995924e-05,0.07254598257084795,9814.08994140625,9670.09599609375,0.054339728805353094,0.4569838056680162,-1.0037865166290239e-05
2017-07-28,10014.5,10014.5,10026.0498046875,9944.5,9996.5498046875,191600,-0.0006037397952625145,-0.0006039221195206731,0.0734097839617918,9838.769921875,9681.7969921875,0.0518437951373838,-0.33449114275790204,-0.0006137716001701765
2017-07-31,10077.099609375,10077.099609375,10085.900390625,10016.9501953125,10034.7001953125,237700,0.006250897136651945,0.006231441314613235,0.06967123385895956,9861.87490234375,9694.7809765625,0.04806028178627142,0.24060542797494788,0.0
2017-08-01,10114.650390625,10114.650390625,10128.599609375,10065.75,10101.0498046875,184300,0.0037263481265050746,0.003719422490879323,0.06917012420426547,9886.942431640626,9708.308984375,0.05215176850024372,-0.22465292385359692,0.0
2017-08-02,10081.5,10081.5,10137.849609375,10054.2001953125,10136.2998046875,161500,-0.0032774628232060676,-0.0032828454686495033,0.07219501143143767,9909.137451171875,9722.2159765625,0.046059227257500446,-0.12371134020618557,-0.0032774628232060676
2017-08-03,10013.650390625,10013.650390625,10081.150390625,9998.25,10081.150390625,192700,-0.006730110536626532,-0.006752859858295522,0.07861517410186089,9926.09248046875,9735.27798828125,0.035050787146002405,0.193188854489164,-0.009985515672752632
2017-08-04,10066.400390625,10066.400390625,10075.25,9988.349609375,10008.599609375,178600,0.0052678092346210015,0.005253982862758577,0.07892428165408379,9946.122509765624,9746.41099609375,0.04144515653461256,-0.07317073170731703,-0.004770308229805065
2017-08-07,10057.400390625,10057.400390625,10088.099609375,10046.349609375,10074.7998046875,137400,-0.000894063384204502,-0.0008944632972548343,0.07227965836108648,9960.4400390625,9755.65701171875,0.029306020505609043,-0.2306830907054871,-0.005660106656089958
2017-08-08,9978.5498046875,9978.5498046875,10083.7998046875,9947.0,10068.349609375,203300,-0.007840056363968673,-0.007870951189924851,0.07947619456951517,9970.0650390625,9763.13,0.01967085839965721,0.47962154294032033,-0.013455787464848767
2017-08-09,9908.0498046875,9908.0498046875,9969.7998046875,9893.0498046875,9961.150390625,169200,-0.007065154895241621,-0.007090231284273741,0.08397942256043266,9974.662548828124,9768.8,0.00936728425460176,-0.16773241515002457,-0.020425875137413785
2017-08-10,9820.25,9820.25,9892.650390625,9776.2001953125,9872.849609375,235500,-0.008861461782919355,-0.008900958038211523,0.08570553903233111,9971.0900390625,9772.78,-0.007223247156879942,0.39184397163120566,-0.029106333808420315
2017-08-11,9710.7998046875,9710.7998046875,9771.650390625,9685.5498046875,9712.150390625,285900,-0.011145357329243155,-0.01120793220489222,0.09396609164161109,9962.312548828126,9774.67400390625,-0.017756787047165545,0.21401273885350314,-0.03992729064682432
2017-08-14,9794.150390625,9794.150390625,9818.2998046875,9752.099609375,9755.75,195600,0.008583287433983067,0.008546660459731773,0.09895184447223486,9956.22255859375,9777.48701171875,-0.012283220698816932,-0.3158447009443861,-0.03168671062492312
2017-08-16,9897.2998046875,9897.2998046875,9903.9501953125,9773.849609375,9825.849609375,219500,0.010531736796816515,0.010476664391422662,0.10120139356144006,9959.730029296876,9781.931015625,0.00713832711153195,0.1221881390593047,-0.021488689924365256
2017-08-17,9904.150390625,9904.150390625,9947.7998046875,9883.75,9945.5498046875,197600,0.0006921671640436333,0.0006919277268328227,0.09780536364150738,9959.957568359376,9787.271015625,0.0004596934653489093,-0.09977220956719812,-0.020811396525885595
2017-08-18,9837.400390625,9837.400390625,9865.9501953125,9783.650390625,9865.9501953125,246300,-0.006739598791147605,-0.006762412448120804,0.10034888626604248,9958.16259765625,9790.741015625,-0.0036360097204235498,0.24645748987854255,-0.02741073485416512
2017-08-21,9754.349609375,9754.349609375,9884.349609375,9740.099609375,9864.25,205300,-0.008442350412935062,-0.008478188903126932,0.10303454870467942,9950.117578125,9792.8830078125,-0.016227567698746892,-0.1664636622005684,-0.03562167423838525
2017-08-22,9765.5498046875,9765.5498046875,9828.4501953125,9752.599609375,9815.75,183600,0.0011482257414410224,0.0011475670344457027,0.10092113152758142,9940.075048828125,9794.82900390625,-0.020152771117487145,-0.1056989771066732,-0.03451435022025795
2017-08-23,9852.5,9852.5,9857.900390625,9786.75,9803.0498046875,168600,0.008903768559017866,0.008864363739937172,0.10684966116932021,9934.47255859375,9799.55099609375,-0.011244843659147574,-0.0816993464052288,-0.025917889447566123
2017-08-24,9857.0498046875,9857.0498046875,9881.5,9848.849609375,9881.2001953125,184700,0.00046179189926420783,0.0004616853061997081,0.10443534332382373,9926.292529296876,9804.553984375,-0.016326344055527575,0.09549228944246746,-0.025468066219694885
2017-08-28,9912.7998046875,9912.7998046875,9925.75,9882.0,9907.150390625,159600,0.005655850493267112,0.005639916223863896,0.10691495072194628,9920.905029296875,9810.44697265625,-0.010752902994364266,-0.13589604764482943,-0.019956259301318946
2017-08-29,9796.0498046875,9796.0498046875,9887.349609375,9783.75,9886.400390625,173300,-0.011777701789638884,-0.011847608353940924,0.11420421932363833,9909.98251953125,9814.80697265625,-0.021813390115582365,0.08583959899749383,-0.031498922220070225
2017-08-30,9884.400390625,9884.400390625,9909.4501953125,9850.7998046875,9859.5,157800,0.009019001301445284,0.0089785730092648,0.1169279428258753,9900.34755859375,9820.733984375,-0.01912248823765983,-0.0894402769763416,-0.02276400973912185
2017-08-31,9917.900390625,9917.900390625,9925.099609375,9856.9501953125,9905.7001953125,327700,0.0033891787742403867,0.0033834484516002566,0.11675536118490494,9890.51005859375,9825.94099609375,-0.019451982263505863,1.076679340937896,-0.019451982263505863
2017-09-01,9974.400390625,9974.400390625,9983.4501953125,9909.849609375,9937.650390625,157800,0.00569677026131532,0.005680605029627355,0.1187312909317578,9885.155078125,9832.35900390625,-0.010623380387343118,-0.518462007934086,-0.013866025476272914
2017-09-04,9912.849609375,9912.849609375,9988.400390625,9861.0,9984.150390625,148800,-0.006170875324781666,-0.006189993868598528,0.11835649201571033,9880.1150390625,9837.94400390625,-0.010066337181530938,-0.057034220532319435,-0.01995133528659021
2017-09-05,9952.2001953125,9952.2001953125,9963.099609375,9901.0498046875,9933.25,139200,0.003969654285916446,0.003961795997934277,0.11760896172837815,9874.405029296875,9844.3880078125,-0.011344690344212482,-0.06451612903225812,-0.01606088090430402
2017-09-06,9916.2001953125,9916.2001953125,9931.5498046875,9882.5498046875,9899.25,149200,-0.0036172905783141696,-0.0036238487939692175,0.11810668465324564,9867.34501953125,9851.2130078125,-0.01403943263948404,0.07183908045977017,-0.019620074609443594
2017-09-07,9929.900390625,9929.900390625,9964.849609375,9917.2001953125,9945.849609375,188800,0.0013815972895521167,0.001380643762176384,0.11519342216059664,9864.912548828124,9859.5830078125,-0.004875399232827093,0.2654155495978552,-0.01826558436179271
2017-09-08,9934.7998046875,9934.7998046875,9963.599609375,9913.2998046875,9958.650390625,163600,0.0004934001218306339,0.0004932784400140928,0.11232548181734812,9866.250048828126,9868.45400390625,0.0026998249430825183,-0.13347457627118642,-0.01778119648151144
2017-09-11,10006.0498046875,10006.0498046875,10028.650390625,9968.7998046875,9971.75,173000,0.007171760015373785,0.007146165244692658,0.1096146763627081,9875.5400390625,9878.4930078125,0.018920068703699,0.057457212713936334,-0.010736958940089414
2017-09-12,10093.0498046875,10093.0498046875,10097.5498046875,10028.0498046875,10056.849609375,182600,0.008694739852208588,0.008657158285843384,0.10289694525652776,9894.6525390625,9889.93599609375,0.03936339000784295,0.05549132947976876,-0.00213557415266874
2017-09-13,10079.2998046875,10079.2998046875,10131.9501953125,10063.150390625,10099.25,215000,-0.0013623236054590704,-0.0013632524119145414,0.10042881813190391,9908.910009765625,9899.2219921875,0.029114257254559517,0.1774370208105147,-0.0034949884150484722
2017-09-14,10086.599609375,10086.599609375,10126.5,10070.349609375,10107.400390625,225600,0.0007242372812548137,0.0007239751479918529,0.09457944469280241,9918.375,9908.68798828125,0.0191264090633938,0.049302325581395356,-0.0027732823347013102
2017-09-15,10085.400390625,10085.400390625,10115.150390625,10043.650390625,10062.349609375,266600,-0.00011889227256378643,-0.0001188993408102696,0.09465224511066198,9927.4375,9917.64400390625,0.018300408702554227,0.18173758865248235,-0.0028918448854259315
2017-09-18,10153.099609375,10153.099609375,10171.7001953125,10131.2998046875,10133.099609375,156100,0.006712596042585561,0.006690166885736892,0.0922093997596768,9943.2224609375,9927.215,0.03209173218677375,-0.4144786196549137,0.0
2017-09-19,10147.5498046875,10147.5498046875,10178.9501953125,10129.9501953125,10175.599609375,187500,-0.0005466118624873895,-0.0005467613092135457,0.08473005033584788,9962.882470703125,9936.85,0.040310242205650715,0.2011531069827035,-0.0005466118624873895
2017-09-20,10141.150390625,10141.150390625,10171.0498046875,10134.2001953125,10160.9501953125,199400,-0.0006306363787978997,-0.000630835313560427,0.08519454271258484,9981.6625,9944.25201171875,0.03846179615583045,0.06346666666666656,-0.0011769035279597384
2017-09-21,10121.900390625,10121.900390625,10158.900390625,10058.599609375,10139.599609375,191800,-0.0018982067377479872,-0.001900010615274047,0.08201092387713127,9995.13251953125,9950.9690234375,0.02734335352702355,-0.03811434302908723,-0.003072876259501256
2017-09-22,9964.400390625,9964.400390625,10095.0498046875,9952.7998046875,10094.349609375,226600,-0.01556031910231781,-0.01568265154818977,0.10193018072766752,10000.500048828126,9953.9350390625,0.010890741962818362,0.18143899895724713,-0.018585380426659248
2017-09-25,9872.599609375,9872.599609375,9960.5,9816.0498046875,9960.099609375,221400,-0.009212875602266135,-0.009255576609087487,0.10569263592640098,9998.4900390625,9953.55302734375,-0.0040553825462600335,-0.02294792586054717,-0.027627031231033827
2017-09-26,9871.5,9871.5,9891.349609375,9813.0,9875.25,190900,-0.00011137992205778602,-0.00011138612526191736,0.09633958318807055,10002.262548828125,9953.25603515625,0.007702104094692963,-0.1377597109304426,-0.02773533405650641
2017-09-27,9735.75,9735.75,9921.0498046875,9714.400390625,9920.599609375,200100,-0.013751709466646389,-0.013847140123069935,0.1031600565139167,9994.830029296874,9949.65203125,-0.015038888020561081,0.04819277108433728,-0.04110563526724731
2017-09-28,9768.9501953125,9768.9501953125,9789.2001953125,9687.5498046875,9736.400390625,385000,0.003410132276660871,0.0034043309606841105,0.10317120073683789,9987.38251953125,9948.48802734375,-0.015018319346431053,0.9240379810094952,-0.03783567864416404
2017-09-29,9788.599609375,9788.599609375,9854.0,9775.349609375,9814.2998046875,196300,0.002011415113154058,0.0020093949262780385,0.1009318427419116,9978.09248046875,9946.26802734375,-0.018627764474407393,-0.4901298701298701,-0.03590036678685138
2017-10-03,9859.5,9859.5,9895.400390625,9831.0498046875,9893.2998046875,162800,0.007243159742390093,0.00721705404356513,0.1028835704977323,9975.425,9945.99203125,-0.005381864093302213,-0.17065715741212428,-0.028917239135908934
2017-10-04,9914.900390625,9914.900390625,9938.2998046875,9850.650390625,9884.349609375,156200,0.005618985813175215,0.005603258200374948,0.10393859380357368,9973.560009765624,9945.9850390625,-0.003747895335251439,-0.04054054054054057,-0.023460738879194643
2017-10-05,9888.7001953125,9888.7001953125,9945.9501953125,9881.849609375,9927.0,147800,-0.0026425071639926134,-0.0026460047490028745,0.10356713504971725,9972.185009765624,9944.43103515625,-0.0027732396944748494,-0.05377720870678615,-0.02604125087262643
2017-10-06,9979.7001953125,9979.7001953125,9989.349609375,9906.599609375,9908.150390625,195800,0.009202422785872022,0.009160338481321154,0.10863849788984037,9974.675,9944.73404296875,0.005015136378861973,0.32476319350473615,-0.0170784706871574
2017-10-09,9988.75,9988.75,10015.75,9959.4501953125,9988.2001953125,143900,0.0009068212982741297,0.0009064103842389305,0.10866065707977461,9977.372509765624,9944.09603515625,0.0054304260149302674,-0.26506639427987744,-0.01618713650984427
2017-10-10,10016.9501953125,10016.9501953125,10034.0,10002.2998046875,10013.7001953125,148600,0.0028231956263296,0.0028192178944088774,0.10608439828287475,9977.917529296876,9944.02404296875,0.0010893800088715988,0.03266157053509389,-0.013409640336512041
2017-10-11,9984.7998046875,9984.7998046875,10067.25,9955.7998046875,10042.599609375,189700,-0.0032095987299651796,-0.00321476053982032,0.10159045805412668,9972.505029296875,9943.4300390625,-0.010725202202977901,0.27658142664872143,-0.016576199501883937
2017-10-12,10096.400390625,10096.400390625,10104.4501953125,9977.099609375,10011.2001953125,200900,0.011177047924897598,0.011115046293774924,0.10958906315525527,9973.36005859375,9943.8160546875,0.0016966045527833096,0.05904059040590415,-0.005584424553231604
2017-10-13,10167.4501953125,10167.4501953125,10191.900390625,10120.099609375,10123.7001953125,230100,0.007037142143597297,0.007012497012134821,0.11231502459902871,9977.402587890625,9944.87205078125,0.008015643434716502,0.145345943255351,0.0
2017-10-16,10230.849609375,10230.849609375,10242.9501953125,10175.099609375,10207.400390625,203000,0.006235527378509298,0.006216166917771876,0.11416338937153195,9984.675048828125,9947.85904296875,0.014421759485642616,-0.11777488048674489,0.0
2017-10-17,10234.4501953125,10234.4501953125,10251.849609375,10212.599609375,10227.650390625,195700,0.00035193420634405115,0.0003518722920273383,0.11195988064323342,9988.742578125,9952.2750390625,0.008012389227658456,-0.03596059113300487,0.0
2017-10-18,10210.849609375,10210.849609375,10236.4501953125,10175.75,10209.400390625,254200,-0.0023059945074831445,-0.0023086574073600593,0.11233134705133209,9991.907568359375,9955.1640234375,0.006237939788998004,0.2989269289729177,-0.0023059945074831445
2017-10-19,10146.5498046875,10146.5498046875,10211.9501953125,10123.349609375,10210.349609375,30200,-0.006297204164917303,-0.006317115188263494,0.11475098709800914,9992.1775390625,9956.94701171875,0.0005324261897832194,-0.8811959087332809,-0.00858867735418356
2017-10-23,10184.849609375,10184.849609375,10224.150390625,10124.5,10176.650390625,218100,0.00377466285828576,0.003767556695072139,0.11525133187812461,9995.325,9961.0730078125,0.006219110672962547,6.2218543046357615,-0.004846433857308541
2017-10-24,10207.7001953125,10207.7001953125,10237.75,10182.400390625,10218.5498046875,217200,0.0022435859942857572,0.002241072913402321,0.09862573480406685,10007.489990234375,9967.066015625,0.024416903692108693,-0.004126547455295726,-0.002613721254147272
2017-10-25,10295.349609375,10295.349609375,10340.5498046875,10240.900390625,10321.150390625,594200,0.008586597606260904,0.008549942456258083,0.09370407374324845,10028.627490234376,9976.5680078125,0.04282053529230101,1.7357274401473295,0.0
2017-10-26,10343.7998046875,10343.7998046875,10355.650390625,10271.849609375,10291.7998046875,429700,0.004706027201677676,0.004694988474485417,0.09375521019627389,10052.24248046875,9989.2280078125,0.04784478596844455,-0.27684281386738474,0.0
2017-10-27,10323.0498046875,10323.0498046875,10366.150390625,10311.2998046875,10362.2998046875,312700,-0.002006032637116295,-0.0020080474155119445,0.07398371103423741,10081.607470703126,9999.80599609375,0.0603240433133041,-0.2722829881312544,-0.002006032637116295
2017-10-30,10363.650390625,10363.650390625,10384.5,10344.2998046875,10353.849609375,236900,0.00393300300838062,0.003925288971653147,0.07405120866818742,10111.34248046875,10009.1330078125,0.060876571527394896,-0.24240486088903102,0.0
2017-10-31,10335.2998046875,10335.2998046875,10367.7001953125,10323.9501953125,10364.900390625,232600,-0.002735579151063039,-0.0027393276855447964,0.076725498422412,10138.677490234375,10017.75599609375,0.055850705629935105,-0.018151118615449602,-0.002735579151063039
2017-11-01,10440.5,10440.5,10451.650390625,10383.0498046875,10390.349609375,260300,0.010178727013297362,0.010127272636955603,0.07962965734907079,10167.727490234374,10029.81798828125,0.058927937522186724,0.11908856405846957,0.0
2017-11-02,10423.7998046875,10423.7998046875,10453.0,10412.5498046875,10440.5,201500,-0.0015995589591015769,-0.001600839619376669,0.08044329186512489,10193.1724609375,10043.2069921875,0.05132672987251463,-0.22589320015366887,-0.0015995589591015769
2017-11-03,10452.5,10452.5,10461.7001953125,10403.599609375,10461.5498046875,199900,0.0027533333189682097,0.002749549839980272,0.07810914216850953,10221.362451171875,10056.94599609375,0.05701455131127897,-0.007940446650124056,0.0
2017-11-06,10451.7998046875,10451.7998046875,10490.4501953125,10413.75,10431.75,193600,-6.698831021290097e-05,-6.699055402996047e-05,0.07490191212266999,10244.967431640625,10068.9319921875,0.04730599117564149,-0.031515757878939454,-6.698831021290097e-05
2017-11-07,10350.150390625,10350.150390625,10485.75,10340.7998046875,10477.150390625,286900,-0.009725541625559164,-0.009773143593572503,0.0862860588358917,10263.037451171875,10078.79400390625,0.03618074239769742,0.4819214876033058,-0.009791878438172641
2017-11-08,10303.150390625,10303.150390625,10384.25,10285.5,10361.9501953125,274500,-0.004540996818999998,-0.004551338464517429,0.08902824207652162,10277.3474609375,10086.601015625,0.02857159012794419,-0.04322063436737544,-0.014288410368332949
2017-11-09,10308.9501953125,10308.9501953125,10368.4501953125,10266.9501953125,10358.650390625,240200,0.0005629156585715833,0.0005627572809849458,0.08742169462056157,10293.55498046875,10096.8590234375,0.03246438556262521,-0.1249544626593807,-0.013733537879693891
2017-11-10,10321.75,10321.75,10344.9501953125,10254.099609375,10304.349609375,279400,0.0012416205767800115,0.0012408504033945,0.07986324129335098,10304.8224609375,10105.606015625,0.022319797220428095,0.1631973355537053,-0.012508969146137305
2017-11-13,10224.9501953125,10224.9501953125,10334.150390625,10216.25,10322.0,210300,-0.009378235734008311,-0.009422488277922888,0.08488532483373079,10307.6974609375,10111.74701171875,0.005655301859900819,-0.24731567644953467,-0.021769892818703673
2017-11-14,10186.599609375,10186.599609375,10248.0,10175.5498046875,10223.400390625,305000,-0.0037506868204679744,-0.003757738283689395,0.08299960545212677,10305.4849609375,10115.99099609375,-0.004325153989112707,0.45030908226343325,-0.025438927589093496
2017-11-15,10118.0498046875,10118.0498046875,10175.4501953125,10094.0,10171.9501953125,207400,-0.00672940994209803,-0.0067521545169891405,0.08612590961466197,10299.66494140625,10120.095,-0.011373389718415283,-0.31999999999999995,-0.03199714855895719
2017-11-16,10214.75,10214.75,10232.25,10139.2001953125,10152.900390625,182600,0.009557197007243445,0.009511815914835575,0.09291733844835384,10299.8599609375,10125.34599609375,0.00038198492527197203,-0.11957569913211186,-0.022745754604161728
2017-11-17,10283.599609375,10283.599609375,10343.599609375,10268.0498046875,10324.5498046875,203300,0.006740214824151325,0.006717601133431633,0.0926476809091275,10306.712451171876,10132.693984375,0.013507035132689804,0.1133625410733845,-0.016158851052379797
2017-11-20,10298.75,10298.75,10309.849609375,10261.5,10287.2001953125,147200,0.0014732575363192169,0.001472173357154509,0.09198600904415971,10312.407470703125,10140.0709765625,0.011183315904847113,-0.27594687653713723,-0.014709399665151834
2017-11-21,10326.900390625,10326.900390625,10358.7001953125,10315.0498046875,10329.25,186100,0.0027333793542905216,0.0027296504663746014,0.09212096174568503,10318.36748046875,10147.91298828125,0.011677478083382375,0.26426630434782616,-0.012016226680220066
2017-11-22,10342.2998046875,10342.2998046875,10368.7001953125,10309.5498046875,10350.7998046875,157600,0.00149119420929833,0.0014900834832817704,0.08730303767013992,10320.714990234375,10154.63798828125,0.004560330352428865,-0.153143471252015,-0.010542950998564948
2017-11-23,10348.75,10348.75,10374.2998046875,10307.2998046875,10358.4501953125,153000,0.0006236712756650942,0.0006234768735595227,0.08572160987461679,10320.9625,10159.7519921875,0.0004785664268420753,-0.029187817258883197,-0.009925855058598443
2017-11-24,10389.7001953125,10389.7001953125,10404.5,10362.25,10366.7998046875,129200,0.003957018510689636,0.003949210104835523,0.08645377108581824,10324.29501953125,10165.96,0.00645646314665016,-0.15555555555555556,-0.006008113340109977
2017-11-27,10399.5498046875,10399.5498046875,10407.150390625,10340.2001953125,10361.0498046875,141900,0.000948016707878141,0.0009475676238426342,0.08544789682602304,10326.089990234375,10172.21900390625,0.0034639738614663518,0.09829721362229105,-0.005065792424061244
2017-11-28,10370.25,10370.25,10409.5498046875,10355.2001953125,10387.900390625,196000,-0.0028174108723719726,-0.0028213872448567432,0.08548547872156059,10327.8375,10177.91599609375,0.003381633428441777,0.3812544045102184,-0.0078689308777804
2017-11-29,10361.2998046875,10361.2998046875,10392.9501953125,10345.900390625,10376.650390625,152500,-0.0008630645657047298,-0.0008634372203591307,0.0769835599349345,10323.877490234376,10182.08,-0.007585862297064372,-0.22193877551020413,-0.008725204048074642
2017-11-30,10226.5498046875,10226.5498046875,10332.7001953125,10211.25,10332.7001953125,342500,-0.013005125084696312,-0.013090432150481796,0.08922814483211237,10314.014990234375,10183.66,-0.018923041855744227,1.2459016393442623,-0.02161685676273617
2017-12-01,10121.7998046875,10121.7998046875,10272.7001953125,10108.5498046875,10263.7001953125,143400,-0.010242946252702612,-0.010295766224326257,0.09393572101786604,10297.47998046875,10183.27298828125,-0.03163838271346564,-0.5813138686131387,-0.03163838271346564
2017-12-04,10127.75,10127.75,10179.2001953125,10095.7001953125,10175.0498046875,148600,0.0005878594150563465,0.0005876866933977984,0.09410670836919836,10281.277490234375,10183.38998046875,-0.0310042108290447,0.036262203626220346,-0.031069122219564704
2017-12-05,10118.25,10118.25,10147.9501953125,10069.099609375,10118.25,155500,-0.0009380168349337747,-0.000938457048031478,0.08898436155680664,10269.682470703125,10186.46697265625,-0.022405509279850855,0.04643337819650073,-0.03197799569480986
2017-12-06,10044.099609375,10044.099609375,10104.2001953125,10033.349609375,10088.7998046875,166100,-0.007328380957675518,-0.007355365457362713,0.0909480152658648,10256.729931640624,10189.89697265625,-0.02514287100824175,0.06816720257234721,-0.039072029717770906
2017-12-07,10166.7001953125,10166.7001953125,10182.650390625,10061.900390625,10063.4501953125,166200,0.012206229598028528,0.012132334291871919,0.10257472103554124,10249.617431640625,10195.8009765625,-0.013798689226831362,0.0006020469596628164,-0.027342722285338406
2017-12-08,10265.650390625,10265.650390625,10270.849609375,10195.25,10198.4501953125,200000,0.009732773998600175,0.009685715646246356,0.10887490721221903,10246.812451171874,10206.398984375,-0.005435087012861217,0.2033694344163659,-0.017876068823247993
2017-12-11,10322.25,10322.25,10329.2001953125,10282.0498046875,10310.5,147400,0.0055134947345070184,0.005498351059959995,0.10505894165869735,10251.67744140625,10217.46498046875,0.009515919669917494,-0.263,-0.012461133700071736
2017-12-12,10240.150390625,10240.150390625,10326.099609375,10230.2001953125,10324.900390625,175100,-0.007953654423696332,-0.007985453457626933,0.1083379374612568,10254.35498046875,10226.49599609375,0.005256983027065898,0.18792401628222533,-0.020315676572590258
2017-12-13,10192.9501953125,10192.9501953125,10296.5498046875,10169.849609375,10236.599609375,181600,-0.004609326378225087,-0.0046199820794001496,0.1067598702553309,10258.1,10233.165,0.007402650913054476,0.03712164477441471,-0.024831361366897897
2017-12-14,10252.099609375,10252.099609375,10276.099609375,10141.5498046875,10229.2998046875,154300,0.005802972930222028,0.005786200538018408,0.10329076456618452,10259.96748046875,10239.908984375,0.003656438911867621,-0.15033039647577096,-0.01917248415450845
2017-12-15,10333.25,10333.25,10373.099609375,10319.650390625,10345.650390625,255100,0.007915489872025061,0.007884326721783314,0.10434744141072401,10262.45,10248.79998046875,0.004828113939766343,0.6532728451069345,-0.011408753886629985
2017-12-18,10388.75,10388.75,10443.5498046875,10074.7998046875,10263.099609375,230400,0.005371011056540809,0.005356638616709943,0.10585551308618021,10266.95,10256.9809765625,0.008738924626775058,-0.09682477459819683,-0.006099019373355663
2017-12-19,10463.2001953125,10463.2001953125,10472.2001953125,10406.0,10414.7998046875,169100,0.007166424768379365,0.007140867974318959,0.10825465414769964,10273.764990234375,10266.46998046875,0.013198520323797869,-0.2660590277777778,0.0
2017-12-20,10444.2001953125,10444.2001953125,10494.4501953125,10437.150390625,10494.400390625,175200,-0.001815888030940238,-0.0018175387542658723,0.10855276483383561,10278.860009765625,10275.01498046875,0.00985277864202061,0.03607332939089303,-0.001815888030940238
2017-12-21,10440.2998046875,10440.2998046875,10473.9501953125,10426.900390625,10473.9501953125,151900,-0.00037345038892977467,-0.00037352013889224483,0.1085942134713366,10283.4375,10284.12498046875,0.008846460170310433,-0.13299086757990863,-0.0021886602757786866
2017-12-22,10493.0,10493.0,10501.099609375,10448.25,10457.2998046875,138800,0.0050477664720738336,0.0050350692095142814,0.10912665842025092,10288.602490234374,10292.05697265625,0.009942520260026955,-0.08624094799210003,0.0
2017-12-26,10531.5,10531.5,10545.4501953125,10477.9501953125,10512.2998046875,155600,0.003669112741827796,0.0036623979675021196,0.1097000843698178,10295.2,10299.33796875,0.012688068021273757,0.12103746397694515,0.0
2017-12-27,10490.75,10490.75,10552.400390625,10469.25,10531.0498046875,165200,-0.003869344347908643,-0.0038768496273459364,0.11020338824855756,10301.225,10304.5359765625,0.011619777729563019,0.06169665809768632,-0.003869344347908643
2017-12-28,10477.900390625,10477.900390625,10534.5498046875,10460.4501953125,10498.2001953125,272900,-0.0012248513571480046,-0.0012256021006669842,0.11027367645352791,10307.055029296875,10309.40498046875,0.011253470909581287,0.6519370460048426,-0.00508945633338076
2017-12-29,10530.7001953125,10530.7001953125,10538.7001953125,10488.650390625,10492.349609375,152000,0.005039158869532878,0.005026504801246669,0.0986714724259589,10322.262548828125,10315.8019921875,0.029741251588643047,-0.4430194210333456,-7.594404287136758e-05
2018-01-02,10442.2001953125,10442.2001953125,10495.2001953125,10404.650390625,10477.5498046875,153400,-0.008403999578242116,-0.008439512288536271,0.09591851357246041,10338.282568359375,10321.715,0.03165448801670823,0.009210526315789558,-0.008479305387409153
2018-01-03,10443.2001953125,10443.2001953125,10503.599609375,10429.5498046875,10482.650390625,167300,9.576525840304662e-05,9.576067320342099e-05,0.09600038763690798,10354.055078125,10326.88201171875,0.031147115135395254,0.09061277705345505,-0.008384352151877716
2018-01-04,10504.7998046875,10504.7998046875,10513.0,10441.4501953125,10469.400390625,174900,0.0058985376343401175,0.005881209368789884,0.09672061671727153,10373.382568359375,10332.82400390625,0.03820322730585812,0.04542737597130908,-0.0025352699342449103
2018-01-05,10558.849609375,10558.849609375,10566.099609375,10520.099609375,10534.25,180900,0.005145248428569005,0.005132056867763014,0.09089715274474576,10399.120068359374,10338.09400390625,0.05124899393864446,0.03430531732418518,0.0
2018-01-08,10623.599609375,10623.599609375,10631.2001953125,10588.5498046875,10591.7001953125,169000,0.006132296831134809,0.006113570815585057,0.08473906835453546,10421.9650390625,10343.69,0.044940777763188056,-0.06578220011055835,0.0
2018-01-09,10637.0,10637.0,10659.150390625,10603.599609375,10645.099609375,205000,0.0012613794869653638,0.001260584616212523,0.08001052131724545,10440.53251953125,10349.96900390625,0.036173997286536475,0.21301775147928992,0.0
2018-01-10,10632.2001953125,10632.2001953125,10655.5,10592.7001953125,10652.0498046875,176400,-0.0004512366915013777,-0.0004513385294137436,0.07912239625748095,10456.030029296875,10355.34,0.030027386985637783,-0.13951219512195123,-0.0004512366915013777
2018-01-11,10651.2001953125,10651.2001953125,10664.599609375,10612.349609375,10637.0498046875,153800,0.0017870242895141608,0.0017854294613236375,0.07078247173734417,10476.58251953125,10361.6580078125,0.0401409929549299,-0.1281179138321995,0.0
2018-01-12,10681.25,10681.25,10690.400390625,10597.099609375,10682.5498046875,175200,0.00282125996474325,0.0028172876803263624,0.06638854828344379,10500.997509765624,10366.4730078125,0.04790564020533106,0.1391417425227568,0.0
2018-01-15,10741.5498046875,10741.5498046875,10782.650390625,10713.7998046875,10718.5,175900,0.005645388385020489,0.005629512900836509,0.06628290687157354,10525.47001953125,10372.8280078125,0.04774145920947981,0.003995433789954372,0.0
2018-01-16,10700.4501953125,10700.4501953125,10762.349609375,10687.849609375,10761.5,211000,-0.003826227138756466,-0.00383356587156863,0.06631458864518626,10543.830029296874,10377.78701171875,0.03553578935112389,0.1995451961341672,-0.003826227138756466
2018-01-17,10788.5498046875,10788.5498046875,10803.0,10666.75,10702.4501953125,252700,0.008233261943837888,0.00819955353642979,0.069077851363656,10563.82001953125,10384.52201171875,0.03848391815064378,0.1976303317535546,0.0
2018-01-18,10817.0,10817.0,10887.5,10782.400390625,10873.400390625,312000,0.002637073177355065,0.002633602200690908,0.06633020744462081,10581.510009765625,10393.85900390625,0.03381372793058102,0.23466561139691344,0.0
2018-01-19,10894.7001953125,10894.7001953125,10906.849609375,10793.900390625,10829.2001953125,207600,0.007183155709762357,0.007157479729840962,0.06772057451150344,10604.035009765625,10405.69,0.04313398743564778,-0.33461538461538465,0.0
2018-01-22,10966.2001953125,10966.2001953125,10975.099609375,10881.400390625,10883.2001953125,231600,0.006562824007838586,0.006541382438729125,0.06879491360661112,10630.330029296874,10418.835,0.05037215410125295,0.11560693641618491,0.0
2018-01-23,11083.7001953125,11083.7001953125,11092.900390625,10994.5498046875,10997.400390625,284600,0.010714741469905364,0.010657745398174344,0.07426685004684389,10659.8650390625,10434.07400390625,0.05629469125250175,0.22884283246977555,0.0
2018-01-24,11086.0,11086.0,11110.099609375,11046.150390625,11069.349609375,283400,0.00020749430668232094,0.000207472782716017,0.07470796661800946,10687.5900390625,10451.295,0.05265156910221713,-0.0042164441321153046,0.0
2018-01-25,11069.650390625,11069.650390625,11095.599609375,11009.2001953125,11095.599609375,330300,-0.001474797886974577,-0.0014758864718050037,0.07241272227059926,10716.53505859375,10468.956015625,0.055181983235230936,0.16549047282992246,-0.001474797886974577
2018-01-29,11130.400390625,11130.400390625,11171.5498046875,11075.9501953125,11079.349609375,241700,0.005487978197707966,0.00547297411504586,0.07151216029626606,10749.16005859375,10489.20302734375,0.06227392661451692,-0.2682409930366334,0.0
2018-01-30,11049.650390625,11049.650390625,11121.099609375,11033.900390625,11120.849609375,228000,-0.0072549052294663685,-0.007281350035077295,0.07979839449266733,10775.107568359375,10505.90103515625,0.04927974262751289,-0.056681836988001666,-0.0072549052294663685
2018-01-31,11027.7001953125,11027.7001953125,11058.5,10979.2998046875,11018.7998046875,245900,-0.001986505865481769,-0.0019884815852113905,0.0709674106304309,10804.382568359375,10520.783046875,0.056070558794958814,0.07850877192982453,-0.009226999183156392
2018-02-01,11016.900390625,11016.900390625,11117.349609375,10878.7998046875,11044.5498046875,306200,-0.000979334267002474,-0.000979814128127614,0.07159639101717563,10833.067578125,10535.1460546875,0.054935286558042806,0.24522163481089865,-0.01019729713367723
2018-02-02,10760.599609375,10760.599609375,10954.9501953125,10736.099609375,10938.2001953125,282700,-0.023264327729431322,-0.023539213933076866,0.11631482082931345,10845.857568359375,10543.8200390625,0.024350754840026134,-0.07674722403657741,-0.03322439160063628
2018-02-05,10666.5498046875,10666.5498046875,10702.75,10586.7998046875,10604.2998046875,240100,-0.00874020111347329,-0.00877862069830589,0.12048854115028504,10851.242578125,10550.3050390625,0.010199993303898758,-0.15068977714892107,-0.041674204849647234
2018-02-06,10498.25,10498.25,10594.150390625,10276.2998046875,10295.150390625,266500,-0.015778279553294694,-0.01590408165467595,0.13172478922890837,10844.97509765625,10553.2950390625,-0.011799165441474524,0.10995418575593496,-0.056794937148662905
2018-02-07,10476.7001953125,10476.7001953125,10614.0,10446.400390625,10607.2001953125,250400,-0.0020527044686019513,-0.0020548141539544224,0.13163154084977044,10836.960107421875,10555.0350390625,-0.01507002018308734,-0.06041275797373358,-0.0587310583959858
2018-02-08,10576.849609375,10576.849609375,10637.7998046875,10479.5498046875,10518.5,232200,0.009559251691416026,0.009513851145813865,0.13659976298996993,10834.192578125,10558.58103515625,-0.005205939026797335,-0.07268370607028751,-0.04973323167388022
2018-02-09,10454.9501953125,10454.9501953125,10480.2001953125,10398.2001953125,10416.5,191600,-0.011525115565078292,-0.0115920444485001,0.142085091824935,10824.380078125,10560.2750390625,-0.01842515363539665,-0.17484926787252364,-0.06068516599649221
2018-02-12,10539.75,10539.75,10555.5,10485.400390625,10518.2001953125,217400,0.008110971654893273,0.008078254517088934,0.14512009381663565,10817.305078125,10563.84404296875,-0.013247513165593916,0.13465553235908145,-0.05306641000286905
2018-02-14,10500.900390625,10500.900390625,10590.5498046875,10456.650390625,10585.75,229200,-0.0036860086221209842,-0.003692818691702758,0.1435195386231012,10805.272607421875,10569.3310546875,-0.022403602686595803,0.054277828886844626,-0.05655681538017443
2018-02-15,10545.5,10545.5,10618.099609375,10511.0498046875,10537.900390625,210600,0.004247217640005241,0.004238223668407977,0.14436255422299596,10797.52509765625,10577.80505859375,-0.014480717398262177,-0.08115183246073299,-0.05254980684411448
2018-02-16,10452.2998046875,10452.2998046875,10612.900390625,10434.0498046875,10596.2001953125,184300,-0.00883791146104973,-0.008877197442514924,0.1430743397071107,10780.71259765625,10584.2960546875,-0.03116730293573866,-0.12488129154795824,-0.06092328776498068
2018-02-19,10378.400390625,10378.400390625,10489.349609375,10302.75,10488.900390625,187300,-0.0070701582851038225,-0.007095270288084443,0.14343863622362635,10758.7826171875,10589.4990625,-0.04054725056623831,0.016277807921866616,-0.06756270876233705
2018-02-20,10360.400390625,10360.400390625,10429.349609375,10347.650390625,10391.0,187700,-0.001734371321447492,-0.0017358770846747271,0.13926397475895358,10732.067626953125,10595.825078125,-0.04904217602218974,0.0021356113187400716,-0.06917990125930795
2018-02-21,10397.4501953125,10397.4501953125,10426.099609375,10349.599609375,10426.0,234100,0.003576097765586983,0.003569718731482044,0.13708351236534938,10703.630126953125,10600.440078125,-0.0518639081787976,0.2472029834842835,-0.0658511975840379
2018-02-22,10382.7001953125,10382.7001953125,10397.5498046875,10340.650390625,10354.349609375,313600,-0.0014186170381128571,-0.0014196242279203768,0.12791506385196985,10668.580126953126,10602.78107421875,-0.06324602683645897,0.33959846219564294,-0.06717639699127798
2018-02-23,10491.0498046875,10491.0498046875,10499.099609375,10396.650390625,10408.099609375,210600,0.010435590678416817,0.010381515779008083,0.13639692621489394,10638.8326171875,10606.1570703125,-0.053666804556422476,-0.32844387755102045,-0.057441831695112855
2018-02-26,10582.599609375,10582.599609375,10592.9501953125,10520.2001953125,10526.5498046875,171900,0.008726467454819975,0.008688611908417675,0.14230817110932176,10614.480078125,10613.0060546875,-0.04399875010167331,-0.18376068376068377,-0.04921662851512565
2018-02-27,10554.2998046875,10554.2998046875,10631.650390625,10537.25,10615.2001953125,187500,-0.0026741826897078713,-0.002677764703635068,0.13935191550227097,10585.675048828125,10620.233046875,-0.05175919694881259,0.09075043630017454,-0.05175919694881259
2018-02-28,10492.849609375,10492.849609375,10535.5,10461.5498046875,10488.9501953125,286000,-0.005822290104475547,-0.0058393057141950064,0.13881022925281708,10557.835009765626,10625.048046875,-0.050390805280356554,0.5253333333333334,-0.05728012999307741
2018-03-01,10458.349609375,10458.349609375,10525.5,10447.150390625,10479.9501953125,176000,-0.0032879533476946055,-0.003293370543887722,0.13881310513041484,10529.36748046875,10627.5500390625,-0.05162913171864347,-0.3846153846153846,-0.06037974894560483
2018-03-05,10358.849609375,10358.849609375,10428.7001953125,10323.900390625,10428.2998046875,194000,-0.009513929416818057,-0.009559475957881534,0.14077055683118692,10496.46494140625,10626.95203125,-0.05973102759556381,0.10227272727272729,-0.06931922969274917
2018-03-06,10249.25,10249.25,10441.349609375,10215.900390625,10420.5,222900,-0.010580287725753812,-0.01063665692404489,0.12211244239134993,10470.8974609375,10622.67302734375,-0.047520549777681054,0.14896907216494837,-0.07916610002342617
2018-03-07,10154.2001953125,10154.2001953125,10243.349609375,10141.5498046875,10232.9501953125,249500,-0.00927383024977435,-0.009317099938461516,0.12249784897097561,10445.27998046875,10616.87302734375,-0.04803330212266421,0.11933602512337371,-0.0877057573000466
2018-03-08,10242.650390625,10242.650390625,10270.349609375,10146.400390625,10216.25,226400,0.008710700361544088,0.00867298109371104,0.11769718979165338,10432.5,10612.9200390625,-0.024346877753435137,-0.09258517034068137,-0.07975903551032548
2018-03-09,10226.849609375,10226.849609375,10296.7001953125,10211.900390625,10271.2998046875,186500,-0.001542645765246653,-0.0015438368683495453,0.11766380557576941,10420.007470703125,10607.59703125,-0.02384821377720525,-0.1762367491166078,-0.08117864133720198
2018-03-12,10421.400390625,10421.400390625,10433.650390625,10295.4501953125,10301.599609375,216400,0.019023530088059015,0.018844845326350685,0.1326475708008729,10412.235009765625,10605.3950390625,-0.01469711913197802,0.1603217158176944,-0.06369941557512904
2018-03-13,10426.849609375,10426.849609375,10478.599609375,10377.849609375,10389.5,266700,0.0005228873803659884,0.000522750722395459,0.1263223458107638,10410.82998046875,10604.11703125,-0.002687778077613334,0.2324399260628467,-0.06320983581530382
2018-03-14,10410.900390625,10410.900390625,10420.349609375,10336.2998046875,10393.0498046875,181400,-0.001529629691374823,-0.0015308007692338495,0.12258610303701423,10404.3875,10602.77703125,-0.012225110593230393,-0.3198350206224222,-0.0646427778650287
2018-03-15,10360.150390625,10360.150390625,10420.0,10346.2001953125,10405.4501953125,173900,-0.004874698450260895,-0.004886618546444992,0.12305598142003395,10397.35,10599.36603515625,-0.013403612525042075,-0.04134509371554573,-0.06920236226621035
2018-03-16,10195.150390625,10195.150390625,10346.2998046875,10180.25,10345.150390625,328500,-0.01592640973139836,-0.0160545978679463,0.1329918565483996,10379.83251953125,10594.4250390625,-0.033222664584419914,0.8890166762507188,-0.0840266268217763
2018-03-19,10094.25,10094.25,10224.5498046875,10075.2998046875,10215.349609375,210200,-0.009896900659531527,-0.00994620052782473,0.1338097769447174,10361.930029296875,10587.44603515625,-0.03425560033466768,-0.36012176560121767,-0.09309192430289726
2018-03-20,10124.349609375,10124.349609375,10155.650390625,10049.099609375,10051.5498046875,203000,0.002981856935879268,0.002977420018466655,0.13324154053525847,10349.227490234374,10579.83703125,-0.024478799399519136,-0.03425309229305429,-0.09038765416717487
2018-03-21,10155.25,10155.25,10227.2998046875,10132.9501953125,10181.9501953125,204800,0.003052086486265315,0.003047438325629427,0.13408420237075522,10338.969970703125,10571.7650390625,-0.019801395977962266,0.008866995073891548,-0.08761143861871823
2018-03-22,10114.75,10114.75,10207.849609375,10105.400390625,10167.5,230500,-0.003988084980675044,-0.003996058598285198,0.13335179844276354,10324.8349609375,10561.588046875,-0.027189377203263754,0.12548828125,-0.09125012173690261
2018-03-23,9998.0498046875,9998.0498046875,10027.7001953125,9951.900390625,9968.7998046875,285700,-0.011537625281148767,-0.011604700101594518,0.13820614885590052,10305.60244140625,10548.80904296875,-0.03704724044701391,0.23947939262472895,-0.10173493730659189
2018-03-26,10130.650390625,10130.650390625,10143.5,9958.5498046875,9989.150390625,262600,0.013262645068574441,0.01317546616079525,0.14180478394522583,10287.582470703124,10538.778046875,-0.03435303623298691,-0.08085404270213514,-0.08982156660258844
2018-03-27,10184.150390625,10184.150390625,10207.900390625,10139.650390625,10188.0,225700,0.005281003483202706,0.005267107884641591,0.13895642828478755,10267.660009765625,10529.43705078125,-0.037651355381244755,-0.14051789794364056,-0.08501491112548065
2018-03-28,10113.7001953125,10113.7001953125,10158.349609375,10096.900390625,10143.599609375,344400,-0.006917631084606968,-0.006941668814759831,0.14008496430993037,10245.630029296875,10518.0860546875,-0.04174598197213575,0.5259193619849358,-0.09134444041823098
2018-04-02,10211.7998046875,10211.7998046875,10220.099609375,10127.75,10151.650390625,225400,0.009699675438319622,0.009652935584409928,0.145342496743278,10231.5775390625,10507.4910546875,-0.026784888295396048,-0.3455284552845529,-0.08253077640506323
2018-04-03,10245.0,10245.0,10255.349609375,10171.0498046875,10186.849609375,205300,0.0032511600254110373,0.0032458864317621047,0.146039178117822,10220.91005859375,10498.38205078125,-0.02039993090150194,-0.08917480035492453,-0.07954793714076647
2018-04-04,10128.400390625,10128.400390625,10279.849609375,10111.2998046875,10274.599609375,231100,-0.011381123413860439,-0.011446384030859532,0.14764551836479867,10209.38759765625,10485.1790625,-0.022246603381657182,0.12566975158304916,-0.09002371566470979
2018-04-05,10325.150390625,10325.150390625,10331.7998046875,10227.4501953125,10228.4501953125,236800,0.019425574859986305,0.019239306758980577,0.15971084190781765,10213.1826171875,10475.3420703125,0.007405458021318534,0.02466464733881435,-0.07234690323254245
2018-04-06,10331.599609375,10331.599609375,10350.4501953125,10290.849609375,10322.75,200200,0.0006246125727966678,0.0006244175835545499,0.15555881029869778,10222.052587890625,10464.08005859375,0.01747054525716285,-0.15456081081081086,-0.07176747944510786
2018-04-09,10379.349609375,10379.349609375,10397.7001953125,10328.5,10333.7001953125,221600,0.004621743176794313,0.004611095715747583,0.1535097731020852,10228.887548828125,10452.343046875,0.013346078752733748,0.10689310689310694,-0.06747742712675464
2018-04-10,10402.25,10402.25,10424.849609375,10381.5,10412.900390625,251700,0.002206341580816895,0.0022039111834326382,0.15337159365406597,10237.657568359375,10438.71404296875,0.01715096997849752,0.13583032490974722,-0.06541996379917403
2018-04-11,10417.150390625,10417.150390625,10428.150390625,10355.599609375,10428.150390625,250400,0.0014324199692374862,0.001431395034394698,0.13795494443786477,10237.445068359375,10425.33705078125,-0.0004078146737191979,-0.005164878823996855,-0.06408125269246934
2018-04-12,10458.650390625,10458.650390625,10469.900390625,10395.25,10410.650390625,238600,0.003983815001590951,0.0039759006232568585,0.13867791444453406,10239.035107421874,10413.11705078125,0.0030498935384477566,-0.04712460063897761,-0.06035272554667548
2018-04-13,10480.599609375,10480.599609375,10519.900390625,10451.4501953125,10495.2998046875,213100,0.002098666456015641,0.002096467331850084,0.13869175171787212,10242.520068359376,10400.12103515625,0.006694831007389546,-0.10687342833193625,-0.05838071933129374
2018-04-16,10528.349609375,10528.349609375,10540.150390625,10396.349609375,10398.2998046875,195000,0.004556037037927396,0.004545689717794212,0.1380227381138376,10250.930029296875,10389.69501953125,0.016235210147355073,-0.08493664946034729,-0.05409066701294052
2018-04-17,10548.7001953125,10548.7001953125,10560.4501953125,10495.650390625,10557.2998046875,206100,0.001932932196645476,0.0019310664870136763,0.12281065881748447,10268.60751953125,10380.11501953125,0.034678233389534796,0.056923076923076854,-0.05226228840810243
2018-04-18,10526.2001953125,10526.2001953125,10594.2001953125,10509.7001953125,10578.900390625,205400,-0.002132964212026689,-0.0021352422200410556,0.11591899916223505,10290.205029296874,10370.301015625,0.04279170768630647,-0.003396409509946574,-0.054283779029316026
2018-04-19,10565.2998046875,10565.2998046875,10572.2001953125,10546.2001953125,10563.650390625,262600,0.0037145036812440413,0.0037076219486611,0.11602165017927209,10312.2525390625,10366.39501953125,0.043553434277317615,0.2784810126582278,-0.050770912645108246
2018-04-20,10564.0498046875,10564.0498046875,10582.349609375,10527.4501953125,10560.349609375,244600,-0.00011831183431687542,-0.00011831883371402492,0.11623420736236137,10332.692529296875,10364.34501953125,0.04025502126363212,-0.06854531607006853,-0.05088321767962001
2018-04-23,10584.7001953125,10584.7001953125,10638.349609375,10514.9501953125,10592.7998046875,194200,0.0019547797489403163,0.0019528716532068399,0.11408031817900191,10356.1900390625,10366.0740234375,0.04646186957784426,-0.20605069501226492,-0.049027903414160745
2018-04-24,10614.349609375,10614.349609375,10636.7998046875,10569.0,10578.099609375,219200,0.0028011576629851653,0.002797241731914462,0.10162144691684011,10387.005029296875,10368.82701171875,0.06164200186305857,0.1287332646755921,-0.04636408063852426
2018-04-25,10570.5498046875,10570.5498046875,10612.599609375,10536.4501953125,10612.400390625,189200,-0.00412647089076601,-0.004135008266019891,0.0970872351275143,10409.0,10368.701015625,0.04342262313874601,-0.1368613138686131,-0.05029923150015836
2018-04-26,10617.7998046875,10617.7998046875,10628.400390625,10559.650390625,10586.5,335100,0.0044699661676110836,0.004460005540255803,0.09678261710507015,10430.682470703125,10371.9580078125,0.042580814052166405,0.7711416490486258,-0.04605410119560993
2018-04-27,10692.2998046875,10692.2998046875,10719.7998046875,10647.5498046875,10651.650390625,0,0.007016519558704637,0.006992018327494462,0.09206958586279343,10459.612451171875,10375.00900390625,0.057209487942224024,-1.0,-0.039360721138702814
2018-04-30,10739.349609375,10739.349609375,10759.0,10704.599609375,10705.75,173800,0.004400344691688707,0.004390691482923282,0.0886936774231429,10485.98994140625,10379.77798828125,0.051660805614828,inf,-0.035133577187338005
2018-05-02,10718.0498046875,10718.0498046875,10784.650390625,10689.7998046875,10783.849609375,229700,-0.0019833421447520427,-0.0019853115722468315,0.0900579919612457,10509.642431640625,10383.228984375,0.046173724225231805,0.32163406214039125,-0.037047237427758506
2018-05-03,10679.650390625,10679.650390625,10720.599609375,10647.4501953125,10720.150390625,185200,-0.003582686660562606,-0.003589119852419833,0.07766731057274365,10537.204931640625,10387.77599609375,0.05442616590377347,-0.19373095341750113,-0.040497195444977985
2018-05-04,10618.25,10618.25,10700.4501953125,10601.599609375,10700.4501953125,186500,-0.0057492884485150775,-0.005765879228025447,0.05391435203592661,10551.859912109376,10392.57298828125,0.028386957892751585,0.007019438444924475,-0.04601365383552403
2018-05-07,10715.5,10715.5,10725.650390625,10635.650390625,10653.150390625,168400,0.00915875968262192,0.009117072584576636,0.06033993705838741,10571.054931640625,10399.67498046875,0.03715788504585915,-0.09705093833780165,-0.03727632215050103
2018-05-08,10717.7998046875,10717.7998046875,10758.5498046875,10689.400390625,10757.900390625,269800,0.00021462411343375898,0.00021460108497364168,0.05966104990677226,10587.97744140625,10406.08197265625,0.03260803499737586,0.6021377672209025,-0.03706969843466079
2018-05-09,10741.7001953125,10741.7001953125,10766.25,10689.849609375,10693.349609375,215400,0.0022299717349214543,0.002227489038162844,0.05966425098106026,10604.949951171875,10413.26197265625,0.032632381966641866,-0.2016308376575241,-0.034922391079470705
2018-05-10,10716.5498046875,10716.5498046875,10785.5498046875,10705.0,10779.650390625,192100,-0.0023413789407356056,-0.002344124254457977,0.061293336633729385,10619.919921875,10417.77197265625,0.02874100908939048,-0.10817084493964713,-0.037182003469172664
2018-05-11,10806.5,10806.5,10812.0498046875,10724.4501953125,10741.9501953125,203100,0.00839357787271755,0.008358547680564028,0.06554692850626838,10637.31240234375,10422.24998046875,0.033259512115139334,0.0572618427902134,-0.029100515638037394
2018-05-14,10806.599609375,10806.599609375,10834.849609375,10774.75,10815.150390625,171400,9.217542682682378e-06,9.217500201396874e-06,0.06577076816812207,10653.61240234375,10427.2959765625,0.0311050905626038,-0.15608074839980302,-0.029091566330599727
2018-05-15,10801.849609375,10801.849609375,10929.2001953125,10781.400390625,10812.599609375,254300,-0.0004395462191344457,-0.00043964284789006357,0.06511798548043339,10667.28740234375,10433.4759765625,0.025977480815840392,0.48366394399066515,-0.02951832546174482
2018-05-16,10741.099609375,10741.099609375,10790.4501953125,10699.7001953125,10751.9501953125,231100,-0.005624036826737067,-0.005639911268794516,0.0695146488758612,10676.907373046875,10439.1309765625,0.018239158427120428,-0.09123082972866692,-0.03497635013902134
2018-05-17,10682.7001953125,10682.7001953125,10777.25,10664.5,10775.599609375,214100,-0.005437005165795927,-0.005451839472282671,0.07237572145967583,10684.732373046874,10445.60798828125,0.01486766326843103,-0.07356122890523586,-0.04022318870843067
2018-05-18,10596.400390625,10596.400390625,10674.9501953125,10589.099609375,10671.849609375,223000,-0.008078463600931896,-0.008111271197454395,0.07789257065401094,10686.28740234375,10452.55099609375,0.002943653896475551,0.04156936011209722,-0.0479767107434681
2018-05-21,10516.7001953125,10516.7001953125,10621.7001953125,10505.7998046875,10616.7001953125,0,-0.007521440524559053,-0.007549869197766206,0.0825555616036663,10683.919921875,10459.80099609375,-0.004482145602341836,-1.0,-0.05513729729160621
2018-05-22,10536.7001953125,10536.7001953125,10558.599609375,10490.5498046875,10518.4501953125,241700,0.0019017372016476575,0.0018999311888009693,0.0825372533647547,10681.519921875,10465.6819921875,-0.004534847384837337,inf,-0.05334041673941636
2018-05-23,10430.349609375,10430.349609375,10533.5498046875,10417.7998046875,10521.099609375,290900,-0.010093348388598211,-0.010144631600820039,0.0887946340230883,10672.319921875,10469.7519921875,-0.01733502350793914,0.2035581299131155,-0.0628953817186706
2018-05-24,10513.849609375,10513.849609375,10535.150390625,10419.7998046875,10464.849609375,297600,0.008005484296034426,0.007973610404251362,0.09319103353580699,10669.484912109376,10471.6009765625,-0.005363977878175885,0.023031969749054637,-0.055393405413278085
2018-05-25,10605.150390625,10605.150390625,10628.0498046875,10524.0,10533.0498046875,260800,0.00868385840031305,0.008646370571623485,0.0971109352002403,10668.85244140625,10475.1669921875,-0.0011913404184655807,-0.12365591397849462,-0.0471905755018851
2018-05-28,10688.650390625,10688.650390625,10709.7998046875,10640.5498046875,10648.349609375,232600,0.007873532851907061,0.00784269833741265,0.09797333565223688,10668.669970703126,10480.7219921875,-0.0003413123583478894,-0.10812883435582821,-0.03968859919649259
2018-05-29,10633.2998046875,10633.2998046875,10717.25,10616.099609375,10689.400390625,225800,-0.005178444790938985,-0.005191899405584954,0.09815992318768381,10663.36748046875,10486.18498046875,-0.009874881491419463,-0.02923473774720553,-0.04466151876766278
2018-05-30,10614.349609375,10614.349609375,10648.7001953125,10558.4501953125,10579.0,238700,-0.0017821556488181178,-0.0017837455774774606,0.09812196719833227,10658.182470703125,10494.56896484375,-0.009675285821787005,0.05713020372010624,-0.04636408063852426
2018-05-31,10736.150390625,10736.150390625,10763.7998046875,10620.400390625,10670.099609375,610300,0.011475105468772284,0.011409765823805856,0.10596189678574452,10661.007470703125,10507.40697265625,0.005290435354475376,1.5567658148303312,-0.035421007885041766
2018-06-01,10696.2001953125,10696.2001953125,10764.75,10681.5,10738.4501953125,220600,-0.0037210912532843476,-0.003728031736138272,0.10466281065162245,10664.90498046875,10518.843984375,0.007341152761754621,-0.6385384237260363,-0.03901029433570258
2018-06-04,10628.5,10628.5,10770.2998046875,10618.349609375,10765.9501953125,203800,-0.006329368754912523,-0.00634948413268003,0.10187236945289752,10660.55498046875,10528.308984375,-0.008119079837618393,-0.07615593834995471,-0.04509275255252676
2018-06-05,10593.150390625,10593.150390625,10633.150390625,10550.900390625,10630.7001953125,167700,-0.003325926459519235,-0.003331469647161854,0.102361574663216,10654.322509765625,10537.8769921875,-0.01163013084159159,-0.17713444553483804,-0.04826870383319892
2018-06-06,10684.650390625,10684.650390625,10698.349609375,10587.5,10603.4501953125,189900,0.0086376570355291,0.00860056590990892,0.10707522452320128,10651.47001953125,10551.60900390625,-0.005311059110772343,0.1323792486583184,-0.040047975306930494
2018-06-07,10768.349609375,10768.349609375,10818.0,10722.599609375,10722.599609375,220900,0.007833594520176401,0.007803071219768874,0.11046798709068541,10654.060009765624,10564.36298828125,0.0048336270191029485,0.1632438125329121,-0.03252810038666276
2018-06-08,10767.650390625,10767.650390625,10779.4501953125,10709.0498046875,10736.400390625,209400,-6.493276828523076e-05,-6.49348765086917e-05,0.10622342053968412,10652.117529296875,10576.03298828125,-0.0035950223823624228,-0.05205975554549569,-0.03259092101534278
2018-06-11,10786.9501953125,10786.9501953125,10850.5498046875,10777.0498046875,10781.849609375,211400,0.0017923877528847054,0.0017907833428202438,0.10645352430072788,10651.13505859375,10589.49798828125,-0.0018182790861848153,0.009551098376313183,-0.03085694883014123
2018-06-12,10842.849609375,10842.849609375,10856.5498046875,10789.400390625,10816.150390625,198300,0.005182133323169635,0.005168752278609608,0.10805927233291439,10653.18505859375,10602.118984375,0.003795646253435647,-0.061967833491012314,-0.025834720329755645
2018-06-13,10856.7001953125,10856.7001953125,10893.25,10842.650390625,10887.5,213400,0.0012773935299743577,0.001276578356983104,0.10587757511209717,10658.965087890625,10614.35298828125,0.010762453579389764,0.07614725163893099,-0.024590327904379317
2018-06-14,10808.0498046875,10808.0498046875,10833.7001953125,10773.5498046875,10832.900390625,184300,-0.0044811397339686865,-0.004491210136474933,0.10520991211505278,10665.232568359375,10627.9459765625,0.011733888163406814,-0.13636363636363635,-0.028961274942904347
2018-06-15,10817.7001953125,10817.7001953125,10834.0,10755.400390625,10808.650390625,305400,0.000892889170515776,0.0008924907821071907,0.10006998503008926,10676.29755859375,10637.79697265625,0.020884432121241137,0.6570808464460118,-0.02809424498114943
2018-06-18,10799.849609375,10799.849609375,10830.2001953125,10787.349609375,10830.2001953125,196600,-0.00165012762557748,-0.0016514905857463397,0.09544317015028406,10690.455029296874,10647.16197265625,0.026923788717368335,-0.3562540929927963,-0.029698013516963773
2018-06-19,10710.4501953125,10710.4501953125,10789.4501953125,10701.2001953125,10789.4501953125,224500,-0.008277838793689818,-0.00831229035595547,0.10133419301121241,10699.142529296874,10653.783984375,0.016489982326468366,0.1419125127161749,-0.0377300169422673
2018-06-20,10772.0498046875,10772.0498046875,10781.7998046875,10724.0498046875,10734.650390625,193500,0.005751355755517995,0.005734879851344152,0.09395840367368866,10716.2275390625,10661.17998046875,0.03276018619791743,-0.13808463251670378,-0.03219565993684592
2018-06-21,10741.099609375,10741.099609375,10809.599609375,10725.900390625,10808.4501953125,223600,-0.0028731945983977436,-0.002877330145384961,0.09209002840592294,10727.5900390625,10667.65896484375,0.02161434759323222,0.15555555555555545,-0.03497635013902134
2018-06-22,10821.849609375,10821.849609375,10837.0,10710.4501953125,10742.7001953125,229800,0.007517852262492797,0.00748973404895337,0.09091178325206688,10738.425,10674.92294921875,0.0204333942252779,0.027728085867620766,-0.02772144490955497
2018-06-25,10762.4501953125,10762.4501953125,10831.0498046875,10753.0498046875,10822.900390625,229600,-0.005488841206131911,-0.0055039602444048865,0.08994934578678854,10742.114990234375,10680.5599609375,0.006904501690150777,-0.0008703220191470518,-0.033058127506573776
2018-06-26,10769.150390625,10769.150390625,10805.25,10732.5498046875,10742.7001953125,220000,0.0006225529680423669,0.0006223592623338975,0.08753869376943087,10748.90751953125,10685.3759765625,0.012775957457497045,-0.04181184668989546,-0.03245615497392851
2018-06-27,10671.400390625,10671.400390625,10785.5,10652.400390625,10785.5,246000,-0.009076853461448153,-0.009118299083682797,0.09386899409279009,10751.76005859375,10687.82998046875,0.005374873011494863,0.11818181818181817,-0.0412384086727563
2018-06-28,10589.099609375,10589.099609375,10674.2001953125,10557.7001953125,10660.7998046875,352300,-0.007712275637441368,-0.007742169031781291,0.08816282204656874,10744.40751953125,10689.08796875,-0.013696788504230284,0.4321138211382114,-0.048632642335664
2018-06-29,10714.2998046875,10714.2998046875,10723.0498046875,10612.349609375,10612.849609375,242800,0.011823497741172861,0.011754146307527904,0.09769864876030163,10745.3125,10692.06796875,0.0016921531987530436,-0.3108146466080045,-0.03738415253129401
2018-07-02,10657.2998046875,10657.2998046875,10736.150390625,10604.650390625,10732.349609375,295400,-0.005319993003655044,-0.005334194556937323,0.09687483612110326,10746.752490234376,10693.93296875,0.002709677253375453,0.21663920922570012,-0.042505262105035024
2018-07-03,10699.900390625,10699.900390625,10713.2998046875,10630.25,10668.599609375,202100,0.003997315147197256,0.003989347109783859,0.09688547758009848,10752.089990234375,10696.23697265625,0.01007726654145058,-0.3158429248476642,-0.03867785388588585
2018-07-04,10769.900390625,10769.900390625,10777.150390625,10677.75,10715.0,173900,0.006542116977213297,0.0065208102070441875,0.09483920871704377,10756.352490234374,10699.34798828125,0.00797873555832962,-0.13953488372093026,-0.03238877195322143
2018-07-05,10749.75,10749.75,10786.0498046875,10726.25,10786.0498046875,220500,-0.0018709913642785958,-0.0018727438548922296,0.09095782572079099,10755.422509765625,10702.9319921875,-0.001727247911676888,0.2679700977573318,-0.03419916420487601
2018-07-06,10772.650390625,10772.650390625,10816.349609375,10735.0498046875,10744.150390625,0,0.0021303184376380013,0.002128052526818883,0.09129716711837103,10755.672509765625,10706.02900390625,0.0004643538579551798,-1.0,-0.0321417008772954
2018-07-09,10852.900390625,10852.900390625,10860.349609375,10807.150390625,10838.2998046875,183600,0.007449420253147654,0.007421810355794803,0.09486159486366975,10758.97001953125,10709.241015625,0.006113887068947443,inf,-0.024931717661633712
2018-07-10,10947.25,10947.25,10956.900390625,10876.650390625,10902.75,197000,0.008693492612951825,0.008655921796766377,0.0979891326291835,10764.1900390625,10713.3990234375,0.009628501213807539,0.07298474945533773,-0.016454968752001475
2018-07-11,10948.2998046875,10948.2998046875,10976.650390625,10923.0,10956.400390625,222300,9.589665783638068e-05,9.589206004582807e-05,0.09795130948654877,10768.77001953125,10718.0040234375,0.008437150121779036,0.12842639593908634,-0.01636065007067322
2018-07-12,11023.2001953125,11023.2001953125,11078.2998046875,10999.650390625,11006.9501953125,248300,0.006841280560560881,0.006817985187144955,0.09865407221660612,10779.5275390625,10724.87501953125,0.019906495113640954,0.11695906432748537,-0.00963129730739909
2018-07-13,11018.900390625,11018.900390625,11071.349609375,10999.75,11056.900390625,0,-0.0003900686380828855,-0.00039014473464332456,0.09877510329283647,10789.587548828125,10732.88802734375,0.01859916541222728,-1.0,-0.010017609078458278
2018-07-16,10936.849609375,10936.849609375,11019.5,10926.25,11018.9501953125,210500,-0.0074463674542162295,-0.007474230051277428,0.10286454942080005,10796.437548828126,10737.31501953125,0.012685361829582797,inf,-0.01738938173446347
2018-07-17,11008.0498046875,11008.0498046875,11018.5,10925.599609375,10939.650390625,210600,0.006510119262449043,0.006489019959189796,0.09914856977694658,10811.317529296875,10743.12001953125,0.0277859103910727,0.00047505938242276,-0.010992469421006179
2018-07-18,10980.4501953125,10980.4501953125,11076.2001953125,10956.2998046875,11060.2001953125,225500,-0.002507220612614547,-0.0025103689537061304,0.09865315419028557,10821.737548828125,10747.89501953125,0.01934640058332393,0.070750237416904,-0.01347212948770482
2018-07-19,10957.099609375,10957.099609375,11006.5,10935.4501953125,10999.5,215400,-0.0021265599790679657,-0.00212882431847883,0.09830234800178722,10832.537548828124,10752.706015625,0.020109672925058053,-0.044789356984478945,-0.015570040175371336
2018-07-20,11010.2001953125,11010.2001953125,11030.25,10946.2001953125,10963.5,187300,0.00484622644956767,0.004834521296150269,0.09640941663168556,10841.955078125,10756.78001953125,0.017404657497211096,-0.13045496750232122,-0.010799269666322386
2018-07-23,11084.75,11084.75,11093.400390625,11010.9501953125,11019.849609375,229100,0.006770976309698584,0.0067481562013002455,0.09548305849597176,10858.070068359375,10762.34302734375,0.029946694185667422,0.22317138280832882,-0.004101414955696492
2018-07-24,11134.2998046875,11134.2998046875,11143.400390625,11092.5,11109.0,205800,0.00447008770495505,0.004460126536742217,0.09599873315956137,10876.3275390625,10768.99203125,0.03390698437830131,-0.10170231340026192,0.0
2018-07-25,11132.0,11132.0,11157.150390625,11113.25,11148.400390625,205900,-0.0002065513528324292,-0.00020657268750096133,0.08756017308874804,10899.35751953125,10776.8100390625,0.043162058634745204,0.0004859086491739717,-0.0002065513528324292
2018-07-26,11167.2998046875,11167.2998046875,11185.849609375,11125.7001953125,11132.9501953125,365400,0.0031710209025781477,0.0031660038191820943,0.07946355580033916,10928.267529296874,10786.50203125,0.05460333896572234,0.7746478873239437,0.0
2018-07-27,11278.349609375,11278.349609375,11283.400390625,11210.25,11232.75,314600,0.009944194803553685,0.00989507665693427,0.07687292036478154,10956.47001953125,10800.141015625,0.05264457920439458,-0.1390257252326218,0.0
2018-07-30,11319.5498046875,11319.5498046875,11328.099609375,11261.4501953125,11296.650390625,278800,0.0036530340643325943,0.0036463779405013436,0.07101985115766903,10989.58251953125,10816.1980078125,0.06214050576945551,-0.11379529561347745,0.0
2018-07-31,11356.5,11356.5,11366.0,11267.75,11311.0498046875,256500,0.0032642813495284972,0.003258965149071806,0.07093412535876786,11022.4125,10832.59400390625,0.06136502073891248,-0.07998565279770442,0.0
2018-08-01,11346.2001953125,11346.2001953125,11390.5498046875,11313.5498046875,11359.7998046875,269700,-0.0009069523785937283,-0.0009073639087465626,0.0709137947237072,11051.227490234374,10850.911015625,0.05351022607313616,0.05146198830409365,-0.0009069523785937283
2018-08-02,11244.7001953125,11244.7001953125,11328.900390625,11234.9501953125,11328.900390625,210000,-0.008945726168478219,-0.008985979419681003,0.08069361680573789,11075.975,10865.52802734375,0.0460429493999861,-0.22135706340378203,-0.00984456519944521
2018-08-03,11360.7998046875,11360.7998046875,11368.0,11294.5498046875,11297.7998046875,218300,0.010324829240302646,0.010271892255968624,0.08556061552479413,11105.382470703125,10880.641015625,0.05459653778185758,0.03952380952380952,0.0
2018-08-06,11387.099609375,11387.099609375,11427.650390625,11370.599609375,11401.5,203700,0.0023149606664707445,0.0023122852731850252,0.08368922574622902,11132.092431640625,10894.61,0.049221793209440534,-0.0668804397617957,0.0
2018-08-07,11389.4501953125,11389.4501953125,11428.9501953125,11359.7001953125,11423.150390625,226400,0.00020642534254866618,0.00020640403976921495,0.08063394542930108,11154.20244140625,10909.7330078125,0.04039372402315644,0.1114383897889053,0.0
2018-08-08,11450.0,11450.0,11459.9501953125,11379.2998046875,11412.5,210500,0.005316306199962151,0.005302224530419492,0.08113672689630899,11179.287451171875,10926.446015625,0.04582448455582999,-0.07022968197879864,0.0
2018-08-09,11470.7001953125,11470.7001953125,11495.2001953125,11454.099609375,11493.25,302200,0.001807877319869089,0.0018062450766348273,0.07931629893605703,11201.662451171875,10941.13701171875,0.04059619639225054,0.43562945368171024,0.0
2018-08-10,11429.5,11429.5,11478.75,11419.650390625,11474.9501953125,0,-0.003591776841080363,-0.003598242758917501,0.08138350445250955,11222.192431640626,10955.8030078125,0.037263210921149925,-1.0,-0.003591776841080363
2018-08-13,11355.75,11355.75,11406.2998046875,11340.2998046875,11369.599609375,246900,-0.006452600726191027,-0.006473508743511776,0.07993076360272047,11243.137451171875,10970.3480078125,0.0383017418714362,inf,-0.010021201265418389
2018-08-14,11435.099609375,11435.099609375,11452.4501953125,11370.7998046875,11381.7001953125,232600,0.006987615029830696,0.00696331478277028,0.08031038150961738,11264.48994140625,10987.1869921875,0.03879431981727155,-0.05791818550020256,-0.0031036105321667895
2018-08-16,11385.0498046875,11385.0498046875,11449.849609375,11366.25,11397.150390625,290600,-0.004376857779749166,-0.004386464262815843,0.08193743410757806,11284.719921875,11001.19498046875,0.036847269663653925,0.24935511607910565,-0.007466884250012962
2018-08-17,11470.75,11470.75,11486.4501953125,11431.7998046875,11437.150390625,234700,0.0075274326228431665,0.007499242877784467,0.08292159380274564,11310.40244140625,11015.24298828125,0.046878317158449034,-0.192360633172746,0.0
2018-08-20,11551.75,11551.75,11565.2998046875,11499.650390625,11502.099609375,232600,0.007061438877143944,0.007036623669863275,0.08417653493229683,11337.479931640624,11030.92498046875,0.04918619053975615,-0.008947592671495475,0.0
2018-08-21,11570.900390625,11570.900390625,11581.75,11539.599609375,11576.2001953125,224200,0.00165779129785526,0.001656418678663017,0.08261458778728002,11361.787451171875,11046.603984375,0.04385758728207678,-0.03611349957007737,0.0
2018-08-23,11582.75,11582.75,11620.7001953125,11546.7001953125,11620.7001953125,248500,0.0010240870610727093,0.001023563041648874,0.08223767626408497,11384.2099609375,11061.4019921875,0.040276461311352874,0.10838537020517403,0.0
2018-08-24,11557.099609375,11557.099609375,11604.599609375,11532.0,11566.599609375,218800,-0.0022145337355118366,-0.0022169894415104054,0.08324822381290241,11405.46494140625,11075.40998046875,0.03818717295858787,-0.11951710261569415,-0.0022145337355118366
2018-08-27,11691.9501953125,11691.9501953125,11700.9501953125,11595.599609375,11605.849609375,199500,0.011668203138797129,0.011600654595540067,0.09008767800480001,11431.6974609375,11093.08798828125,0.046980953301242634,-0.08820840950639852,0.0
2018-08-28,11738.5,11738.5,11760.2001953125,11710.5,11731.9501953125,241900,0.003981355027167455,0.003973450407027797,0.08581310780156727,11454.70498046875,11111.503984375,0.04079944376280942,0.2125313283208019,0.0
2018-08-29,11691.900390625,11691.900390625,11753.2001953125,11678.849609375,11744.9501953125,251600,-0.003969809547642367,-0.003977710157774837,0.0881091043923153,11473.322509765625,11129.345,0.032894469511791646,0.04009921455146759,-0.003969809547642367
2018-08-30,11676.7998046875,11676.7998046875,11698.7998046875,11639.7001953125,11694.75,313800,-0.0012915424723947133,-0.0012923772322029556,0.08846544955839117,11489.3375,11148.6719921875,0.028204094984149997,0.24721780604133547,-0.00525622484239896
2018-08-31,11680.5,11680.5,11727.650390625,11640.099609375,11675.849609375,346500,0.00031688436681198695,0.0003168341695652239,0.08814983443023461,11506.052490234375,11166.84099609375,0.029463591240493914,0.10420650095602291,-0.0049410060910678455
2018-09-03,11582.349609375,11582.349609375,11751.7998046875,11567.400390625,11751.7998046875,234400,-0.00840292715423141,-0.008438430776075216,0.08730731101614572,11522.9349609375,11183.66599609375,0.030027426983180394,-0.32352092352092354,-0.013302414331047396
2018-09-04,11520.2998046875,11520.2998046875,11602.5498046875,11496.849609375,11598.75,254800,-0.00535727264157837,-0.005371674285373425,0.08400841059161622,11530.9099609375,11197.635,0.014039504501627498,0.08703071672354956,-0.018588422312263098
2018-09-05,11476.9501953125,11476.9501953125,11542.650390625,11393.849609375,11514.849609375,246100,-0.0037628889968090995,-0.003769986473883496,0.08522289779288016,11535.402490234375,11211.925,0.007890559406675157,-0.03414442700156983,-0.022281365139285247
2018-09-06,11536.900390625,11536.900390625,11562.25,11436.0498046875,11514.150390625,247900,0.005223530144531363,0.005209934834070753,0.08691158761348636,11542.775,11227.28,0.012946208358080913,0.00731409995936616,-0.017174222377220216
2018-09-07,11589.099609375,11589.099609375,11603.0,11484.400390625,11558.25,295900,0.0045245444601755835,0.0045143394792379185,0.0863948644247238,11549.72998046875,11245.633984375,0.012148437500000053,0.1936264622831787,-0.012727383449759322
2018-09-10,11438.099609375,11438.099609375,11573.0,11427.2998046875,11570.25,286700,-0.013029485041085365,-0.013115113390097494,0.09896196618312308,11548.099951171875,11262.613984375,-0.002842074623380153,-0.0310915849949307,-0.02559103723857392
2018-09-11,11287.5,11287.5,11479.400390625,11274.0,11476.849609375,0,-0.013166488710376734,-0.013253935347788789,0.10887317338182743,11540.999951171874,11274.07798828125,-0.012423990550767705,-1.0,-0.03842058184606212
2018-09-12,11369.900390625,11369.900390625,11380.75,11250.2001953125,11340.099609375,268200,0.0073001453488372725,0.007273628261968242,0.11000851820649357,11541.707470703124,11288.33,0.0012460991678224786,inf,-0.03140091232908804
2018-09-14,11515.2001953125,11515.2001953125,11523.25,11430.5498046875,11443.5,276600,0.012779338401883056,0.012698371727607837,0.11647383910532831,11545.7125,11304.63599609375,0.007004800016943369,0.031319910514541416,-0.019022856811986233
2018-09-17,11377.75,11377.75,11464.9501953125,11366.900390625,11464.9501953125,201400,-0.011936413868727347,-0.012008224872722099,0.12351320431960185,11545.347509765625,11316.79298828125,-0.0006411745941150571,-0.27187274041937814,-0.03073220598884019
2018-09-18,11278.900390625,11278.900390625,11411.4501953125,11268.9501953125,11381.5498046875,240900,-0.008687975159851424,-0.008725935642451747,0.12381885754432367,11535.755029296875,11327.37599609375,-0.01672511469389537,0.19612711022840124,-0.03915318050645311
2018-09-19,11234.349609375,11234.349609375,11332.0498046875,11210.900390625,11326.650390625,250600,-0.003949922395540484,-0.003957743942134398,0.12064841055364564,11519.885009765625,11336.60998046875,-0.027476390211439772,0.04026567040265672,-0.04294845087745458
2018-09-21,11143.099609375,11143.099609375,11346.7998046875,10866.4501953125,11271.2998046875,719000,-0.00812241056873042,-0.008155577062129398,0.12237403483321184,11498.494970703125,11342.41396484375,-0.03697212548788453,1.8691141260973665,-0.050722016494867295
2018-09-24,10967.400390625,10967.400390625,11170.150390625,10943.599609375,11164.400390625,0,-0.015767535507102526,-0.015893165427847328,0.13144063918703874,11467.727490234374,11342.81697265625,-0.053126382713517994,-1.0,-0.0656897908058951
2018-09-25,11067.4501953125,11067.4501953125,11080.599609375,10882.849609375,10969.9501953125,405000,0.009122472156029238,0.009081113743931286,0.13798039065836123,11443.24501953125,11345.19998046875,-0.0423678457928407,inf,-0.057166571937428134
2018-09-26,11053.7998046875,11053.7998046875,11145.5498046875,10993.0498046875,11145.5498046875,340500,-0.0012333817079910325,-0.001234142949208208,0.12817059865849423,11411.3375,11345.81197265625,-0.054580320644954994,-0.1592592592592592,-0.058329445441282934
2018-09-27,10977.5498046875,10977.5498046875,11089.4501953125,10953.349609375,11079.7998046875,405700,-0.006898080420062014,-0.006921982157626523,0.12634870339040302,11373.289990234374,11344.9849609375,-0.06482516465583332,0.19148311306901622,-0.06482516465583332
2018-09-28,10930.4501953125,10930.4501953125,11034.099609375,10850.2998046875,11008.099609375,478100,-0.004290539347394984,-0.004299770124143364,0.12637505695123175,11335.21748046875,11344.85697265625,-0.06512629853766627,0.17845698792210984,-0.06883756908357119
2018-10-01,11008.2998046875,11008.2998046875,11035.650390625,10821.5498046875,10930.900390625,387000,0.007122269255513958,0.007097025685968254,0.13160242548248297,11301.79248046875,11344.86197265625,-0.05725027500528346,-0.19054591089730177,-0.06220557952996553
2018-10-03,10858.25,10858.25,10989.0498046875,10843.75,10982.7001953125,386800,-0.01363060666494631,-0.013724356268050715,0.13633573205378527,11260.67998046875,11342.41796875,-0.07039510294936002,-0.000516795865633024,-0.07498828640797373
2018-10-04,10599.25,10599.25,10754.7001953125,10547.25,10754.7001953125,425100,-0.023852830796859514,-0.024141915818458322,0.15391336394903668,11211.525,11335.2609765625,-0.0848791171507427,0.09901758014477768,-0.0970524342973974
2018-10-05,10316.4501953125,10316.4501953125,10540.650390625,10261.900390625,10514.099609375,606400,-0.026681114672028716,-0.027043516339215604,0.17362501286756135,11151.33251953125,11321.3859765625,-0.10449811461375036,0.42648788520348146,-0.12114408184073777
2018-10-08,10348.0498046875,10348.0498046875,10398.349609375,10198.400390625,10310.150390625,456200,0.003063031253653259,0.003058349730753957,0.17620968427795722,11094.8875,11306.65197265625,-0.09836240215506675,-0.24769129287598945,-0.11845211869595773
2018-10-09,10301.0498046875,10301.0498046875,10397.599609375,10279.349609375,10390.2998046875,430500,-0.004541918611438267,-0.004552264462335634,0.17193270518544465,11033.094970703125,11289.98697265625,-0.10712154427039733,-0.05633494081543178,-0.1224560374249265
2018-10-10,10460.099609375,10460.099609375,10482.349609375,10318.25,10331.849609375,0,0.015440154906845027,0.015322168649223668,0.1842581172295728,10976.644970703124,11276.54896484375,-0.09741912987672452,-1.0,-0.1089066227052008
2018-10-11,10234.650390625,10234.650390625,10335.9501953125,10138.599609375,10169.7998046875,483500,-0.021553257346415555,-0.021788921165731508,0.19167015224131884,10916.472509765625,11257.8959765625,-0.10521408799094722,inf,-0.1281125875857222
2018-10-12,10472.5,10472.5,10492.4501953125,10322.150390625,10331.5498046875,343500,0.02323964183406524,0.022973713528550762,0.2141939667501513,10875.722509765625,11241.778984375,-0.07220376522702099,-0.2895553257497415,-0.10785023640158453
2018-10-15,10512.5,10512.5,10526.2998046875,10410.150390625,10524.2001953125,259500,0.003819527333492445,0.003812251460013522,0.2121747294850521,10832.852490234374,11225.63798828125,-0.07540966597490739,-0.24454148471615722,-0.10444264599395148
2018-10-16,10584.75,10584.75,10604.900390625,10525.2998046875,10550.150390625,265200,0.006872770511296089,0.006849260681022563,0.20705246594677762,10786.32998046875,11210.20298828125,-0.08080191221436683,0.021965317919075078,-0.09828768582016445
2018-10-17,10453.0498046875,10453.0498046875,10710.150390625,10436.4501953125,10688.7001953125,284800,-0.012442447418455793,-0.012520502809902525,0.2073160936714281,10740.094970703125,11192.33998046875,-0.08127267652325809,0.07390648567119151,-0.10950719387592112
2018-10-19,10303.5498046875,10303.5498046875,10380.099609375,10249.599609375,10339.7001953125,357500,-0.014302046081609565,-0.014405306077947945,0.2099105863368265,10691.32744140625,11173.51697265625,-0.08647568044383203,0.2552668539325842,-0.12224306302444943
2018-10-22,10245.25,10245.25,10408.5498046875,10224.0,10405.849609375,297300,-0.0056582251546914986,-0.005674293551714025,0.2099377907432071,10641.8724609375,11151.2059765625,-0.08804244515851656,-0.16839160839160838,-0.12720960940494952
2018-10-23,10146.7998046875,10146.7998046875,10222.099609375,10102.349609375,10152.599609375,302600,-0.009609350217173795,-0.009655817945697833,0.21034117603974867,10592.057470703125,11126.39998046875,-0.08940957539761063,0.01782711066263043,-0.13559655793436132
2018-10-24,10224.75,10224.75,10290.650390625,10126.7001953125,10278.150390625,351400,0.007682244334463961,0.007652886157385112,0.21030303440424666,10554.924951171875,11103.1059765625,-0.06771435018090721,0.16126900198281557,-0.12895599948886138
2018-10-25,10124.900390625,10124.900390625,10166.599609375,10079.2998046875,10135.0498046875,0,-0.009765481735494741,-0.009813476770964884,0.2059539409130845,10507.7974609375,11076.603984375,-0.08516413338699336,-1.0,-0.1374621637666652
2018-10-26,10030.0,10030.0,10128.849609375,10004.5498046875,10122.349609375,364300,-0.0093729702973544,-0.009417173007402645,0.206307003058663,10456.607470703126,11047.78998046875,-0.09261971654791012,inf,-0.14554670528602465
2018-10-29,10250.849609375,10250.849609375,10275.2998046875,10020.349609375,10078.099609375,364400,0.022018904224825553,0.021779988895005153,0.22665469625863283,10420.2724609375,11024.21697265625,-0.06619876094774746,0.00027449903925336194,-0.126732580025131
2018-10-30,10198.400390625,10198.400390625,10285.099609375,10175.349609375,10239.400390625,289800,-0.005116572845048073,-0.005129707325392901,0.22671633719462947,10383.669970703126,11001.06998046875,-0.0669734358243943,-0.20472008781558726,-0.13120071639263964
2018-10-31,10386.599609375,10386.599609375,10396.0,10105.099609375,10209.5498046875,375000,0.01845379780568379,0.018285592676591408,0.23688110101320217,10352.5849609375,10980.09998046875,-0.05647558717902745,0.29399585921325055,-0.11516807007922647
2018-11-01,10380.4501953125,10380.4501953125,10441.900390625,10341.900390625,10441.7001953125,348500,-0.0005920526730374132,-0.0005922280054286613,0.23348928578210448,10328.694970703125,10960.00798828125,-0.04400338955978178,-0.07066666666666666,-0.11569193718852488
2018-11-02,10553.0,10553.0,10606.9501953125,10457.7001953125,10462.2998046875,421200,0.01662257430466929,0.016485931474334168,0.22742484323049758,10326.382470703125,10941.65298828125,-0.004363516286529756,0.20860832137733132,-0.10099246070622314
2018-11-05,10524.0,10524.0,10558.7998046875,10477.0,10558.75,301900,-0.0027480337344830685,-0.0027518165109068284,0.20462657011598517,10336.7599609375,10921.09798828125,0.020118335353550565,-0.2832383665716999,-0.10346296375175701
2018-11-06,10530.0,10530.0,10600.25,10491.4501953125,10552.0,0,0.0005701254275940482,0.0005699629678378127,0.20448451708942697,10345.857470703126,10900.27998046875,0.01758304209456729,-1.0,-0.10295182519061208
2018-11-07,10598.400390625,10598.400390625,10616.4501953125,10582.2998046875,10614.4501953125,31200,0.006495763592117676,0.006474757039787639,0.20435148304208528,10360.725,10880.59298828125,0.028866046818081692,inf,-0.09712481231630954
2018-11-09,10585.2001953125,10585.2001953125,10619.5498046875,10544.849609375,10614.7001953125,296600,-0.0012454893970770264,-0.0012462656636175824,0.1977616107192113,10366.980029296876,10861.155,0.011959789161603895,8.506410256410257,-0.09824933378945355
2018-11-12,10482.2001953125,10482.2001953125,10645.5,10464.0498046875,10607.7998046875,259700,-0.009730567027500525,-0.009778218363148,0.18383677548728827,10379.35751953125,10836.96,0.024187421674340515,-0.12440997977073498,-0.10702387908910849
2018-11-13,10582.5,10582.5,10596.25,10440.5498046875,10451.900390625,254600,0.009568583199961456,0.009523094254035388,0.1682408658686298,10384.85751953125,10813.84,0.010503700167104224,-0.019638043896804014,-0.09847936278059377
2018-11-14,10576.2998046875,10576.2998046875,10651.599609375,10532.7001953125,10634.900390625,384500,-0.0005858913595558901,-0.000586063060967349,0.167824053519925,10388.047509765625,10791.52798828125,0.006068946938168951,0.5102120974076982,-0.09900755593240196
2018-11-15,10616.7001953125,10616.7001953125,10646.5,10557.5,10580.599609375,0,0.0038198983927342223,0.003812621107308771,0.16659458286102138,10389.64501953125,10770.32599609375,0.003018512039727028,-1.0,-0.0955658563434425
2018-11-16,10682.2001953125,10682.2001953125,10695.150390625,10631.150390625,10644.0,342800,0.006169525256907837,0.006150571652505879,0.1608430971740422,10401.1025390625,10750.36,0.021921869206271483,inf,-0.08998592705094344
2018-11-19,10763.400390625,10763.400390625,10774.7001953125,10688.7998046875,10731.25,272100,0.0076014485618920435,0.007572703131144189,0.15141456966515532,10424.095068359375,10733.981015625,0.04463030651128563,-0.20624270711785297,-0.0830685018848234
2018-11-20,10656.2001953125,10656.2001953125,10740.849609375,10640.849609375,10740.099609375,295200,-0.009959695953136949,-0.010009625523730635,0.15513477857747987,10444.642578125,10716.6990234375,0.040111290140552924,0.08489525909592066,-0.09220086081590495
2018-11-21,10600.0498046875,10600.0498046875,10671.2998046875,10562.349609375,10670.9501953125,300900,-0.00526926949530282,-0.005283201056794732,0.15152444058967277,10467.305078125,10699.161015625,0.044669256191554485,0.019308943089430874,-0.09698429912786988
2018-11-22,10526.75,10526.75,10646.25,10512.0,10612.650390625,239500,-0.006915043423200262,-0.006939063131569403,0.15338206898139528,10482.405078125,10678.9580078125,0.02953617447859358,-0.2040545031571951,-0.1032286919112323
2018-11-26,10628.599609375,10628.599609375,10637.7998046875,10489.75,10568.2998046875,0,0.009675313783931383,0.009628807669070337,0.1499238385382911,10507.5900390625,10659.7480078125,0.049748560412149034,-1.0,-0.0945521481130468
2018-11-28,10728.849609375,10728.849609375,10757.7998046875,10699.849609375,10708.75,424500,0.004047503329813518,0.004039334223781422,0.1256616243651147,10564.27001953125,10633.525,0.04663028121716284,inf,-0.08601187465391658
2018-11-29,10858.7001953125,10858.7001953125,10883.0498046875,10782.349609375,10808.7001953125,691300,0.012102936537020215,0.01203028163822991,0.12699930470140208,10597.285009765625,10623.30099609375,0.06474542863550337,0.6285041224970553,-0.07494993437726283
2018-11-30,10876.75,10876.75,10922.4501953125,10835.099609375,10892.099609375,453900,0.001662243580064171,0.0016608635822544591,0.1137133116838395,10621.792529296876,10610.5319921875,0.047190650362856745,-0.3434109648488355,-0.07341227584444354
2018-12-03,10883.75,10883.75,10941.2001953125,10845.349609375,10930.7001953125,409700,0.000643574597191332,0.0006433675918710725,0.11337978932884496,10646.95751953125,10600.6519921875,0.0484853542204533,-0.09737827715355807,-0.07281594752310772
2018-12-04,10869.5,10869.5,10890.9501953125,10833.349609375,10877.099609375,322100,-0.0013092913747559942,-0.0013101492455916805,0.1008985278415966,10662.78251953125,10592.463984375,0.02999147161944471,-0.2138149865755431,-0.07402990160582701
2018-12-05,10782.900390625,10782.900390625,10821.0498046875,10747.9501953125,10820.4501953125,312300,-0.007967211865771207,-0.007999119688821785,0.10543307250868672,10675.7275390625,10583.435,0.024600949318225096,-0.0304253337472834,-0.08140730156110232
2018-12-06,10601.150390625,10601.150390625,10722.650390625,10588.25,10718.150390625,318500,-0.01685539079615528,-0.016999059579474705,0.12371770587811938,10679.28505859375,10572.596015625,0.006756922186609726,0.019852705731668197,-0.09689054047578483
2018-12-07,10693.7001953125,10693.7001953125,10704.5498046875,10599.349609375,10644.7998046875,325800,0.008730166187373989,0.008692278636606364,0.1254156544818771,10684.050048828125,10567.12201171875,0.00899190454927501,0.02291993720565144,-0.08900624480874897
2018-12-10,10488.4501953125,10488.4501953125,10558.849609375,10474.9501953125,10508.7001953125,381300,-0.019193543511718203,-0.019380130942287622,0.14383051764513788,10679.212548828125,10555.54201171875,-0.009140119999132779,0.17034990791896876,-0.1064914430879158
2018-12-11,10549.150390625,10549.150390625,10567.150390625,10333.849609375,10350.0498046875,425500,0.005787336945131116,0.005770654643792864,0.14103113183909755,10682.56005859375,10545.4490234375,0.0063870365061753365,0.11591922370836616,-0.10132040800570774
2018-12-12,10737.599609375,10737.599609375,10752.2001953125,10560.7998046875,10591.0,360500,0.01786392380162427,0.01770623905775317,0.15076998859178073,10690.3150390625,10540.65001953125,0.01465623523505788,-0.15276145710928324,-0.08526646425224693
2018-12-13,10791.5498046875,10791.5498046875,10838.599609375,10749.5,10810.75,376200,0.005024418610784842,0.005011838341027756,0.15143109690347875,10701.0775390625,10537.87201171875,0.0203521083909326,0.043550624133148474,-0.08067046005132683
2018-12-14,10805.4501953125,10805.4501953125,10815.75,10752.099609375,10784.5,340100,0.001288081033454791,0.0012872521687673252,0.1510755257732872,10710.5150390625,10533.81501953125,0.017778593774677498,-0.09595959595959591,-0.07948628910742428
2018-12-17,10888.349609375,10888.349609375,10900.349609375,10844.849609375,10853.2001953125,296900,0.007672000015183311,0.007642719885813293,0.15185664179165387,10720.822509765625,10534.41701171875,0.019298403914294937,-0.12702146427521321,-0.07242410790347997
2018-12-18,10908.7001953125,10908.7001953125,10915.400390625,10819.099609375,10850.900390625,286100,0.0018690239262686426,0.0018672794743268973,0.14989714604920343,10728.0875,10540.606015625,0.013499433210164336,-0.036375884136072734,-0.0706904463677216
2018-12-19,10967.2998046875,10967.2998046875,10985.150390625,10928.0,10930.5498046875,312100,0.005371823253533137,0.005357446474361821,0.14522762924250104,10743.64248046875,10553.6230078125,0.02919423468713056,0.09087731562390777,-0.06569835969778937
2018-12-20,10951.7001953125,10951.7001953125,10962.5498046875,10880.0498046875,10885.2001953125,318900,-0.001422374664029169,-0.0014233871991216722,0.14349403129177457,10761.225,10565.696015625,0.03317440928150117,0.02178788849727642,-0.06702728667951607
2018-12-21,10754.0,10754.0,10963.650390625,10738.650390625,10944.25,377500,-0.018052009440243655,-0.01821693480035375,0.1573442049832004,10772.5875,10574.75501953125,0.02158785950079567,0.18375666353088738,-0.08386931890786731
2018-12-24,10663.5,10663.5,10782.2998046875,10649.25,10780.900390625,223400,-0.008415473312255894,-0.0084510833319759,0.1573854208695685,10774.33251953125,10578.82302734375,0.003283630196607934,-0.4082119205298014,-0.09157899220513699
2018-12-26,10729.849609375,10729.849609375,10747.5,10534.5498046875,10635.4501953125,263700,0.006222123071693231,0.006202845587195536,0.157787375263954,10776.54501953125,10588.72701171875,0.0041410872218323735,0.18039391226499557,-0.08592668489372579
2018-12-27,10779.7998046875,10779.7998046875,10834.2001953125,10764.4501953125,10817.900390625,456100,0.004655255863871277,0.004644453671963747,0.15799680558504356,10779.092529296875,10594.8730078125,0.004748896402460456,0.7296169890026545,-0.08167143973356905
2018-12-28,10859.900390625,10859.900390625,10893.599609375,10817.150390625,10820.9501953125,245500,0.007430619064249022,0.007403148015077441,0.15422460854941522,10779.1525390625,10601.821015625,0.00011052845100345543,-0.4617408463056347,-0.07484769002640879
2018-12-31,10862.5498046875,10862.5498046875,10923.5498046875,10853.2001953125,10913.2001953125,180900,0.00024396301689710853,0.00024393326275947618,0.15410486487787325,10778.442529296875,10607.37701171875,-0.001305554996896996,-0.2631364562118126,-0.07462198707777823
2019-01-02,10792.5,10792.5,10895.349609375,10735.0498046875,10868.849609375,309700,-0.006448744166611009,-0.006469627145011258,0.1557308132011931,10773.880029296875,10614.166015625,-0.008384058803261762,0.7119955776672195,-0.08058951314052054
2019-01-03,10672.25,10672.25,10814.0498046875,10661.25,10796.7998046875,286200,-0.011141996757007222,-0.011204533761500678,0.160371403218503,10764.017529296874,10621.54001953125,-0.01814710888265325,-0.07587988375847599,-0.09083358180346723
2019-01-04,10727.349609375,10727.349609375,10741.0498046875,10628.650390625,10699.7001953125,296600,0.0051628859308019415,0.005149603931252372,0.15945776158387165,10761.239990234375,10631.18201171875,-0.005151747603854173,0.036338225017470194,-0.08613965929420286
2019-01-07,10771.7998046875,10771.7998046875,10835.9501953125,10750.150390625,10804.849609375,269400,0.004143632577580325,0.0041350713736188,0.14720568083100813,10769.7724609375,10643.68201171875,0.016097254333210076,-0.09170600134861762,-0.08235295781509566
2019-01-08,10802.150390625,10802.150390625,10818.4501953125,10733.25,10786.25,277700,0.0028175965472634346,0.0028136345625500237,0.14447835692665542,10775.194970703125,10655.23001953125,0.010141503252544704,0.030809205642167825,-0.07976739867742899
2019-01-09,10855.150390625,10855.150390625,10870.400390625,10749.400390625,10862.400390625,333000,0.004906430486840696,0.004894433183399924,0.12447723084209356,10793.52998046875,10669.83501953125,0.034962285989248,0.19913575801224348,-0.07525234138731529
2019-01-10,10821.599609375,10821.599609375,10859.349609375,10801.7998046875,10859.349609375,254400,-0.0030907707440862575,-0.003095557040757343,0.12462739075961507,10807.15244140625,10685.66701171875,0.025826650361542303,-0.23603603603603607,-0.07811052439621757
2019-01-11,10794.9501953125,10794.9501953125,10850.150390625,10739.400390625,10834.75,260800,-0.0024626132017869784,-0.002465650421033224,0.10893499823021731,10810.019970703124,10696.5490234375,0.00534109931678084,0.02515723270440251,-0.08038078158942796
2019-01-14,10737.599609375,10737.599609375,10808.0,10692.349609375,10807.0,298800,-0.005312723532749919,-0.005326886232360374,0.10914300043043448,10807.3224609375,10707.3330078125,-0.004999300034649878,0.14570552147239257,-0.08526646425224693
2019-01-15,10886.7998046875,10886.7998046875,10896.9501953125,10777.5498046875,10777.5498046875,310700,0.013895116296032572,0.013799464213669708,0.11998003212808833,10811.38994140625,10717.33701171875,0.007528571961794794,0.039825970548862166,-0.07255613539315076
2019-01-16,10890.2998046875,10890.2998046875,10928.150390625,10876.900390625,10899.650390625,276500,0.0003214902508350548,0.000321438583917674,0.11687235361857044,10811.487451171875,10727.53400390625,0.00017910843998070192,-0.11007402639201802,-0.0722579712324829
2019-01-17,10905.2001953125,10905.2001953125,10930.650390625,10844.650390625,10920.849609375,271700,0.001368225934293088,0.001367290766106507,0.11678035022524459,10811.312451171874,10734.5780078125,-0.00032084482452854335,-0.017359855334538876,-0.07098861052838945
2019-01-18,10906.9501953125,10906.9501953125,10928.2001953125,10852.2001953125,10914.849609375,323800,0.0001604738994844812,0.0001604610249256087,0.11505297283317854,10808.294970703126,10742.23701171875,-0.005502686208067931,0.1917556128082445,-0.07083952844805552
2019-01-21,10961.849609375,10961.849609375,10987.4501953125,10885.75,10919.349609375,288800,0.0050334340103701525,0.005020808629692447,0.11646579631861717,10808.80244140625,10750.87400390625,0.0009267432345203552,-0.10809141445336623,-0.06616266052945441
2019-01-22,10922.75,10922.75,10949.7998046875,10864.150390625,10949.7998046875,300800,-0.0035668806605010372,-0.003573257146616415,0.09577036673579055,10817.23994140625,10757.36099609375,0.015691835596057357,0.04155124653739617,-0.06949354687566556
2019-01-23,10831.5,10831.5,10944.7998046875,10811.9501953125,10931.0498046875,298900,-0.008354123274816327,-0.008389214537151498,0.09569150554437493,10825.63994140625,10762.2869921875,0.015754677169784737,-0.006316489361702149,-0.07726711249307838
2019-01-24,10849.7998046875,10849.7998046875,10866.599609375,10798.650390625,10844.0498046875,361100,0.001689498655541799,0.0016880730581589696,0.09361859565950714,10831.637451171875,10769.638984375,0.011179112446058515,0.20809635329541654,-0.07570815652021123
2019-01-25,10780.5498046875,10780.5498046875,10931.7001953125,10756.4501953125,10859.75,463400,-0.006382606245884936,-0.006403062164968701,0.0954152907478762,10831.674951171875,10773.59998046875,6.957457592804417e-05,0.2833010246469123,-0.08160754741342591
2019-01-28,10661.5498046875,10661.5498046875,10804.4501953125,10630.9501953125,10792.4501953125,419700,-0.011038398055380982,-0.011099773244971002,0.09892383892444774,10821.757421875,10775.30498046875,-0.01826449403796826,-0.09430297798877862,-0.09174512887613406
2019-01-29,10652.2001953125,10652.2001953125,10690.349609375,10583.650390625,10653.7001953125,356900,-0.0008769465552643796,-0.0008773312978436732,0.09882863236802297,10811.23994140625,10776.01498046875,-0.01936466236354817,-0.14963068858708606,-0.0925416198566682
2019-01-30,10651.7998046875,10651.7998046875,10710.2001953125,10612.849609375,10702.25,410100,-3.758759858607519e-05,-3.758830501756102e-05,0.09670241326633465,10804.204931640625,10775.40697265625,-0.013036849229789205,0.14906136172597373,-0.0925757290379946
2019-01-31,10830.9501953125,10830.9501953125,10838.0498046875,10678.5498046875,10690.5498046875,604800,0.016818790618479573,0.016678920874278535,0.10651579708225983,10812.13994140625,10776.75796875,0.014870359606690142,0.4747622531089979,-0.07731395022255827
2019-02-01,10893.650390625,10893.650390625,10983.4501953125,10813.4501953125,10851.349609375,482300,0.005788983808607595,0.005772292029816439,0.10688016202134032,10820.45498046875,10781.50697265625,0.015502504095202152,-0.20254629629629628,-0.07197253561996853
2019-02-04,10912.25,10912.25,10927.900390625,10814.150390625,10876.75,318300,0.0017073807867935553,0.0017059248691862574,0.10621126495826895,10827.477490234374,10787.7509765625,0.013038693427200654,-0.34003732116939667,-0.07038803935766924
2019-02-05,10934.349609375,10934.349609375,10956.7001953125,10886.7001953125,10908.650390625,268100,0.0020252110586724825,0.0020231630833451035,0.1060343828088529,10834.087451171876,10795.90296875,0.012238231645500308,-0.157712849513038,-0.0685053789347021
2019-02-06,11062.4501953125,11062.4501953125,11072.599609375,10962.7001953125,10965.099609375,298500,0.011715428033110209,0.011647333726075786,0.11218584086833425,10844.45244140625,10804.57998046875,0.01909690766389871,0.1133905259231629,-0.05759252073838228
2019-02-07,11069.400390625,11069.400390625,11118.099609375,11043.599609375,11070.4501953125,263500,0.0006282690714798367,0.0006280717930916961,0.11118084931497184,10856.84248046875,10812.25599609375,0.022898720170290154,-0.11725293132328307,-0.05700043526643095
2019-02-08,10943.599609375,10943.599609375,11041.2001953125,10925.4501953125,11023.5,352800,-0.011364733121095205,-0.011429805188104512,0.1192859771605409,10864.274951171876,10816.55099609375,0.01377027326416469,0.3388994307400379,-0.06771737365293695
2019-02-11,10888.7998046875,10888.7998046875,10930.900390625,10857.099609375,10930.900390625,286000,-0.005007475295473629,-0.005020054711538446,0.1190857204458092,10871.8349609375,10817.15298828125,0.014081377664751704,-0.18934240362811794,-0.07238575587276908
2019-02-12,10831.400390625,10831.400390625,10910.900390625,10823.7998046875,10879.7001953125,292300,-0.005271417887377283,-0.005285360831624847,0.11017568846662157,10869.064990234376,10816.24599609375,-0.0050886775780194515,0.02202797202797213,-0.07727559819184737
2019-02-14,10746.0498046875,10746.0498046875,10792.7001953125,10718.75,10786.099609375,627000,-0.007879921603800577,-0.007911132252471094,0.11343169478736308,10861.852490234374,10813.4919921875,-0.013245732678352051,1.145056448853917,-0.08454659414000942
2019-02-15,10724.400390625,10724.400390625,10785.75,10620.400390625,10780.25,521900,-0.002014639281967212,-0.0020166713974639474,0.11326276607191607,10852.8125,10810.59,-0.016579228390985024,-0.16762360446570967,-0.08639090253226567
2019-02-18,10640.9501953125,10640.9501953125,10759.900390625,10628.400390625,10738.650390625,345400,-0.00778133902809619,-0.007811771620307167,0.11583850588846714,10839.5125,10807.75099609375,-0.02438811906506355,-0.3381873922207319,-0.09350000465881503
2019-02-19,10604.349609375,10604.349609375,10722.849609375,10585.650390625,10636.7001953125,291500,-0.0034395975233135756,-0.003445526538395949,0.11365248071017436,10821.6375,10807.81498046875,-0.032613109351021574,-0.1560509554140127,-0.09661799979767427
2019-02-20,10735.4501953125,10735.4501953125,10752.7001953125,10646.400390625,10655.4501953125,289200,0.012362906803977669,0.01228711014362708,0.12361465416711666,10812.272509765626,10808.64998046875,-0.017147678440639913,-0.007890222984562656,-0.0854495723207821
2019-02-21,10789.849609375,10789.849609375,10808.849609375,10721.5,10744.099609375,279600,0.005067269008080633,0.005054473607434973,0.1219611810381238,10810.189990234376,10814.67796875,-0.0038453021857545178,-0.03319502074688796,-0.08081529928227627
2019-02-22,10791.650390625,10791.650390625,10801.5498046875,10758.400390625,10782.7001953125,396800,0.00016689586186968697,0.00016688193630472358,0.12176944100199061,10807.28251953125,10819.52796875,-0.005359491890106316,0.4191702432045781,-0.08066189115943267
2019-02-25,10880.099609375,10880.099609375,10887.099609375,10788.0498046875,10813.25,385900,0.008196078963680797,0.008162673513503154,0.12300753290603597,10812.260009765625,10822.37796875,0.009234204793916456,-0.027469758064516125,-0.07312692342505434
2019-02-26,10835.2998046875,10835.2998046875,10888.75,10729.2998046875,10775.2998046875,415000,-0.004117591409631749,-0.004126092031890748,0.116641749759266,10820.947509765625,10823.25296875,0.016296880208129583,0.07540813682301106,-0.07694340804297828
2019-02-27,10806.650390625,10806.650390625,10939.7001953125,10751.2001953125,10881.2001953125,381100,-0.002644081343287419,-0.0026475831003447124,0.1171492070902126,10828.67001953125,10823.27697265625,0.014499370316046534,-0.08168674698795175,-0.07938404475657024
2019-02-28,10792.5,10792.5,10865.7001953125,10784.849609375,10865.7001953125,644200,-0.0013094150466157473,-0.0013102730795938819,0.1173452733671326,10835.705029296874,10821.35998046875,0.013209053670965698,0.6903699816321176,-0.08058951314052054
2019-03-01,10863.5,10863.5,10877.900390625,10823.099609375,10842.650390625,308500,0.006578642575862936,0.006557097745663337,0.10372446775882817,10837.33251953125,10820.4559765625,0.0030052584584487896,-0.5211114560695436,-0.07454104016697194
2019-03-05,10987.4501953125,10987.4501953125,10994.900390625,10817.0,10864.849609375,373200,0.011409784628572783,0.011345183958033887,0.10945872850918735,10842.022509765626,10820.858984375,0.008610502570215006,0.2097244732576986,-0.06398175275269413
2019-03-06,11053.0,11053.0,11062.2998046875,10998.849609375,11024.849609375,372600,0.005965879573721855,0.0059481541776258,0.1111381945984809,10849.060009765624,10822.88498046875,0.012898348186670905,-0.001607717041800627,-0.05839758061081057
2019-03-07,11058.2001953125,11058.2001953125,11089.0498046875,11027.099609375,11077.9501953125,321200,0.00047047817900125466,0.00047036753884395607,0.11101864424510981,10855.2525390625,10828.968984375,0.011326744649842846,-0.13794954374664514,-0.05795457721919328
2019-03-08,11035.400390625,11035.400390625,11049.0,11008.9501953125,11038.849609375,326600,-0.0020618006804727917,-0.002063929117607768,0.10325940241968128,10853.900048828125,10836.4069921875,-0.0024451910932862253,0.01681195516811962,-0.05989688711291907
2019-03-11,11168.0498046875,11168.0498046875,11180.900390625,11059.849609375,11068.75,352200,0.012020353532001593,0.01194868284879883,0.11181519478162957,10858.83251953125,10845.17099609375,0.00891190223329974,0.07838334353949783,-0.04859651533948117
2019-03-12,11301.2001953125,11301.2001953125,11320.400390625,11227.0,11231.349609375,391300,0.011922438828049886,0.011851926453906937,0.10954248423481187,10876.712548828125,10855.59900390625,0.03267668762581155,0.11101646791595687,-0.03725346549282271
2019-03-13,11341.7001953125,11341.7001953125,11352.2998046875,11276.599609375,11326.2001953125,383000,0.0035836901656514097,0.0035772840485137174,0.10686148049093058,10899.357568359375,10865.235,0.041593233299232146,-0.02121134679274217,-0.03380328020509438
2019-03-14,11343.25,11343.25,11383.4501953125,11313.75,11382.5,294500,0.00013664659273393553,0.00013663725743869715,0.10361740082412714,10924.950048828125,10874.84900390625,0.04725608794020997,-0.2310704960835509,-0.033671252715423594
2019-03-15,11426.849609375,11426.849609375,11487.0,11370.7998046875,11376.849609375,463700,0.007369987382364052,0.0073429617299341126,0.09763777994402825,10958.9900390625,10887.53599609375,0.0633534942663796,0.5745331069609507,-0.02654942204072075
2019-03-18,11462.2001953125,11462.2001953125,11530.150390625,11412.5,11473.849609375,320300,0.0030936423551506387,0.003088866890158751,0.09577313723815223,10995.880029296875,10903.335,0.06879636882379603,-0.30925167133922793,-0.023537914102099933
2019-03-19,11532.400390625,11532.400390625,11543.849609375,11451.25,11500.2998046875,326100,0.006124495656707252,0.006105817158639563,0.08660827705754588,11040.4525390625,10919.436015625,0.08377543160621093,0.01810802372775533,-0.01755757629807897
2019-03-20,11521.0498046875,11521.0498046875,11556.099609375,11503.099609375,11553.349609375,366300,-0.0009842344657688962,-0.000984719142560533,0.08420099459095036,11086.287548828124,10934.421015625,0.08644567833769567,0.12327506899724017,-0.018524529992119954
2019-03-22,11456.900390625,11456.900390625,11572.7998046875,11434.5498046875,11549.2001953125,386200,-0.005568018119008533,-0.005583577314696379,0.08517230032908082,11122.36005859375,10947.516015625,0.06720260279606283,0.054327054327054425,-0.023989403192486214
2019-03-25,11354.25,11354.25,11395.650390625,11311.599609375,11395.650390625,294500,-0.008959700017030503,-0.00900007950222714,0.09524300510020778,11150.580078125,10957.4980078125,0.05230845758356151,-0.237441740031072,-0.03273416535332452
2019-03-26,11483.25,11483.25,11496.75,11352.4501953125,11375.2001953125,282600,0.011361384503600025,0.011297328693216403,0.09964332279668867,11185.16005859375,10970.731015625,0.06408654694520233,-0.04040747028862479,-0.02174468628870807
2019-03-27,11445.0498046875,11445.0498046875,11546.2001953125,11413.0,11531.4501953125,350400,-0.0033266013813597617,-0.003332146821462826,0.10025833824488795,11213.407568359375,10983.7330078125,0.05192509403367063,0.23991507430997872,-0.0249989517666227
2019-03-28,11570.0,11570.0,11588.5,11452.4501953125,11463.650390625,527700,0.010917400749215211,0.010858236155870985,0.10116679882134262,11250.142578125,11000.381015625,0.06780617136174283,0.5059931506849316,-0.014354474592153998
2019-04-01,11669.150390625,11669.150390625,11738.099609375,11644.75,11665.2001953125,379600,0.008569610252809001,0.008533099582725414,0.10025821132259653,11293.267578125,11016.02802734375,0.07981196474610086,-0.28065188554102705,-0.005907876591983663
2019-04-02,11713.2001953125,11713.2001953125,11729.349609375,11655.849609375,11711.5498046875,386100,0.0037748939051200914,0.0037677868730356698,0.09840201289066648,11339.302587890625,11032.48603515625,0.08530926062659261,0.017123287671232834,-0.002155284294202864
2019-04-03,11643.9501953125,11643.9501953125,11761.0,11629.150390625,11735.2998046875,365800,-0.005912133221091298,-0.005929679070481917,0.10407423734988043,11378.32509765625,11047.26103515625,0.07184150552883506,-0.052577052577052585,-0.008054675187417426
2019-04-04,11598.0,11598.0,11662.5498046875,11559.2001953125,11660.2001953125,349000,-0.003946272059030087,-0.00395407913661549,0.10287975632686401,11408.852587890626,11061.08203125,0.05556792466262772,-0.0459267359212685,-0.011969161306810916
2019-04-05,11665.9501953125,11665.9501953125,11689.650390625,11609.5,11638.400390625,266700,0.005858785593421345,0.005841689650914404,0.1028359133553769,11439.50009765625,11075.16404296875,0.055455550105175,-0.23581661891117478,-0.006180500463219274
2019-04-08,11604.5,11604.5,11710.2998046875,11549.099609375,11704.349609375,260900,-0.005267483083991831,-0.005281405184150887,0.10645206420124374,11466.815087890625,11088.79904296875,0.04940223499652974,-0.021747281589801326,-0.011415427865570593
2019-04-09,11671.9501953125,11671.9501953125,11683.900390625,11569.7001953125,11612.0498046875,300500,0.005812417192683883,0.005795590267793092,0.10572327502440601,11498.642578125,11105.608046875,0.057682529147585315,0.15178229206592575,-0.0056693619020743435
2019-04-10,11584.2998046875,11584.2998046875,11680.0498046875,11571.75,11646.849609375,359900,-0.007509489773200095,-0.007537827950835446,0.10599530610207022,11519.455078125,11120.298046875,0.03727150283886527,0.19767054908485848,-0.01313627766005021
2019-04-11,11596.7001953125,11596.7001953125,11606.7001953125,11550.5498046875,11592.5498046875,279800,0.0010704480058416621,0.001069875484907893,0.09916322904437458,11534.230078125,11136.6210546875,0.026147665282716392,-0.22256182272853575,-0.012079891356433947
2019-04-12,11643.4501953125,11643.4501953125,11657.349609375,11578.7998046875,11612.849609375,246000,0.0040313191867198395,0.004023215192085498,0.09931213794967868,11549.317578125,11156.2590625,0.026605358526820666,-0.12080057183702642,-0.00809727006751293
2019-04-15,11690.349609375,11690.349609375,11704.599609375,11648.25,11667.0,290000,0.0040279653604204935,0.004019874826265466,0.09965811820443493,11566.67255859375,11177.02205078125,0.03059966141758319,0.17886178861788626,-0.004101920230438316
2019-04-16,11787.150390625,11787.150390625,11810.9501953125,11731.5498046875,11736.2001953125,354300,0.008280400884877803,0.008246306446581041,0.1004084917831886,11584.68759765625,11199.7290625,0.03153106880433576,0.2217241379310344,0.0
2019-04-18,11752.7998046875,11752.7998046875,11856.150390625,11738.5,11856.150390625,339700,-0.0029142400664389223,-0.002918494732110024,0.10144805379641177,11599.217578125,11218.1660546875,0.025352864583000567,-0.041208015805814235,-0.0029142400664389223
2019-04-22,11594.4501953125,11594.4501953125,11727.0498046875,11583.9501953125,11727.0498046875,260400,-0.013473352052831178,-0.013564941266796056,0.11240269532346601,11602.320068359375,11232.18205078125,0.005380476100876885,-0.2334412717103327,-0.01634832753688842
2019-04-23,11575.9501953125,11575.9501953125,11645.9501953125,11564.7998046875,11612.9501953125,272500,-0.0015955909670886115,-0.001596865278055509,0.11251415008516687,11605.065087890625,11245.4560546875,0.0047652246588381075,0.04646697388632881,-0.01791783326023222
2019-04-24,11726.150390625,11726.150390625,11740.849609375,11578.849609375,11601.5,335200,0.012975193636658888,0.01289173694761699,0.11877450100841071,11618.527587890625,11261.2920703125,0.023501120793572028,0.23009174311926595,-0.0051751269796741495
2019-04-25,11641.7998046875,11641.7998046875,11796.75,11624.2998046875,11735.7001953125,604400,-0.007193374050953438,-0.007219371112150696,0.11690743736028739,11632.905078125,11272.8790625,0.025325301511548437,0.8031026252983293,-0.012331274406501613
2019-04-26,11754.650390625,11754.650390625,11762.900390625,11661.75,11683.75,333500,0.009693568677590747,0.00964688746996101,0.11515997215892067,11646.47509765625,11286.5840625,0.02363445806936193,-0.44821310390469893,-0.002757239784252574
2019-04-30,11748.150390625,11748.150390625,11756.25,11655.900390625,11748.75,532600,-0.0005529726349993158,-0.0005531255807526546,0.11413760185319952,11661.630126953125,11302.675078125,0.026483116378694938,0.5970014992503747,-0.0033086877411031557
2019-05-02,11724.75,11724.75,11789.2998046875,11699.5498046875,11725.5498046875,380300,-0.001991836148409698,-0.0019938224921164987,0.1088686862281941,11669.367626953124,11319.39408203125,0.013375108038029326,-0.2859556890724747,-0.005293933525666317
2019-05-03,11712.25,11712.25,11770.900390625,11699.349609375,11722.599609375,305500,-0.0010661208128105448,-0.0010666895238500144,0.10492757055467672,11671.522607421875,11337.01107421875,0.0036934659278731186,-0.19668682618985012,-0.006354410365763452
2019-05-06,11598.25,11598.25,11632.5498046875,11571.349609375,11605.7998046875,299000,-0.00973339879186319,-0.00978107795702945,0.10970369372712031,11665.77509765625,11354.055078125,-0.009813730952750399,-0.021276595744680882,-0.01602595914744953
2019-05-07,11497.900390625,11497.900390625,11657.0498046875,11484.4501953125,11651.5,337500,-0.008652133673183404,-0.008689780690377916,0.11193270039459934,11658.472607421874,11369.525078125,-0.01254297744645927,0.1287625418060201,-0.024539434079848266
2019-05-08,11359.4501953125,11359.4501953125,11479.099609375,11346.9501953125,11478.7001953125,372800,-0.012041345863927244,-0.012114430150335101,0.11868985793665898,11646.5451171875,11383.895078125,-0.020568184573848902,0.10459259259259257,-0.036285292130715074
2019-05-09,11301.7998046875,11301.7998046875,11357.599609375,11255.0498046875,11322.400390625,373000,-0.005075103956069027,-0.005088026035289156,0.11660848488109712,11628.33759765625,11397.84408203125,-0.03121480758346795,0.0005364806866952065,-0.041176244457144406
2019-05-10,11278.900390625,11278.900390625,11345.7998046875,11251.0498046875,11314.150390625,387300,-0.0020261741013145596,-0.0020282295690185756,0.11581001434831889,11612.0576171875,11408.7130859375,-0.028058047255375085,0.038337801608579136,-0.04311898831835048
2019-05-13,11148.2001953125,11148.2001953125,11300.2001953125,11125.599609375,11258.7001953125,357600,-0.011588026384304118,-0.011655690801341047,0.1179307260126717,11585.8701171875,11415.88009765625,-0.04487253554340387,-0.07668474051123164,-0.05420735072835703
2019-05-14,11222.0498046875,11222.0498046875,11294.75,11108.2998046875,11151.650390625,398100,0.006624352638199937,0.006602508032110876,0.12025254107559288,11567.7576171875,11424.4880859375,-0.031270772175062134,0.11325503355704702,-0.047942086696964314
2019-05-15,11157.0,11157.0,11286.7998046875,11136.9501953125,11271.7001953125,414200,-0.005796606308085428,-0.0058134718372332824,0.12071567383404692,11545.772607421875,11430.02609375,-0.03791597505385469,0.040442099974880685,-0.05346079160287931
2019-05-16,11257.099609375,11257.099609375,11281.5498046875,11143.349609375,11180.349609375,350700,0.008971910851931497,0.00893190238330833,0.12510550061974912,11526.455078125,11438.46208984375,-0.033181795726926366,-0.15330758087880247,-0.04496852620728242
2019-05-17,11407.150390625,11407.150390625,11426.150390625,11259.849609375,11261.900390625,412100,0.013329435330307948,0.013241380029110125,0.13460636631491346,11512.2951171875,11450.47208984375,-0.024225042724375867,0.17507841459937268,-0.03223849593895367
2019-05-20,11828.25,11828.25,11845.2001953125,11591.7001953125,11651.900390625,452100,0.036915407876193296,0.03625035203017847,0.1871809245769502,11514.35009765625,11471.18708984375,0.003486814710338182,0.09706381946129583,0.0
2019-05-21,11709.099609375,11709.099609375,11883.5498046875,11682.7998046875,11863.650390625,381000,-0.010073374389702572,-0.010124454145348287,0.19047859255682684,11512.165087890626,11488.09908203125,-0.003718279562208715,-0.15726609157266092,-0.010073374389702572
2019-05-22,11737.900390625,11737.900390625,11784.7998046875,11682.400390625,11727.9501953125,355900,0.0024596922232125173,0.0024566721316128274,0.18393083083218856,11519.33759765625,11503.1080859375,0.012372315452309657,-0.06587926509186348,-0.007638459567138045
2019-05-23,11657.0498046875,11657.0498046875,12041.150390625,11614.5,11901.2998046875,569000,-0.006887993870017373,-0.006911825598039294,0.18573718754549617,11523.392578125,11515.18908203125,0.007005870620265808,0.5987636976678843,-0.014473839774480579
2019-05-24,11844.099609375,11844.099609375,11859.0,11658.099609375,11748.0,374600,0.016046067214389392,0.01591868987483049,0.18873486487292737,11529.2900390625,11530.9070703125,0.010058647963810952,-0.3416520210896309,0.0
2019-05-27,11924.75,11924.75,11957.150390625,11812.400390625,11855.5,348400,0.006809330661248669,0.00678625187736734,0.18768163302495483,11543.437548828126,11548.6940625,0.02430467797587199,-0.06994127068873468,0.0
2019-05-28,11928.75,11928.75,11958.5498046875,11864.900390625,11958.349609375,598300,0.0003354368016101894,0.00033538055526396364,0.18501529657795562,11552.142529296874,11563.90806640625,0.014811126115146234,0.7172789896670493,0.0
2019-05-29,11861.099609375,11861.099609375,11931.900390625,11836.7998046875,11905.7998046875,318100,-0.005671205333752538,-0.005687347678687314,0.18638199605262892,11557.789990234374,11575.1060546875,0.009614212875597383,-0.46832692629115824,-0.005671205333752538
2019-05-30,11945.900390625,11945.900390625,11968.5498046875,11859.400390625,11865.2998046875,421200,0.007149487319284775,0.007124050901094894,0.18758414934993745,11568.847509765625,11587.19005859375,0.018861842736518808,0.3241119144922979,0.0
2019-05-31,11922.7998046875,11922.7998046875,12039.25,11829.4501953125,11999.7998046875,438900,-0.0019337668306382838,-0.001935638971628022,0.18773238948358598,11579.375,11598.7810546875,0.01797688784712581,0.04202279202279202,-0.0019337668306382838
2019-06-03,12088.5498046875,12088.5498046875,12103.0498046875,11920.099609375,11953.75,315300,0.013901936014629301,0.013806190447529239,0.1886168662592258,11603.889990234375,11612.01505859375,0.04227360202509001,-0.28161312371838687,0.0
2019-06-04,12021.650390625,12021.650390625,12095.2001953125,12005.849609375,12052.650390625,289200,-0.005534114111566901,-0.0055494840533033855,0.18655900644478926,11630.077490234375,11623.2040625,0.04555179486743932,-0.08277830637488104,-0.005534114111566901
2019-06-06,11843.75,11843.75,12039.7998046875,11830.25,12039.7998046875,415200,-0.014798333410505293,-0.014908921111632112,0.18964643772300827,11654.29248046875,11629.4310546875,0.04263408847792194,0.43568464730290457,-0.02025055185631741
2019-06-07,11870.650390625,11870.650390625,11897.5,11769.5,11865.2001953125,302500,0.0022712730870713127,0.0022686976453037896,0.18774295509460817,11682.735009765625,11636.42306640625,0.05033274308235103,-0.2714354527938343,-0.01802527330267578
2019-06-10,11922.7001953125,11922.7001953125,11975.0498046875,11871.75,11934.900390625,303300,0.004384747505377318,0.004375162508348263,0.18708951507296928,11714.925,11645.7390625,0.05708001510702454,0.0026446280991736515,-0.013719562069446023
2019-06-11,11965.599609375,11965.599609375,12000.349609375,11904.349609375,11959.849609375,332200,0.0035981290613484873,0.003591671280959742,0.17915067869243143,11755.794970703126,11657.9660546875,0.07332119981180396,0.09528519617540399,-0.01017079776308849
2019-06-12,11906.2001953125,11906.2001953125,11962.4501953125,11866.349609375,11962.4501953125,283700,-0.004964181988503125,-0.0049765444699523915,0.1812263973656211,11790.002490234376,11666.42505859375,0.06096483285426402,-0.14599638771824197,-0.015084490060527478
2019-06-13,11914.0498046875,11914.0498046875,11931.349609375,11817.0498046875,11873.900390625,447900,0.0006592875347493088,0.0006590703001973485,0.17850689258100436,11827.85498046875,11675.80505859375,0.06785424439253385,0.5787804018329221,-0.014435147542043114
2019-06-14,11823.2998046875,11823.2998046875,11911.849609375,11797.7001953125,11910.099609375,390300,-0.007617057296864349,-0.00764621523730026,0.18122716615156903,11856.164990234374,11680.8710546875,0.05029716489680558,-0.12860013395847292,-0.021942251492991005
2019-06-17,11672.150390625,11672.150390625,11844.0498046875,11657.75,11844.0,295500,-0.012784029548381648,-0.012866448437943826,0.1842842997281916,11869.414990234374,11680.9310546875,0.02323104289199085,-0.24289008455034589,-0.034445770649928154
2019-06-18,11691.5,11691.5,11727.2001953125,11641.150390625,11677.0498046875,365500,0.0016577587443133979,0.0016563861789982873,0.1297235997851546,11862.577490234375,11680.49705078125,-0.011561304504047465,0.2368866328257191,-0.03284511468311435
2019-06-19,11691.4501953125,11691.4501953125,11802.5,11625.099609375,11744.4501953125,446900,-4.259905700743083e-06,-4.259914774167141e-06,0.12472708296823215,11861.69501953125,11681.44705078125,-0.0015073246151539044,0.22270861833105338,-0.03284923467172374
2019-06-20,11831.75,11831.75,11843.5,11635.0498046875,11653.650390625,442000,0.012000205478679637,0.011928773907426743,0.1316189209372517,11866.3875,11686.12205078125,0.007995434128062362,-0.010964421570821226,-0.021243226758922096
2019-06-21,11724.099609375,11724.099609375,11827.9501953125,11705.099609375,11827.599609375,468400,-0.009098433505187353,-0.009140077037704798,0.13348473877965056,11869.739990234375,11687.2850390625,0.005751867394487631,0.05972850678733033,-0.030148380178007694
2019-06-24,11699.650390625,11699.650390625,11754.0,11670.2001953125,11725.7998046875,277600,-0.002085381356743965,-0.0020875587921609646,0.12015402062496904,11862.517529296874,11689.188046875,-0.012195880101824152,-0.4073441502988898,-0.032170890664792506
2019-06-25,11796.4501953125,11796.4501953125,11814.400390625,11651.0,11681.0,300500,0.008273734808782462,0.00823969509310694,0.12144505540440063,11856.1025390625,11691.678046875,-0.010759119032893727,0.08249279538904908,-0.024163329273932832
2019-06-26,11847.5498046875,11847.5498046875,11871.849609375,11757.5498046875,11768.150390625,327900,0.004331778503613437,0.0043224233576614314,0.1226453065710955,11852.042529296876,11696.943046875,-0.006807100099549435,0.09118136439267888,-0.019936220960643958
2019-06-27,11841.5498046875,11841.5498046875,11911.150390625,11821.0498046875,11860.849609375,480200,-0.0005064338279993086,-0.0005065621089227406,0.12101818026548895,11851.0650390625,11701.8400390625,-0.0016482286913810373,0.4644708752668496,-0.020432558411946355
2019-06-28,11788.849609375,11788.849609375,11871.7001953125,11775.5,11861.150390625,303900,-0.004450447465215945,-0.004460380187531091,0.11883516646672171,11843.2125,11704.74802734375,-0.013146834990625855,-0.36713869221157847,-0.024792071849369934
2019-07-01,11865.599609375,11865.599609375,11884.650390625,11830.7998046875,11839.900390625,278400,0.006510389269786421,0.006489288220080564,0.12137312157324008,11840.352490234374,11708.25302734375,-0.004797547241379596,-0.08390918065153008,-0.0184430886181276
2019-07-02,11910.2998046875,11910.2998046875,11917.4501953125,11814.7001953125,11890.2998046875,363200,0.003767209141051886,0.003760130979735517,0.11072420198895006,11831.439990234376,11710.716015625,-0.014745358449107071,0.3045977011494252,-0.014745358449107071
2019-07-03,11916.75,11916.75,11945.2001953125,11887.0498046875,11932.150390625,340500,0.0005415644793391738,0.0005414178862205623,0.10931915890101632,11826.194970703125,11713.99501953125,-0.008725955856011769,-0.0625,-0.014211779532138924
2019-07-04,11946.75,11946.75,11969.25,11923.650390625,11928.7998046875,333600,0.0025174649128327786,0.0025143014062712723,0.09532921920347097,11831.344970703125,11721.041015625,0.008696569920844333,-0.02026431718061672,-0.011730092275627269
2019-07-05,11811.150390625,11811.150390625,11981.75,11797.900390625,11964.75,530700,-0.011350334557515662,-0.011415241213692496,0.10382997605469794,11828.369970703125,11725.74501953125,-0.005012362258346892,0.5908273381294964,-0.022947286361423958
2019-07-08,11558.599609375,11558.599609375,11771.900390625,11523.2998046875,11770.400390625,464000,-0.02138240331360608,-0.021614318798492883,0.12689326951995308,11810.16494140625,11722.39400390625,-0.03053843340627227,-0.12568306010928965,-0.04383902154309727
2019-07-09,11555.900390625,11555.900390625,11582.5498046875,11461.0,11531.599609375,442500,-0.00023352472109261502,-0.0002335519922360358,0.12555666167136856,11789.67998046875,11720.676015625,-0.03423975664612766,-0.04633620689655171,-0.04406230876891104
2019-07-10,11498.900390625,11498.900390625,11593.7001953125,11475.650390625,11536.150390625,337600,-0.004932545113165099,-0.0049447502653284115,0.12554584840996472,11769.314990234376,11715.561015625,-0.034209050579197764,-0.23706214689265537,-0.04877751455628332
2019-07-11,11582.900390625,11582.900390625,11599.0,11519.5,11561.4501953125,317300,0.007305046321514741,0.007278493704286908,0.12936448744603332,11752.75751953125,11712.256015625,-0.02779486568305356,-0.06013033175355453,-0.04182879023805053
2019-07-12,11552.5,11552.5,11639.5498046875,11538.599609375,11601.150390625,359400,-0.0026245922523520093,-0.002628042532973005,0.12736664559807284,11739.217529296875,11708.811015625,-0.022903910850686326,0.1326820044122281,-0.04434359897161855
2019-07-15,11588.349609375,11588.349609375,11618.400390625,11532.2998046875,11614.75,368800,0.0031031905972733753,0.003098385639232596,0.12031428289699453,11735.027490234375,11706.3330078125,-0.007179549478501301,0.026154702281580455,-0.04137801501372318
2019-07-16,11662.599609375,11662.599609375,11670.0498046875,11573.9501953125,11596.650390625,480200,0.006407297199588324,0.006386857732255645,0.12251749150840213,11733.582470703124,11707.62,-0.002471914692297794,0.30206073752711493,-0.03523583905385674
2019-07-17,11687.5,11687.5,11706.650390625,11651.150390625,11670.75,464800,0.0021350634900458854,0.00213278748103271,0.12277969355503221,11733.3849609375,11711.4119921875,-0.000337870430657472,-0.03206997084548102,-0.033176006317315876
2019-07-18,11596.900390625,11596.900390625,11677.150390625,11582.400390625,11675.599609375,498300,-0.007751838235294128,-0.007782039913567366,0.11715075907682498,11721.64248046875,11716.16099609375,-0.019849101728400265,0.07207401032702232,-0.04067066951834508
2019-07-19,11419.25,11419.25,11640.349609375,11399.2998046875,11627.9501953125,446000,-0.01531878214359883,-0.015437326885714045,0.12483305775854592,11706.4,11718.51,-0.026001963437024322,-0.10495685330122417,-0.055366426535958024
2019-07-22,11346.2001953125,11346.2001953125,11398.150390625,11301.25,11392.849609375,516000,-0.006397075524881224,-0.00641762449493666,0.12612695241594968,11688.727490234374,11719.85599609375,-0.030210321121708184,0.15695067264573992,-0.0614093188487459
2019-07-23,11331.0498046875,11331.0498046875,11398.150390625,11302.7998046875,11372.25,458900,-0.0013352832106081625,-0.001336175495625011,0.1207509949150767,11665.457470703124,11723.51298828125,-0.0394525796251769,-0.11065891472868217,-0.06266260322692052
2019-07-24,11271.2998046875,11271.2998046875,11359.75,11229.7998046875,11322.4501953125,413200,-0.005273121293252303,-0.005287073265915101,0.11886753984631558,11636.644970703124,11724.49798828125,-0.048638748897430695,-0.09958596644149054,-0.06760529701280626
2019-07-25,11252.150390625,11252.150390625,11361.400390625,11239.349609375,11290.400390625,553700,-0.0016989534831232112,-0.001700398341321937,0.11867830969749013,11607.175,11726.40099609375,-0.049773840737399544,0.3400290416263312,-0.069189392241092
2019-07-26,11284.2998046875,11284.2998046875,11307.599609375,11210.0498046875,11247.4501953125,522700,0.0028571795564771296,0.0028531055771835413,0.11995166073494257,11581.947509765625,11726.945,-0.04279890077537851,-0.055986996568538894,-0.0665298992016512
2019-07-29,11189.2001953125,11189.2001953125,11310.9501953125,11152.400390625,11307.5,482900,-0.008427603929443195,-0.008463316975262767,0.11732066007791093,11548.1275390625,11722.58599609375,-0.05700507655155307,-0.07614310311842354,-0.07439681549115718
2019-07-30,11085.400390625,11085.400390625,11267.4501953125,11072.650390625,11213.7001953125,479100,-0.009276785013729971,-0.009320082365343962,0.11660611056866352,11506.882568359375,11707.72900390625,-0.06925933247606808,-0.007869124042244824,-0.08298343724186963
2019-07-31,11118.0,11118.0,11145.2998046875,10999.400390625,11034.0498046875,536700,0.00294076968140633,0.002936454076975709,0.11803243424286719,11466.945068359375,11695.90701171875,-0.06702750330417273,0.12022542266750147,-0.08028670273676297
2019-08-01,10980.0,10980.0,11076.75,10881.0,11060.2001953125,499900,-0.012412304371289817,-0.012489980449893174,0.1199453183342379,11418.607568359375,11680.74900390625,-0.08092158955364426,-0.06856716974100985,-0.0917024641167169
2019-08-02,10997.349609375,10997.349609375,11080.150390625,10848.9501953125,10930.2998046875,547400,0.0015801101434427256,0.001578863082899198,0.1184650708596868,11377.917529296876,11667.555,-0.06890105995906604,0.09501900380076012,-0.09026725396700375
2019-08-05,10862.599609375,10862.599609375,10895.7998046875,10782.599609375,10895.7998046875,506600,-0.012252952282714391,-0.012328638591802651,0.1033231961603597,11343.117529296875,11647.925,-0.06021490695425469,-0.07453416149068326,-0.10141416589416885
2019-08-06,10948.25,10948.25,11018.5498046875,10813.7998046875,10815.400390625,517900,0.007884888857643269,0.007853965566277007,0.11007217638008952,11312.735009765625,11628.395,-0.05258356078579307,0.022305566521910736,-0.09432891646319175
2019-08-07,10855.5,10855.5,10975.650390625,10835.900390625,10958.099609375,548500,-0.00847167355513434,-0.00850776214660283,0.11174937548839226,11280.564990234376,11606.93,-0.05595321019995625,0.05908476539872565,-0.1020014662312404
2019-08-08,11032.4501953125,11032.4501953125,11058.0498046875,10842.9501953125,10899.2001953125,482500,0.016300510829763803,0.016169083798241606,0.12601326410296967,11253.04248046875,11590.35701171875,-0.04752265639425035,-0.12032816773017319,-0.08736363140643078
2019-08-09,11109.650390625,11109.650390625,11181.4501953125,11062.7998046875,11087.900390625,538100,0.006997556657477588,0.006973187375465333,0.13035164209193364,11230.9,11573.63201171875,-0.038333660192598984,0.11523316062176159,-0.08097740670952258
2019-08-13,10925.849609375,10925.849609375,11145.900390625,10901.599609375,11139.400390625,624600,-0.01654424529912324,-0.016682629759426824,0.13881825834165856,11197.775,11553.6930078125,-0.05716948679767442,0.16075078981601942,-0.0961819419283566
2019-08-14,11029.400390625,11029.400390625,11078.150390625,10935.599609375,11003.25,511500,0.009477595331455646,0.009432964697282421,0.14192014574537692,11166.1150390625,11532.51001953125,-0.054293145607176796,-0.18107588856868395,-0.08761592012069142
2019-08-16,11047.7998046875,11047.7998046875,11068.650390625,10924.2998046875,11043.650390625,470900,0.0016682152620135504,0.00166682533651526,0.14171521644220014,11134.130029296875,11513.0330078125,-0.05473370655080212,-0.07937438905180838,-0.0860938670738185
2019-08-19,11053.900390625,11053.900390625,11146.900390625,11037.849609375,11094.7998046875,369500,0.0005521991749806165,0.0005520467691192048,0.14092607373355298,11106.980029296876,11497.236015625,-0.04682285625553573,-0.21533234232321086,-0.08558920886120691
2019-08-20,11017.0,11017.0,11076.2998046875,10985.2998046875,11063.900390625,444700,-0.0033382235519596737,-0.0033438078514244876,0.13236272172007274,11086.867529296875,11480.1630078125,-0.03522560588479984,0.20351826792963457,-0.08864171650035246
2019-08-21,10918.7001953125,10918.7001953125,11034.2001953125,10906.650390625,11018.150390625,557900,-0.008922556475220111,-0.008962600859057328,0.13384206667956325,11065.492529296875,11460.0830078125,-0.037677812187433046,0.25455363166179445,-0.09677336225403765
2019-08-22,10741.349609375,10741.349609375,10908.25,10718.2998046875,10905.2998046875,668200,-0.016242829527789215,-0.016376190359974212,0.14328574641479624,11036.00751953125,11435.5980078125,-0.052042856176357954,0.19770568202186767,-0.11144431855590364
2019-08-23,10829.349609375,10829.349609375,10862.5498046875,10637.150390625,10699.599609375,667100,0.008192639025843995,0.008159261534645986,0.14790636363936233,11013.910009765625,11414.06099609375,-0.03921022446130851,-0.001646213708470512,-0.10416470260346933
2019-08-26,11057.849609375,11057.849609375,11070.2998046875,10756.5498046875,11000.2998046875,684100,0.021100066785376237,0.020880542984676998,0.16876156657245187,11004.194970703125,11396.9369921875,-0.017267879872267522,0.025483435766751716,-0.08526251799970519
2019-08-27,11105.349609375,11105.349609375,11141.75,11049.5,11106.5498046875,685600,0.004295591066795668,0.004286391351556263,0.16925701726997955,10995.2474609375,11382.57798828125,-0.015858334004752672,0.0021926618915362184,-0.08133317984356159
2019-08-28,11046.099609375,11046.099609375,11129.650390625,10987.650390625,11101.2998046875,550000,-0.005335266523260329,-0.005349549884040612,0.16774109914891847,10988.092431640625,11370.05697265625,-0.012789170221250368,-0.19778296382730454,-0.0862345121751722
2019-08-29,10948.2998046875,10948.2998046875,11021.099609375,10922.400390625,10996.0498046875,649900,-0.0088537862364102,-0.008893213897011299,0.16745484800165347,10981.23740234375,11355.19296875,-0.012367671090477428,0.1816363636363636,-0.09432479647458225
2019-08-30,11023.25,11023.25,11042.599609375,10874.7998046875,10987.7998046875,628200,0.006845829640179435,0.00682250334649108,0.16911014978266206,10976.49990234375,11341.82896484375,-0.00852221622593996,-0.033389752269579964,-0.0881246983219125
2019-09-03,10797.900390625,10797.900390625,10967.5,10772.7001953125,10960.9501953125,483000,-0.02044311880570615,-0.020654971620241963,0.17902718068305215,10967.394921875,11321.15197265625,-0.01658466387750457,-0.23113658070678123,-0.1067662734501067
2019-09-04,10844.650390625,10844.650390625,10858.75,10746.349609375,10790.400390625,508800,0.004329545403159107,0.004320199886309888,0.17978052183998267,10959.7599609375,11303.56298828125,-0.013885092697228374,0.05341614906832293,-0.10289897747537602
2019-09-05,10847.900390625,10847.900390625,10920.099609375,10816.0,10860.9501953125,595700,0.000299686931614751,0.00029964203445609783,0.1744555102115233,10959.025,11286.52798828125,-0.0013531953011794995,0.17079402515723263,-0.1026301280225872
2019-09-06,10946.2001953125,10946.2001953125,10957.0498046875,10867.4501953125,10883.7998046875,497200,0.009061643373168504,0.00902083303672415,0.1752058161659503,10958.922509765625,11269.52298828125,-0.00018722669718906904,-0.1653516870908175,-0.094498482268902
2019-09-09,11003.0498046875,11003.0498046875,11028.849609375,10889.7998046875,10936.7001953125,412500,0.005193547382711383,0.005180107429441778,0.17312455789996564,10966.3,11252.63298828125,0.01359217029961779,-0.17035398230088494,-0.08979571723144841
2019-09-11,11035.7001953125,11035.7001953125,11054.7998046875,11011.650390625,11028.5,687100,0.0029673946046386845,0.0029630005796600876,0.16352938149674118,10966.4625,11236.51599609375,0.0002945855129607988,0.6656969696969697,-0.08709478195364206
2019-09-12,10982.7998046875,10982.7998046875,11081.75,10964.9501953125,11058.2998046875,551400,-0.00479356902496042,-0.004805095025496559,0.16222135489471265,10960.119970703125,11220.395,-0.011418053807034645,-0.19749672536748653,-0.09147085612959382
2019-09-13,11075.900390625,11075.900390625,11084.4501953125,10945.75,10986.7998046875,624300,0.008476944640087414,0.008441217109748283,0.1534067283959506,10967.622509765624,11204.601015625,0.013733557262333829,0.13220892274211105,-0.0837693048730983
2019-09-16,11003.5,11003.5,11052.7001953125,10968.2001953125,10994.849609375,434500,-0.006536749886833726,-0.006558207998363749,0.15180126426374743,10966.327490234375,11186.46501953125,-0.002348304505022325,-0.30402050296331895,-0.08975847576578266
2019-09-17,10817.599609375,10817.599609375,11000.099609375,10796.5,11000.099609375,482000,-0.01689465993774708,-0.017039002763312223,0.162994054782946,10954.81748046875,11164.48201171875,-0.02083674572151717,0.10932105868814723,-0.10513669677893633
2019-09-18,10840.650390625,10840.650390625,10885.150390625,10804.849609375,10872.7998046875,519200,0.002130859163064436,0.002128592102631135,0.16329573049627383,10944.15498046875,11142.36001953125,-0.019291832969732692,0.07717842323651447,-0.10322986910957754
2019-09-19,10704.7998046875,10704.7998046875,10845.2001953125,10670.25,10845.2001953125,642600,-0.012531589991591652,-0.012610772583449698,0.1683154163114669,10928.544970703126,11120.2330078125,-0.028338040783561724,0.23767334360554693,-0.11446782470660233
2019-09-20,11274.2001953125,11274.2001953125,11381.900390625,10691.0,10746.7998046875,1356800,0.05319112930777714,0.051824725995144275,0.2505078014351041,10946.319970703125,11114.54501953125,0.03255882052266812,1.1114223467164646,-0.067365368264374
2019-09-23,11600.2001953125,11600.2001953125,11694.849609375,11471.349609375,11542.7001953125,882800,0.028915576657539077,0.028505409421526316,0.2583239266914047,10989.2625,11115.431015625,0.07995741849682458,-0.34935141509433965,-0.040397700076946874
2019-09-24,11588.2001953125,11588.2001953125,11655.0498046875,11539.2001953125,11590.7001953125,651700,-0.0010344649056013289,-0.0010350003337080292,0.25834946092536054,11027.205029296874,11117.21701171875,0.07007351441314258,-0.2617806977797916,-0.04139037497955156
2019-09-25,11440.2001953125,11440.2001953125,11564.9501953125,11416.099609375,11564.849609375,629100,-0.012771612287114875,-0.01285387045749521,0.2557903838172661,11046.32255859375,11114.3630078125,0.03457730023867733,-0.03467853306736224,-0.053633365445009296
2019-09-26,11571.2001953125,11571.2001953125,11610.849609375,11466.349609375,11469.849609375,844500,0.01145084856589107,0.011385783826013008,0.25797464091840927,11069.615087890625,11114.73701171875,0.04194830440495401,0.3423938960419648,-0.04279666442490815
2019-09-27,11512.400390625,11512.400390625,11593.599609375,11499.75,11556.349609375,650000,-0.005081564893442914,-0.005094519950938459,0.25787912991372947,11092.930126953124,11113.21802734375,0.042214066298500885,-0.23031379514505623,-0.04766075529085301
2019-09-30,11474.4501953125,11474.4501953125,11508.25,11390.7998046875,11491.150390625,756800,-0.003296462425282254,-0.003301907727659163,0.2554797796376177,11119.237646484375,11109.4550390625,0.04805772585801216,0.16430769230769227,-0.05080010582715844
2019-10-01,11359.900390625,11359.900390625,11554.2001953125,11247.900390625,11515.400390625,1305400,-0.009983032105041145,-0.01003319671254013,0.25855105277066315,11136.070166015625,11102.903046875,0.030540030447009814,0.724894291754757,-0.060275998844787515
2019-10-03,11314.0,11314.0,11370.400390625,11257.349609375,11322.25,1017500,-0.004040562773145462,-0.004048747902700529,0.24609382699980295,11161.875146484375,11097.2450390625,0.04779629286292453,-0.22054542668913746,-0.06407301266088661
2019-10-04,11174.75,11174.75,11400.2998046875,11158.349609375,11388.4501953125,928500,-0.012307760296977222,-0.012384128036227408,0.2513923571359305,11178.380126953125,11092.3550390625,0.030438935095626896,-0.0874692874692875,-0.07559217767652837
2019-10-07,11126.400390625,11126.400390625,11233.849609375,11112.650390625,11196.2001953125,733200,-0.0043266837625002275,-0.004336070945390455,0.25222292154535136,11192.305126953124,11087.95904296875,0.025673170841491677,-0.21033925686591282,-0.07959179799130356
2019-10-09,11313.2998046875,11313.2998046875,11321.599609375,11090.150390625,11152.9501953125,741100,0.01679783285706482,0.016658309554353663,0.2567531141164551,11210.660107421874,11087.60404296875,0.03353671619601872,0.010774686306601167,-0.06413093485368992
2019-10-10,11234.5498046875,11234.5498046875,11293.349609375,11208.5498046875,11280.5,562000,-0.006960833829169011,-0.006985173448092334,0.25816178066418055,11222.235107421875,11086.86904296875,0.02103962120587477,-0.2416677911213062,-0.07064536390203313
2019-10-11,11305.0498046875,11305.0498046875,11362.900390625,11189.400390625,11257.7001953125,737800,0.006275284833450412,0.006255677219734019,0.2587508015029306,11235.702587890624,11087.92703125,0.024407115507669275,0.3128113879003558,-0.06481339884923065
2019-10-14,11341.150390625,11341.150390625,11420.4501953125,11290.0498046875,11335.900390625,587600,0.003193315072573366,0.0031882272704231176,0.25784208759317073,11253.6201171875,11089.06404296875,0.032628345441073625,-0.20357820547573868,-0.0618270533801073
2019-10-15,11428.2998046875,11428.2998046875,11462.349609375,11342.099609375,11360.849609375,527400,0.007684353972992053,0.007654979710518189,0.25758059458554344,11271.240087890625,11093.84603515625,0.03181677350229539,-0.10245064669843429,-0.0546178003703951
2019-10-16,11464.0,11464.0,11481.0498046875,11411.099609375,11464.9501953125,533500,0.003123841334461419,0.0031189722795879394,0.2558167846548521,11294.265087890624,11101.41802734375,0.041850320352615045,0.011566173682214576,-0.051664576378328
2019-10-17,11586.349609375,11586.349609375,11599.099609375,11439.650390625,11466.2998046875,797600,0.010672506051552677,0.010615956850818441,0.24713425311850745,11332.702587890624,11110.78501953125,0.07106474890545655,0.49503280224929713,-0.04154346083082394
2019-10-18,11661.849609375,11661.849609375,11684.7001953125,11553.150390625,11580.2998046875,853400,0.006516288783389612,0.006495149556810502,0.24731464233635947,11373.762548828125,11124.42201171875,0.0757518404486297,0.0699598796389167,-0.03529788123526956
2019-10-22,11588.349609375,11588.349609375,11714.349609375,11573.650390625,11657.150390625,867600,-0.006302602285396697,-0.006322547531982618,0.2427967064117261,11417.9400390625,11136.24201171875,0.08253772333982412,0.016639325052730358,-0.04137801501372318
2019-10-23,11604.099609375,11604.099609375,11651.599609375,11554.400390625,11596.2001953125,664200,0.001359123648397631,0.0013582008758651655,0.16423141729761673,11434.435009765624,11151.07201171875,0.029261447228838833,-0.23443983402489632,-0.04007512920405454
2019-10-24,11582.599609375,11582.599609375,11679.599609375,11534.650390625,11661.650390625,700500,-0.0018527934715960592,-0.001854512016487498,0.12957851120991382,11433.55498046875,11163.75900390625,-0.0015172657058636352,0.05465221318879854,-0.0418536717378879
2019-10-25,11583.900390625,11583.900390625,11646.900390625,11490.75,11646.150390625,812000,0.00011230477560042473,0.00011229846989121649,0.12952987156914744,11433.339990234375,11178.32701171875,-0.0003710502593180509,0.1591720199857245,-0.04174606732950015
2019-10-29,11786.849609375,11786.849609375,11809.400390625,11627.349609375,11643.9501953125,951700,0.017519938181983052,0.017368233407476515,0.13415174629719817,11450.6724609375,11193.415,0.030300991953317036,0.17204433497536953,-0.024957517666470808
2019-10-30,11844.099609375,11844.099609375,11883.9501953125,11784.4501953125,11883.900390625,725200,0.004857107869982835,0.004845350178432992,0.129689134852035,11464.317431640626,11208.103984375,0.023584365446641442,-0.23799516654407904,-0.02022163115196096
2019-10-31,11877.4501953125,11877.4501953125,11945.0,11855.099609375,11890.4501953125,1414800,0.0028157974888274317,0.0028118405572833054,0.1276479764098961,11482.569921875,11227.13599609375,0.031709269335765455,0.9509100937672366,-0.017462773681351185
2019-11-01,11890.599609375,11890.599609375,11918.2998046875,11843.349609375,11886.599609375,855300,0.0011070906504571099,0.0011064782775295006,0.1263733785174213,11503.377392578124,11244.35998046875,0.036267481838258675,-0.3954622561492791,-0.01637501590436774
2019-11-04,11941.2998046875,11941.2998046875,11989.150390625,11905.349609375,11928.900390625,823100,0.004263888868356602,0.004254824252091804,0.1185947208396723,11532.44736328125,11262.22998046875,0.0511799746538546,-0.03764760902607267,-0.012180948284044923
2019-11-05,11917.2001953125,11917.2001953125,11978.9501953125,11861.900390625,11974.599609375,632000,-0.002018173043904281,-0.002020212299297299,0.11732179734344256,11562.607373046874,11279.4959765625,0.053314494901228526,-0.23217106062446846,-0.014174538066473175
2019-11-06,11966.0498046875,11966.0498046875,12002.900390625,11850.25,11911.5,603400,0.004099084396871566,0.004090706038353768,0.10313706995219671,11602.17236328125,11298.47697265625,0.07081141007069514,-0.045253164556962044,-0.010133556297422741
2019-11-07,12012.0498046875,12012.0498046875,12021.400390625,11946.849609375,12021.099609375,563000,0.003844209304726398,0.003836839214212366,0.09898088335872408,11646.454833984375,11320.34396484375,0.07959891635831662,-0.06695392774279085,-0.006328302504104877
2019-11-08,11908.150390625,11908.150390625,12034.150390625,11888.75,11987.150390625,789300,-0.008649599006986697,-0.008687223905779385,0.0962615212358926,11676.19736328125,11343.67998046875,0.05257975977009233,0.40195381882770875,-0.014923164232036101
2019-11-11,11913.4501953125,11913.4501953125,11932.650390625,11853.9501953125,11879.2001953125,549000,0.0004450569159482054,0.0004449579074941643,0.08988968817796501,11710.1423828125,11365.3619921875,0.06042969254911634,-0.3044469783352337,-0.014484748973537132
2019-11-13,11840.4501953125,11840.4501953125,11946.7998046875,11823.2001953125,11908.2998046875,659000,-0.006127528029514329,-0.006146378372844679,0.0944738629899134,11736.91240234375,11381.01400390625,0.047359401318427086,0.20036429872495454,-0.02052352129771562
2019-11-14,11872.099609375,11872.099609375,11895.650390625,11802.650390625,11858.75,559500,0.002672990768123773,0.0026694246816312177,0.09442809804603004,11763.45986328125,11396.34900390625,0.04681616947685496,-0.15098634294385438,-0.017905389712549957
2019-11-15,11895.4501953125,11895.4501953125,11973.650390625,11879.25,11904.2001953125,580200,0.001966845520657623,0.001964913812506188,0.09227399786389537,11786.8173828125,11413.336015625,0.04087663069824177,0.03699731903485248,-0.015973761327444214
2019-11-18,11884.5,11884.5,11946.2001953125,11867.599609375,11915.150390625,514400,-0.0009205364347466549,-0.0009209603886071214,0.0927392089451258,11807.8423828125,11432.06001953125,0.03668004187020246,-0.11340916925198208,-0.01687959333288902
2019-11-19,11940.099609375,11940.099609375,11958.849609375,11881.75,11919.4501953125,613900,0.004678329704657314,0.004667420332106962,0.08749573110499863,11825.5298828125,11450.39701171875,0.030531617975152914,0.19342923794712297,-0.012280231931123486
2019-11-20,11999.099609375,11999.099609375,12038.599609375,11966.0498046875,12004.75,646700,0.004941332311304558,0.004929163997457979,0.08648155752434683,11842.3923828125,11474.42099609375,0.02891908327551085,0.053428897214530036,-0.007399580326650446
2019-11-21,11968.400390625,11968.400390625,12028.2001953125,11956.900390625,12025.650390625,557700,-0.002558460196964596,-0.0025617386493080496,0.08297184913796656,11861.394921875,11496.89599609375,0.03279593678659287,-0.1376217720736045,-0.009939108991875112
2019-11-22,11914.400390625,11914.400390625,11968.099609375,11883.5,11967.2998046875,486800,-0.004511881140131235,-0.004522090396049399,0.08578943770769218,11876.9099609375,11518.22599609375,0.02674061682470441,-0.12712928097543486,-0.014406146053596247
2019-11-25,12073.75,12073.75,12084.5,11919.75,11922.4501953125,534300,0.013374538722098483,0.013285889135891809,0.09472812284455201,11901.46748046875,11540.7769921875,0.04240415858176272,0.0975760065735416,-0.0012242828897276459
2019-11-26,12037.7001953125,12037.7001953125,12132.4501953125,12006.349609375,12110.2001953125,1201300,-0.0029858001604721185,-0.0029902665544935493,0.09620995620863422,11924.157470703125,11561.47,0.03917504375769365,1.2483623432528543,-0.004206427586151196
2019-11-27,12100.7001953125,12100.7001953125,12114.900390625,12055.150390625,12068.5,584200,0.005233557820665036,0.005219910352766259,0.07834619597996254,11939.85,11582.77,0.026627181676083245,-0.5136934987097311,0.0
2019-11-28,12151.150390625,12151.150390625,12158.7998046875,12099.9501953125,12132.099609375,620500,0.004169196368656758,0.004160529350791835,0.0779736161355951,11955.2025390625,11606.13701171875,0.025924366678490296,0.062136254707292116,0.0
2019-11-29,12056.0498046875,12056.0498046875,12147.400390625,12017.400390625,12146.2001953125,804400,-0.007826467690735917,-0.00785725523266999,0.0841458517076634,11964.13251953125,11625.74,0.015036864515372672,0.2963738920225625,-0.007826467690735917
2019-12-02,12048.2001953125,12048.2001953125,12137.150390625,12023.7001953125,12137.0498046875,720900,-0.0006510929783939412,-0.000651305031476376,0.08427727545312708,11972.012548828125,11646.63400390625,0.01325421687004269,-0.10380407757334664,-0.008472464910970867
2019-12-03,11994.2001953125,11994.2001953125,12068.599609375,11956.400390625,12067.650390625,605800,-0.004481997238144242,-0.004492071500914214,0.08504233980065343,11974.657568359375,11670.166015625,0.0044300362180198505,-0.15966153419336937,-0.012916488584783892
2019-12-04,12043.2001953125,12043.2001953125,12054.7001953125,11935.2998046875,11969.9501953125,747200,0.004085307832292884,0.0040769856204158446,0.08566287250087513,11980.957568359376,11694.21701171875,0.010572953205028934,0.23341036645757685,-0.008883948584472057
2019-12-05,12018.400390625,12018.400390625,12081.2001953125,11998.75,12071.25,562200,-0.00205923710353606,-0.002061360247465576,0.08504857692660026,11983.57509765625,11720.4890234375,0.0043749262949743795,-0.2475910064239829,-0.010924891531457037
2019-12-06,11921.5,11921.5,12057.0498046875,11888.849609375,12047.349609375,609200,-0.008062669529681155,-0.00809534862199821,0.08877991394246923,11979.047607421875,11733.43501953125,-0.0075382475230967305,0.08360014229811452,-0.01889947727107244
2019-12-09,11937.5,11937.5,11981.9501953125,11888.0498046875,11939.099609375,599100,0.001342112989137334,0.0013412131605239934,0.08329910605809605,11980.515087890624,11740.181015625,0.002464665662780474,-0.01657912015758367,-0.01758272951586859
2019-12-10,11856.7998046875,11856.7998046875,11953.2001953125,11844.7001953125,11950.5,650200,-0.006760225785340301,-0.006783179618895446,0.08680625035884038,11977.682568359374,11745.5530078125,-0.004755162416953729,0.08529460857953608,-0.024224092079759063
2019-12-11,11910.150390625,11910.150390625,11923.2001953125,11832.2998046875,11867.349609375,997700,0.0044995771891509495,0.004489484356039674,0.08540384313496895,11981.167578125,11754.95201171875,0.005886616991986893,0.5344509381728699,-0.019833513062758157
2019-12-12,11971.7998046875,11971.7998046875,12005.5,11934.0,11944.2998046875,752600,0.005176207859728388,0.005162857346029799,0.08677155503146221,11986.152587890625,11762.96400390625,0.008397857042386159,-0.2456650295680064,-0.01475996758923126
2019-12-13,12086.7001953125,12086.7001953125,12098.849609375,12023.599609375,12026.400390625,597700,0.009597587037832866,0.009551822783961173,0.09255196534586803,11995.715087890625,11774.45,0.016077575615873974,-0.2058198246080255,-0.005304040625011552
2019-12-16,12053.9501953125,12053.9501953125,12134.650390625,12046.2998046875,12131.349609375,437700,-0.0027095898360001147,-0.002713267419203363,0.09320967037284139,12004.18759765625,11786.04,0.014258083664647314,-0.2676928224861971,-0.007999258686444466
2019-12-17,12165.0,12165.0,12182.75,12070.349609375,12082.4501953125,499600,0.009212731336046609,0.009170552980705609,0.09703876729586386,12015.4326171875,11802.1419921875,0.018835721474920852,0.1414210646561571,0.0
2019-12-18,12221.650390625,12221.650390625,12237.7001953125,12163.4501953125,12197.0,518900,0.004656834412248179,0.004646024904610523,0.09688920957580391,12026.56015625,11820.295,0.018547290088009483,0.03863090472377895,0.0
2019-12-19,12259.7001953125,12259.7001953125,12268.349609375,12191.150390625,12223.400390625,623100,0.003113311498149862,0.003108475179285728,0.0962762057156647,12041.125146484375,11841.99400390625,0.02433907583135997,0.20080940450953944,0.0
2019-12-20,12271.7998046875,12271.7998046875,12293.900390625,12252.75,12266.4501953125,810700,0.000986941701855537,0.0009864549951019103,0.09388810032313108,12058.9951171875,11864.9019921875,0.02999726401202074,0.30107526881720426,0.0
2019-12-23,12262.75,12262.75,12287.150390625,12213.25,12235.4501953125,604800,-0.0007374472230261553,-0.0007377192709850936,0.08306845370942915,12068.4451171875,11883.89099609375,0.015653794388652997,-0.25397804366596766,-0.0007374472230261553
2019-12-24,12214.5498046875,12214.5498046875,12283.7001953125,12202.099609375,12269.25,470300,-0.003930618769240168,-0.003938363953434116,0.08370441805633126,12077.28759765625,11903.49099609375,0.014691312003588974,-0.22238756613756616,-0.004665167368370193
2019-12-26,12126.5498046875,12126.5498046875,12221.5498046875,12118.849609375,12211.849609375,520300,-0.007204522590446127,-0.007230600491364134,0.08646675014880126,12078.580078125,11919.92099609375,0.0021362077365583154,0.106315118009781,-0.011836079655122678
2019-12-27,12245.7998046875,12245.7998046875,12258.4501953125,12157.900390625,12172.900390625,383800,0.009833794601157297,0.009785757510884093,0.092087470222651,12083.312548828126,11938.013984375,0.007789337718634881,-0.2623486450124928,-0.0021186786301768956
2019-12-30,12255.849609375,12255.849609375,12286.4501953125,12213.7998046875,12274.900390625,411100,0.0008206736062803532,0.0008203370378256411,0.08678115657270431,12093.3025390625,11954.56498046875,0.016572576252116722,0.07113079729025529,-0.001299743767528505
2019-12-31,12168.4501953125,12168.4501953125,12247.099609375,12151.7998046875,12247.099609375,426900,-0.007131240742024536,-0.007156789574995062,0.0912054438431074,12099.3150390625,11968.653984375,0.009980743849756557,0.038433471174896594,-0.008421715723843759
2020-01-01,12182.5,12182.5,12222.2001953125,12165.2998046875,12202.150390625,304100,0.001154609211690083,0.0011539431631088094,0.08929138572056487,12108.730029296876,11980.5769921875,0.015699238100185253,-0.2876551885687515,-0.0072768303027066494
2020-01-02,12282.2001953125,12282.2001953125,12289.900390625,12195.25,12198.5498046875,407700,0.008183886337984836,0.008150579934013252,0.0924035969215838,12120.680029296875,11992.98400390625,0.019845223538924817,0.3406774087471227,0.0
2020-01-03,12226.650390625,12226.650390625,12265.599609375,12191.349609375,12261.099609375,428800,-0.004522789386603554,-0.004533048142335533,0.09388809314844067,12131.092529296875,12005.75001953125,0.017327597120366134,0.05175374049546244,-0.004522789386603554
2020-01-06,11993.0498046875,11993.0498046875,12179.099609375,11974.2001953125,12170.599609375,396500,-0.019105853072941215,-0.01929072847314149,0.11425145370101673,12134.67001953125,12013.5290234375,0.0060017451400831145,-0.07532649253731338,-0.023542230710044465
2020-01-07,12052.9501953125,12052.9501953125,12152.150390625,12005.349609375,12079.099609375,447800,0.004994592001242859,0.004982160403270252,0.11541692273460202,12140.442529296875,12022.93603515625,0.009671220549738235,0.1293820933165195,-0.01866522254599734
2020-01-08,12025.349609375,12025.349609375,12044.9501953125,11929.599609375,11939.099609375,446000,-0.0022899444111396106,-0.0022925703434345888,0.11273783663587285,12148.87001953125,12031.76501953125,0.014215455052287052,-0.004019651630192023,-0.020912424635085136
2020-01-09,12215.900390625,12215.900390625,12224.0498046875,12132.5498046875,12153.150390625,477500,0.015845758122611686,0.015721524760104574,0.1242045000493603,12164.15751953125,12040.34603515625,0.025671380290938073,0.07062780269058289,-0.0053980397349981946
2020-01-10,12256.7998046875,12256.7998046875,12311.2001953125,12213.2001953125,12271.0,660600,0.0033480474426501594,0.003342455210374022,0.12361393547753434,12178.40751953125,12048.6000390625,0.02380594435670469,0.38345549738219886,-0.002068065185478307
2020-01-13,12329.5498046875,12329.5498046875,12337.75,12285.7998046875,12296.7001953125,501000,0.0059354808073293075,0.005917935234497193,0.12099358419696933,12190.55,12057.64203125,0.020092300251575823,-0.2415985467756585,0.0
2020-01-14,12362.2998046875,12362.2998046875,12374.25,12308.7001953125,12333.099609375,616300,0.0026562202609821117,0.0026526987425187607,0.12030986435075718,12205.96748046875,12067.07603515625,0.025580793381319022,0.2301397205588822,0.0
2020-01-15,12343.2998046875,12343.2998046875,12355.150390625,12278.75,12349.400390625,684400,-0.0015369308543056182,-0.0015381131440847836,0.11693216422961515,12214.882470703125,12075.11603515625,0.014656786246403541,0.1104981340256368,-0.0015369308543056182
2020-01-16,12355.5,12355.5,12389.0498046875,12315.7998046875,12347.099609375,395700,0.000988406301843714,0.0009879181499700635,0.11602372460456087,12221.574951171875,12083.88203125,0.010951844071539929,-0.42182933956750435,-0.000550043664603761
2020-01-17,12352.349609375,12352.349609375,12385.4501953125,12321.400390625,12328.400390625,502100,-0.000254978804985595,-0.00025501131760789477,0.11565162817025418,12226.207421875,12091.60802734375,0.0075572332590909674,0.2688905736669194,-0.0008048822201131012
2020-01-20,12224.5498046875,12224.5498046875,12430.5,12216.900390625,12430.5,491600,-0.010346193941151438,-0.01040008785925209,0.12175664639591893,12223.844921875,12095.85802734375,-0.0038502909721482848,-0.020912168890659277,-0.011142748693715454
2020-01-21,12169.849609375,12169.849609375,12230.0498046875,12162.2998046875,12195.2998046875,400,-0.004474618385662321,-0.004484659455009181,0.12270180009230984,12219.19990234375,12101.09201171875,-0.0075758203196673035,-0.9991863303498779,-0.01556750753120606
2020-01-22,12106.900390625,12106.900390625,12225.0498046875,12087.900390625,12218.349609375,500,-0.005172555189302153,-0.005185979163736476,0.12326029059568595,12213.817431640626,12104.961015625,-0.008813211766608764,0.25,-0.02065953892864325
2020-01-23,12180.349609375,12180.349609375,12189.0,12094.099609375,12123.75,867700,0.0060667236352978104,0.0060483951593072694,0.12257185384588623,12216.507421875,12111.75900390625,0.004436530221209711,1734.4,-0.014718151006458235
2020-01-24,12248.25,12248.25,12272.150390625,12149.650390625,12174.5498046875,593200,0.005574584704263197,0.005559104211847819,0.11906558640751222,12216.629931640626,12119.28201171875,0.00020008454748388083,-0.3163535784257232,-0.009225613881670647
2020-01-27,12119.0,12119.0,12216.599609375,12107.0,12197.099609375,441200,-0.010552527912150667,-0.010608600656474901,0.12480691757001518,12209.787451171875,12123.7530078125,-0.011166064674155152,-0.25623735670937287,-0.019680788245828307
2020-01-28,12055.7998046875,12055.7998046875,12163.5498046875,12024.5,12148.099609375,478500,-0.005214967844912932,-0.005228613250633523,0.12363768386032242,12204.154931640625,12127.17900390625,-0.009257579134308691,0.08454215775158658,-0.024793121412876817
2020-01-29,12129.5,12129.5,12169.599609375,12103.7998046875,12114.900390625,514400,0.006113256399948197,0.006094646255253335,0.12572203798672468,12201.504931640626,12130.96701171875,-0.004350502770367304,0.07502612330198533,-0.018831431721080594
2020-01-30,12035.7998046875,12035.7998046875,12150.2998046875,12010.599609375,12147.75,538100,-0.0077249841553650445,-0.007754976405079576,0.1243496179603176,12189.184912109375,12131.701015625,-0.02006158397573088,0.046073094867807196,-0.02641094336477734
2020-01-31,11962.099609375,11962.099609375,12103.5498046875,11945.849609375,12100.400390625,771300,-0.006123414854723341,-0.006142239847635705,0.1250827719339967,12175.957373046875,12131.575,-0.021637224652538478,0.4333766957814533,-0.03237263305657356
2020-02-03,11707.900390625,11707.900390625,11749.849609375,11614.5,11627.4501953125,669800,-0.021250384719316173,-0.02147942474929971,0.1294702304629068,12161.69990234375,12127.445,-0.023776221954072807,-0.13159600674186434,-0.052935086869060344
2020-02-04,11979.650390625,11979.650390625,11986.150390625,11783.400390625,11786.25,560400,0.02321082268667074,0.02294554852001912,0.1541936336518708,12158.034912109375,12125.5630078125,-0.006081482417143569,-0.16333233801134672,-0.03095293109761088
2020-02-05,12089.150390625,12089.150390625,12098.150390625,11953.349609375,12005.849609375,758000,0.009140500467834434,0.009098978920125088,0.15751238319994113,12161.224951171875,12126.59201171875,0.005305524024038499,0.35260528194147045,-0.022095355910955017
2020-02-06,12137.9501953125,12137.9501953125,12160.599609375,12084.650390625,12120.0,565100,0.004036661230167438,0.00402853577236436,0.147440111853289,12157.32744140625,12127.33701171875,-0.006381043788824758,-0.25448548812664906,-0.01814788614736007
2020-02-07,12098.349609375,12098.349609375,12154.7001953125,12073.9501953125,12151.150390625,473500,-0.0032625431230384194,-0.003267876820959125,0.14712901138997597,12149.404931640625,12126.28099609375,-0.012927533927077905,-0.1620952043886038,-0.021351221009250687
2020-02-10,12031.5,12031.5,12103.5498046875,11990.75,12102.349609375,524700,-0.005525514763038308,-0.005540836887552729,0.1459616621821093,12134.50244140625,12125.79,-0.02417361618298397,0.10813093980992616,-0.026758759285393507
2020-02-11,12107.900390625,12107.900390625,12172.2998046875,12099.0,12108.400390625,480000,0.006350030388978967,0.0063299538920958175,0.1478285816858852,12121.782470703125,12126.98400390625,-0.020578647831048236,-0.08519153802172674,-0.020578647831048236
2020-02-12,12201.2001953125,12201.2001953125,12231.75,12144.2998046875,12151.0,411700,0.0077056964194832656,0.0076761591804553895,0.15100077633984849,12114.677490234375,12131.12400390625,-0.011512286959200035,-0.1422916666666667,-0.0130315242244744
2020-02-13,12174.650390625,12174.650390625,12225.650390625,12139.7998046875,12219.5498046875,501200,-0.0021759994314084485,-0.002178370358219195,0.15098328647317832,12105.635009765625,12133.7530078125,-0.014637174487070581,0.21739130434782616,-0.015179167066579957
2020-02-14,12113.4501953125,12113.4501953125,12246.7001953125,12091.2001953125,12190.150390625,622800,-0.005026854435148831,-0.005039531569823334,0.15173391668886668,12093.6900390625,12135.65400390625,-0.01934040256447922,0.2426177174780526,-0.020129718038438327
2020-02-17,12045.7998046875,12045.7998046875,12159.599609375,12037.0,12131.7998046875,0,-0.00558473346026378,-0.005600386389670753,0.14870659861125607,12084.7525390625,12138.14,-0.014622215366283497,-1.0,-0.02560203238882708
2020-02-18,11992.5,11992.5,12030.75,11908.0498046875,12028.25,676900,-0.004424762618648104,-0.004434580853707973,0.14868996275198923,12075.88505859375,12139.24,-0.014572867789457211,inf,-0.029913512091599648
2020-02-19,12125.900390625,12125.900390625,12134.7001953125,12042.099609375,12090.599609375,513600,0.011123651500938081,0.011062238693018929,0.15335037642912042,12076.83505859375,12144.62201171875,0.0015693529629361436,-0.2412468606884326,-0.019122608074337633
2020-02-20,12080.849609375,12080.849609375,12152.0,12071.4501953125,12119.0,502600,-0.003715252459506435,-0.003722171151700223,0.15222318916166838,12071.86005859375,12148.03599609375,-0.00816889524446951,-0.02141744548286606,-0.022766815217163727
2020-02-24,11829.400390625,11829.400390625,12012.5498046875,11813.400390625,12012.5498046875,490800,-0.02081386879900149,-0.02103353072205037,0.16694759389924363,12050.917578125,12145.1880078125,-0.03419669008838,-0.02347791484281736,-0.04310681851126408
2020-02-25,11797.900390625,11797.900390625,11883.0498046875,11779.900390625,11877.5,461000,-0.002662856861702312,-0.002666408571566386,0.16370041011049166,12034.86259765625,12139.41201171875,-0.02649555321189867,-0.06071719641401796,-0.04565488808550755
2020-02-26,11678.5,11678.5,11783.25,11639.599609375,11738.5498046875,567600,-0.010120477938589723,-0.010172038146389433,0.16617853816108336,12015.997607421876,12131.9030078125,-0.03129612392375658,0.23123644251626896,-0.05531331673643913
2020-02-27,11633.2998046875,11633.2998046875,11663.849609375,11536.7001953125,11661.25,608600,-0.003870376787472707,-0.0038778860778288546,0.16381571540349818,11991.18759765625,12121.26900390625,-0.04090854489570883,0.07223396758280476,-0.05896961014677704
2020-02-28,11201.75,11201.75,11384.7998046875,11175.0498046875,11382.0,809900,-0.03709607866493836,-0.0378016423222764,0.20670577697676396,11949.485107421875,12100.87099609375,-0.06929741423271829,0.3307591192901742,-0.09387814751486989
2020-03-02,11132.75,11132.75,11433.0,11036.25,11387.349609375,680800,-0.006159751824491688,-0.0061788013630017435,0.20671180323491242,11908.017626953126,12078.3319921875,-0.06933144150756088,-0.1594023953574515,-0.09945963324892693
2020-03-03,11303.2998046875,11303.2998046875,11342.25,11152.5498046875,11217.5498046875,696500,0.015319647408546855,0.015203486470954998,0.20562049549299993,11887.78759765625,12058.9619921875,-0.0345579115330944,0.023061104582843717,-0.08566367235313699
2020-03-04,11251.0,11251.0,11356.599609375,11082.150390625,11351.349609375,797700,-0.004626950146523701,-0.0046376876143074345,0.18382285031899046,11851.355078125,12038.7269921875,-0.06082401129128323,0.1452979181622398,-0.08989426095831465
2020-03-05,11269.0,11269.0,11389.5,11244.599609375,11306.0498046875,1352500,0.0015998577904186018,0.0015985793812774052,0.17906729744480765,11810.34755859375,12019.81599609375,-0.06784185522756148,0.6954995612385608,-0.08843822120160405
2020-03-06,10989.4501953125,10989.4501953125,11035.099609375,10827.400390625,10942.650390625,1811000,-0.024806975302821943,-0.02511985353017798,0.19219673542806467,11752.92255859375,11997.07400390625,-0.09462058926914485,0.3390018484288355,-0.11105131173525229
2020-03-09,10451.4501953125,10451.4501953125,10751.5498046875,10294.4501953125,10742.0498046875,1565500,-0.048956043335951605,-0.05019499598647564,0.2501356616019379,11670.577587890624,11961.18701171875,-0.13612595661695204,-0.13556046383213693,-0.15457072224137858
2020-03-11,10458.400390625,10458.400390625,10545.099609375,10334.0,10334.2998046875,1218500,0.0006649981756232659,0.0006647771623133455,0.2516850261264917,11591.922607421875,11925.23802734375,-0.1307484195133608,-0.22165442350686682,-0.15400851331405063
2020-03-12,9590.150390625,9590.150390625,10040.75,9508.0,10039.9501953125,1343500,-0.08301938801064712,-0.08666894981793948,0.373391406968739,11466.035107421874,11873.67203125,-0.20794274141447866,0.10258514567090682,-0.2242422088009356
2020-03-13,9955.2001953125,9955.2001953125,10159.400390625,8555.150390625,9107.599609375,1388000,0.03806507612689369,0.03735847654239177,0.40711635526189066,11353.735107421875,11829.12603515625,-0.1840802514545148,0.033122441384443535,-0.1947129294229123
2020-03-16,9197.400390625,9197.400390625,9602.2001953125,9165.099609375,9587.7998046875,897700,-0.07612100106679087,-0.07917416945110371,0.4734075847313412,11204.872607421876,11767.4300390625,-0.24454500987499483,-0.3532420749279539,-0.25601218738138376
2020-03-17,8967.0498046875,8967.0498046875,9403.7998046875,8915.599609375,9285.400390625,935600,-0.02504518409052825,-0.02536415171509603,0.47379006600685913,11047.552587890625,11702.23802734375,-0.25974436183693983,0.042219004121644144,-0.2746454991095265
2020-03-18,8468.7998046875,8468.7998046875,9127.5498046875,8407.0498046875,9088.4501953125,1516600,-0.05556454027271507,-0.05716792711513327,0.4950489139382107,10868.702587890624,11631.75302734375,-0.2969499790796828,0.6209918768704574,-0.31494948848625026
2020-03-19,8263.4501953125,8263.4501953125,8575.4501953125,7832.5498046875,8063.2998046875,925700,-0.024247781753128472,-0.02454659954775134,0.4930898418344276,10682.25009765625,11555.96302734375,-0.3109484931988743,-0.3896215218251352,-0.3315604437793047
2020-03-20,8745.4501953125,8745.4501953125,8883.0,8178.2001953125,8284.4501953125,1071500,0.058329146858465686,0.05669138794443699,0.5525395889503335,10513.227587890626,11490.3650390625,-0.27877931422940405,0.1575024305930648,-0.29257093473850015
2020-03-23,7610.25,7610.25,8159.25,7583.60009765625,7945.7001953125,653500,-0.12980466070471242,-0.13903756461051203,0.7005117649128956,10289.697607421875,11398.25203125,-0.3700567223273534,-0.39010732617825483,-0.38439852452742107
2020-03-24,7801.0498046875,7801.0498046875,8036.9501953125,7511.10009765625,7848.2998046875,738400,0.02507142402516349,0.024762292138464665,0.7208745619887814,10088.280078125,11309.13703125,-0.34053717457480226,0.12991583779648042,-0.3689645189053318
2020-03-25,8317.849609375,8317.849609375,8376.75,7714.75,7735.14990234375,736900,0.06624746894667499,0.06414544603118057,0.779789197169394,9914.2775390625,11228.90302734375,-0.29497204299295177,-0.002031419284940439,-0.3271600154672626
2020-03-26,8641.4501953125,8641.4501953125,8749.0498046875,8304.900390625,8451.0,865600,0.038904356430389475,0.03816665439616388,0.8042873034596131,9762.425048828125,11154.48603515625,-0.2600547848343109,0.17465056317003658,-0.30098360888838327
2020-03-27,8660.25,8660.25,9038.900390625,8522.900390625,8949.099609375,801500,0.0021755381634551707,0.002173175106963937,0.8056885997707263,9613.77255859375,11080.8250390625,-0.2555637570252891,-0.07405268022181144,-0.2994628720526392
2020-03-30,8281.099609375,8281.099609375,8576.0,8244.0,8385.9501953125,593300,-0.04378053643081892,-0.04476782787370225,0.8087051597364228,9467.7400390625,10999.33703125,-0.26073161699064873,-0.25976294447910164,-0.33013276330388
2020-03-31,8597.75,8597.75,8678.2998046875,8358.0,8529.349609375,712700,0.03823772271336057,0.03752477847769833,0.8297094887995391,9340.9900390625,10924.2450390625,-0.22770654151040848,0.20124726108208324,-0.3045185656523286
2020-04-01,8253.7998046875,8253.7998046875,8588.099609375,8198.349609375,8584.099609375,506300,-0.04000467509668226,-0.040826864424490454,0.828357187732135,9188.5150390625,10844.8300390625,-0.2697884735159698,-0.2896029184790234,-0.3323410744691818
2020-04-03,8083.7998046875,8083.7998046875,8356.5498046875,8055.7998046875,8356.5498046875,697000,-0.020596574186770744,-0.02081164185069997,0.8274760386602648,9030.155029296875,10763.10904296875,-0.2815038836825615,0.37665415761406273,-0.3460925610603369
2020-04-07,8792.2001953125,8792.2001953125,8819.400390625,8360.9501953125,8446.2998046875,814200,0.08763210467115035,0.08400295216282225,0.899946154572283,8906.3150390625,10696.8150390625,-0.2197887838040199,0.1681492109038738,-0.2887892759259325
2020-04-08,8748.75,8748.75,9131.7001953125,8653.900390625,8688.900390625,896500,-0.004941902407507137,-0.004954153987953298,0.8990149674824969,8794.280029296875,10628.183046875,-0.20389556852154989,0.10108081552444115,-0.2923040099154791
2020-04-09,9111.900390625,9111.900390625,9128.349609375,8904.5498046875,8973.0498046875,742100,0.04150883161880259,0.0406704613937413,0.9048506108429898,8727.3025390625,10565.4560546875,-0.12816879759789612,-0.17222532069157837,-0.2629283762257588
2020-04-13,8993.849609375,8993.849609375,9112.0498046875,8912.400390625,9103.9501953125,644000,-0.01295567073707915,-0.013040327423561648,0.9046471243294096,8654.075,10502.953046875,-0.14003583019854893,-0.13219242689664468,-0.2724776334930221
2020-04-15,8925.2998046875,8925.2998046875,9261.2001953125,8874.099609375,9196.400390625,879100,-0.007621853562688519,-0.007651048328648555,0.8551063622091428,8620.832470703124,10440.343046875,-0.0693263983208684,0.36506211180124226,-0.278022702434119
2020-04-16,8992.7998046875,8992.7998046875,9053.75,8821.900390625,8851.25,719400,0.007562771164790316,0.007534316783542481,0.8426251437601128,8572.712451171876,10377.60904296875,-0.09667313280933876,-0.1816630644977818,-0.2725625533464544
2020-04-17,9266.75,9266.75,9324.0,9091.349609375,9323.4501953125,684200,0.03046328187687486,0.03000848934711599,0.8035157665992532,8576.179931640625,10322.228046875,0.007540131605631606,-0.04892966360856266,-0.25040242136125335
2020-04-20,9261.849609375,9261.849609375,9390.849609375,9230.7998046875,9390.2001953125,726400,-0.0005288143766692954,-0.0005289542483047096,0.7977794891315957,8590.919921875,10268.223046875,0.032875896878970634,0.061677871967261044,-0.2507988193375541
2020-04-21,8981.4501953125,8981.4501953125,9044.400390625,8909.400390625,9016.9501953125,655100,-0.030274667144095657,-0.030742409586860843,0.7772026641296038,8616.55244140625,10213.69404296875,0.06053400746836024,-0.09815528634361237,-0.27348063570607306
2020-04-22,9187.2998046875,9187.2998046875,9209.75,8946.25,9026.75,734400,0.02291941778872575,0.022660713376927297,0.7731141378135437,8662.744921875,10157.84703125,0.11179950112110082,0.12105022134025334,-0.25682923486422105
2020-04-23,9313.900390625,9313.900390625,9343.599609375,9170.150390625,9232.349609375,666700,0.01377995587701486,0.013685875581327233,0.7499210232997583,8691.167431640624,10102.34203125,0.0649995349144159,-0.09218409586056642,-0.24658837451156268
2020-04-24,9154.400390625,9154.400390625,9296.900390625,9141.2998046875,9163.900390625,659400,-0.017124941572334906,-0.017273269224786485,0.5384609995335461,8768.374951171874,10042.67103515625,0.20290402951611308,-0.010949452527373671,-0.25949050457797007
2020-04-27,9282.2998046875,9282.2998046875,9377.099609375,9250.349609375,9259.7001953125,512800,0.013971358975458648,0.01387465918374464,0.5356771404010483,8842.437451171874,9986.3500390625,0.18987829036932258,-0.22232332423415224,-0.24914458059269318
2020-04-28,9380.900390625,9380.900390625,9404.400390625,9260.0,9389.7998046875,614500,0.010622430648890235,0.010566409007242056,0.494275541952276,8895.589990234375,9933.338046875,0.1278035587529549,0.19832293291731662,-0.24116867097269568
2020-04-29,9553.349609375,9553.349609375,9599.849609375,9392.349609375,9408.599609375,653000,0.018383013524196468,0.01821608855026957,0.48198293333998243,8941.1849609375,9882.24703125,0.105526201442109,0.06265256305939793,-0.22721906438860273
2020-04-30,9859.900390625,9859.900390625,9889.0498046875,9731.5,9753.5,931200,0.03208830345213909,0.03158422875946422,0.49090604157481427,9001.16748046875,9835.42103515625,0.13852375977887466,0.42603369065849916,-0.20242183522467616
2020-05-04,9293.5,9293.5,9533.5,9266.9501953125,9533.5,687500,-0.05744483901313502,-0.059160835126554547,0.5129985915704575,9051.7875,9777.79802734375,0.12225434282650882,-0.26170532646048106,-0.24823858450058633
2020-05-05,9205.599609375,9205.599609375,9450.900390625,9190.75,9429.400390625,725200,-0.009458265521601117,-0.009503278972569803,0.501414932405227,9082.17998046875,9719.641015625,0.07069868388531875,0.05483636363636357,-0.25534894357727445
2020-05-06,9270.900390625,9270.900390625,9346.900390625,9116.5,9226.7998046875,722200,0.007093593467121684,0.0070685522845568985,0.47340410181691245,9133.035009765625,9664.14302734375,0.12322816278629234,-0.004136789851075573,-0.250066691708149
2020-05-07,9199.0498046875,9199.0498046875,9277.849609375,9175.900390625,9234.0498046875,708700,-0.007750119504051356,-0.0077803077564110755,0.4658847633090247,9188.797509765625,9608.2740234375,0.13796111073326034,-0.018692882857934134,-0.2558787644674795
2020-05-08,9251.5,9251.5,9382.650390625,9238.2001953125,9376.9501953125,609100,0.0057016970693835045,0.005685503917787226,0.36502438962357675,9211.7625,9550.786015625,0.0522394616233115,-0.14053901509806688,-0.25163601059957763
2020-05-11,9239.2001953125,9239.2001953125,9439.900390625,9219.9501953125,9348.150390625,704600,-0.0013294930214019507,-0.001330377581346701,0.3642626883545077,9236.285009765625,9493.95302734375,0.056059459387055366,0.15678870464619932,-0.25263095530095403
2020-05-12,9196.5498046875,9196.5498046875,9240.849609375,9043.9501953125,9168.849609375,805500,-0.004616242718351149,-0.004626930470959459,0.33607900392318873,9240.51748046875,9441.296015625,0.00928998457331609,0.14320181663355092,-0.2560809922114671
2020-05-13,9383.5498046875,9383.5498046875,9584.5,9351.099609375,9584.2001953125,846400,0.02033371253039773,0.02012974293547344,0.3390155673856108,9260.002490234376,9393.00900390625,0.04332963216399399,0.050775915580384856,-0.24095435696119638
2020-05-14,9142.75,9142.75,9281.099609375,9119.75,9213.9501953125,602600,-0.025661909373274727,-0.025996919937107583,0.3520338509569203,9270.875,9342.29400390625,0.0243633491390729,-0.2880434782608695,-0.2604329174630372
2020-05-15,9136.849609375,9136.849609375,9182.400390625,9050.0,9182.400390625,575900,-0.0006453627874545287,-0.0006455711236580218,0.35127943905252795,9278.077490234375,9292.365,0.01601834888089182,-0.044307998672419524,-0.26091020653693286
2020-05-18,8823.25,8823.25,9158.2998046875,8806.75,9158.2998046875,773000,-0.034322509703259896,-0.03492536149006188,0.3552523921069231,9255.902490234375,9244.795,-0.04785928184099064,0.34224691786768546,-0.28627762314464933
2020-05-19,8879.099609375,8879.099609375,9030.349609375,8855.2998046875,8961.7001953125,762200,0.00632982284022332,0.006309873650596998,0.3565703835463097,9236.764990234375,9199.7219921875,-0.041325438885616794,-0.013971539456662407,-0.2817598869420519
2020-05-20,9066.5498046875,9066.5498046875,9093.7998046875,8875.349609375,8889.150390625,622300,0.021111396826158035,0.020891638839326522,0.34859508532278355,9241.019970703124,9154.9869921875,0.009475041059562317,-0.18354762529519808,-0.2665968348988209
2020-05-21,9106.25,9106.25,9178.5498046875,9056.099609375,9079.4501953125,631500,0.004378754451001221,0.004369195599480915,0.3390691596555414,9236.96748046875,9112.0919921875,-0.008821939678745117,0.014783866302426452,-0.26338544252525575
2020-05-22,9039.25,9039.25,9149.599609375,8968.5498046875,9067.900390625,675800,-0.0073575840768702605,-0.00738478460081561,0.33565594168582835,9223.2349609375,9067.4969921875,-0.02948822502991899,0.07015043547110045,-0.26880514606412276
2020-05-26,9029.0498046875,9029.0498046875,9161.650390625,8996.650390625,9099.75,655000,-0.0011284338094974533,-0.00112907097030296,0.3304430531034833,9216.967431640625,9028.288984375,-0.013692932424702708,-0.03077833678603137,-0.2696302510586346
2020-05-27,9314.9501953125,9314.9501953125,9334.0,9004.25,9082.2001953125,763500,0.03166450477176164,0.0311735219299972,0.34589918066858266,9218.599951171875,9005.558984375,0.0035174893412204256,0.16564885496183201,-0.2465034546581304
2020-05-28,9490.099609375,9490.099609375,9511.25,9336.5,9364.9501953125,837900,0.018803043536468778,0.018628451492543274,0.35026753569606156,9224.059912109375,8986.19296875,0.011640590370102455,0.09744597249508846,-0.2323354263114884
2020-05-29,9580.2998046875,9580.2998046875,9598.849609375,9376.900390625,9422.2001953125,967000,0.009504662651105722,0.009459777532853096,0.3457697721876393,9225.407421875,8985.99595703125,0.002821020523110951,0.15407566535386086,-0.22503903350937415
2020-06-01,9826.150390625,9826.150390625,9931.599609375,9706.9501953125,9726.849609375,794200,0.025662097319460564,0.025338352659720637,0.33887863963197845,9223.719921875,8983.4149609375,-0.0034229554724599653,-0.1786970010341261,-0.2051519097685085
2020-06-02,9979.099609375,9979.099609375,9995.599609375,9824.0498046875,9880.849609375,770200,0.015565527970742954,0.015445627746472025,0.26120843718915193,9257.99990234375,8999.0489453125,0.07377194914456342,-0.030219088390833537,-0.19277967958751863
2020-06-03,10061.5498046875,10061.5498046875,10176.2001953125,10035.5498046875,10108.2998046875,794700,0.008262288035990828,0.008228342186278518,0.2569972205924269,9300.797412109376,9020.9389453125,0.09298147123852729,0.03180991950142831,-0.18611019279176588
2020-06-04,10029.099609375,10029.099609375,10123.849609375,9944.25,10054.25,775100,-0.003225168681009971,-0.003230380747065696,0.25820034749454085,9338.707373046875,9052.14494140625,0.08178269497067547,-0.024663394991820797,-0.1887351247077671
2020-06-05,10142.150390625,10142.150390625,10177.7998046875,10040.75,10093.7998046875,987100,0.011272276241460544,0.01120921756965851,0.2555621337185898,9385.86240234375,9089.7189453125,0.10252152189206876,0.2735130950845053,-0.17959032292847887
2020-06-08,10167.4501953125,10167.4501953125,10328.5,10120.25,10326.75,936500,0.002494520758722585,0.0024914146063167966,0.2556800795600158,9431.659912109375,9118.1589453125,0.09900558777630653,-0.05126127038800532,-0.17754379395836717
2020-06-09,10046.650390625,10046.650390625,10291.150390625,10021.4501953125,10181.150390625,754200,-0.011881032349997822,-0.011952175882067815,0.2617225368162727,9472.032421875,9166.886953125,0.08739394950248602,-0.19466097170315,-0.1873154227488043
2020-06-10,10116.150390625,10116.150390625,10148.75,10036.849609375,10072.599609375,632400,0.006917728526201428,0.006893910822071789,0.2597630158644907,9518.012451171875,9213.18896484375,0.09999408533282539,-0.16149562450278443,-0.1816934914659497
2020-06-11,9902.0,9902.0,10112.0498046875,9885.0498046875,10094.099609375,715500,-0.021169158460066062,-0.021396438367806456,0.2688494026487265,9543.9349609375,9244.87197265625,0.05525096643633853,0.13140417457305498,-0.19901635161401043
2020-06-12,9972.900390625,9972.900390625,9996.0498046875,9544.349609375,9544.9501953125,796300,0.00716020911179549,0.007134696525776951,0.24677972527797534,9585.44248046875,9271.5009765625,0.09079876302261347,0.11292802236198463,-0.1932811411964378
2020-06-15,9813.7001953125,9813.7001953125,9943.349609375,9726.349609375,9919.349609375,716100,-0.015963279394844432,-0.016092064938005003,0.2568103553189805,9619.285009765625,9294.56998046875,0.07407920835678494,-0.10071581062413659,-0.20615901973260908
2020-06-16,9914.0,9914.0,10046.150390625,9728.5,10014.7998046875,899900,0.010220386061458031,0.010168511071378764,0.21335919579819243,9673.822509765625,9327.22798828125,0.1236222480378546,0.25666806311967605,-0.19804565844287003
2020-06-17,9881.150390625,9881.150390625,10003.599609375,9833.7998046875,9876.7001953125,685400,-0.0033134566648174157,-0.0033189583187083734,0.21579443590210567,9723.925048828125,9352.89599609375,0.11285499941818244,-0.23835981775752857,-0.2007028994007818
2020-06-18,10091.650390625,10091.650390625,10111.2001953125,9845.0498046875,9863.25,622900,0.021303187551898528,0.021079446670088396,0.2159748291831486,9775.180078125,9389.6530078125,0.11306402192899356,-0.09118762766267874,-0.18367532335702796
2020-06-19,10244.400390625,10244.400390625,10272.400390625,10072.650390625,10119.0,892100,0.015136275444292302,0.015022865002949488,0.21862390071494195,9832.08759765625,9432.86501953125,0.12498562971859983,0.4321720982501205,-0.17131920819938706
2020-06-22,10311.2001953125,10311.2001953125,10393.650390625,10277.599609375,10318.75,685400,0.006520616350433883,0.006499449097502718,0.212924430770534,9895.685107421876,9463.24501953125,0.14071412952540308,-0.23170048200874338,-0.1659156986790815
2020-06-23,10471.0,10471.0,10484.7001953125,10301.75,10347.9501953125,669200,0.015497691991291696,0.015378829255110686,0.21305750765609133,9967.7826171875,9497.69001953125,0.1597012118112251,-0.02363583309016637,-0.15298931708243824
2020-06-24,10305.2998046875,10305.2998046875,10553.150390625,10281.9501953125,10529.25,854800,-0.015824677233549855,-0.015951224257763807,0.20896651300310704,10017.30009765625,9521.5580078125,0.10631829356139422,0.2773460848774656,-0.16639298775297728
2020-06-25,10288.900390625,10288.900390625,10361.7998046875,10194.5,10235.5498046875,994200,-0.001591357298992957,-0.0015926248529521327,0.2038055374397727,10057.24013671875,9547.4590234375,0.08417201232122862,0.16307908282639216,-0.16771955435640828
2020-06-26,10383.0,10383.0,10409.849609375,10311.25,10378.900390625,671900,0.00914574014738645,0.00910417112670767,0.20368400497371353,10097.375146484375,9576.61302734375,0.08378654235014138,-0.324180245423456,-0.1601077336708009
2020-06-29,10312.400390625,10312.400390625,10337.9501953125,10223.599609375,10311.9501953125,574500,-0.006799538608783573,-0.006822760798075913,0.19061846407845742,10121.687646484375,9603.0050390625,0.049485300007612754,-0.1449620479237982,-0.16581861356292504
2020-06-30,10302.099609375,10302.099609375,10401.0498046875,10267.349609375,10382.599609375,556200,-0.0009988732845714887,-0.0009993724909477652,0.18454979210548383,10137.837646484375,9623.71203125,0.032367649652134345,-0.03185378590078325,-0.16665185506432378
2020-07-01,10430.0498046875,10430.0498046875,10447.0498046875,10299.599609375,10323.7998046875,573600,0.012419817334717198,0.012343324106810436,0.1870729629009704,10156.262646484374,9647.07603515625,0.03662457644729078,0.031283710895361416,-0.15630182332799725
2020-07-02,10551.7001953125,10551.7001953125,10598.2001953125,10485.5498046875,10493.0498046875,597400,0.011663452514898642,0.011595958752537541,0.18917778341197844,10182.39267578125,9678.48103515625,0.052108425112159074,0.04149232914923284,-0.1464613897074768
2020-07-03,10607.349609375,10607.349609375,10631.2998046875,10562.650390625,10614.9501953125,525200,0.005273976044848361,0.005260117338821228,0.18672458533416497,10205.65263671875,9706.88203125,0.04586790777427363,-0.12085704720455304,-0.14195984752344082
2020-07-06,10763.650390625,10763.650390625,10811.400390625,10695.099609375,10723.849609375,571200,0.014735139974255018,0.014627632603289031,0.1918386740112489,10235.462646484375,9735.87703125,0.058638123016069965,0.08758568164508751,-0.12931650577316767
2020-07-07,10799.650390625,10799.650390625,10813.7998046875,10689.7001953125,10802.849609375,636800,0.003344590235981215,0.003339009534036716,0.18369679122314925,10273.112646484375,9768.78203125,0.07495035367237013,0.11484593837535018,-0.12640442625974657
2020-07-08,10705.75,10705.75,10847.849609375,10676.5498046875,10818.650390625,767900,-0.00869476207364206,-0.008732782060989626,0.1883126419778168,10302.592626953125,9797.25103515625,0.05828300159726796,0.20587311557788945,-0.13400013192200488
2020-07-09,10813.4501953125,10813.4501953125,10836.849609375,10733.0,10755.5498046875,618700,0.010060032721901813,0.01000976742529668,0.1664477141253535,10348.16513671875,9825.90203125,0.09204708092430813,-0.19429613230889442,-0.1252881449119776
2020-07-10,10768.0498046875,10768.0498046875,10819.400390625,10713.0,10764.099609375,590700,-0.004198511095439339,-0.00420734959083762,0.16883061003132,10387.922607421875,9850.19603515625,0.07973100932703381,-0.04525618231776307,-0.12896063234087696
2020-07-13,10802.7001953125,10802.7001953125,10894.0498046875,10756.0498046875,10851.849609375,554100,0.003217889149241815,0.003212722824094239,0.15164043962306412,10437.372607421876,9869.05203125,0.10077748253124685,-0.06196038598273235,-0.12615772421112414
2020-07-14,10607.349609375,10607.349609375,10755.650390625,10562.900390625,10750.849609375,532400,-0.01808349601540049,-0.018249000734889463,0.17065696238211175,10472.040087890626,9895.3290234375,0.06993641409874929,-0.03916260602779287,-0.14195984752344082
2020-07-15,10618.2001953125,10618.2001953125,10827.4501953125,10577.75,10701.0,715900,0.0010229309240368245,0.001022408086719745,0.1690852631822936,10508.892578125,9923.58103515625,0.074591497502841,0.34466566491359885,-0.14108213171740724
2020-07-16,10739.9501953125,10739.9501953125,10755.2998046875,10595.2001953125,10706.2001953125,694400,0.011466161662100571,0.011400923444823241,0.15900238361024108,10541.307568359374,9952.96203125,0.06424120729447402,-0.03003212739209382,-0.13123364058521236
2020-07-17,10901.7001953125,10901.7001953125,10933.4501953125,10749.650390625,10752.0,676900,0.01506059125586967,0.014948306530616993,0.15892851653289164,10574.17255859375,9987.0150390625,0.06416186205383156,-0.025201612903225756,-0.11814950554921622
2020-07-20,11022.2001953125,11022.2001953125,11037.900390625,10953.0,10999.4501953125,554300,0.011053321760931656,0.010992680250840313,0.16098669330532453,10609.72255859375,10022.42904296875,0.06895414564089464,-0.1811198109026444,-0.10840212828901508
2020-07-21,11162.25,11162.25,11179.5498046875,11113.25,11126.099609375,772000,0.012706156865764484,0.012626110991777935,0.1585329208184645,10644.28505859375,10060.8900390625,0.06601566230541489,0.39274760959769073,-0.0970733458698736
2020-07-22,11132.599609375,11132.599609375,11238.099609375,11056.5498046875,11231.2001953125,765100,-0.0026563094918139463,-0.002659843741967638,0.14355385340296622,10685.650048828125,10099.61103515625,0.08027906226572767,-0.008937823834196945,-0.09947179851165122
2020-07-23,11215.4501953125,11215.4501953125,11239.7998046875,11103.150390625,11135.0,621600,0.007442159858846331,0.007414603621325298,0.14257254015563006,10731.9775390625,10136.24904296875,0.09005333607192378,-0.18755718206770355,-0.09276992367877546
2020-07-24,11194.150390625,11194.150390625,11225.400390625,11090.2998046875,11149.9501953125,678900,-0.0018991484351116306,-0.0019009541040186228,0.14301677683190486,10772.53505859375,10177.27705078125,0.07812293081238564,0.09218146718146714,-0.0944928882585071
2020-07-27,11131.7998046875,11131.7998046875,11225.0,11087.849609375,11225.0,588100,-0.005569925698846956,-0.0055854955772852745,0.14186516284172407,10813.505029296875,10217.1760546875,0.07945768036774603,-0.1337457652084254,-0.09953649559068478
2020-07-28,11300.5498046875,11300.5498046875,11317.75,11151.400390625,11154.099609375,683900,0.0151592736988444,0.015045520083450243,0.1460034851813589,10863.4275390625,10266.72205078125,0.09691715603331019,0.16289746641727598,-0.08588612287152342
2020-07-29,11202.849609375,11202.849609375,11341.400390625,11149.75,11276.900390625,600700,-0.008645614328603224,-0.008683204468886633,0.15027582425977629,10902.067529296875,10313.19705078125,0.0740935871984223,-0.12165521275040214,-0.09378919890560034
2020-07-30,11102.150390625,11102.150390625,11299.9501953125,11084.9501953125,11254.2998046875,677800,-0.008988714680747911,-0.009029356907451743,0.15347282428873557,10929.5900390625,10353.9090625,0.05216696694595546,0.12835025803229572,-0.10193486923724993
2020-07-31,11073.4501953125,11073.4501953125,11150.400390625,11026.650390625,11139.5,642600,-0.002585102372305803,-0.002588449519166038,0.15415672635213792,10952.895068359376,10393.25306640625,0.04394128628753324,-0.05193272351726175,-0.1042564595372697
2020-08-03,10891.599609375,10891.599609375,11058.0498046875,10882.25,11057.5498046875,680900,-0.016422215545293994,-0.016558554850121334,0.16030201934618787,10959.292529296876,10430.30005859375,0.011887158548129939,0.05960161842514777,-0.1189665530320535
2020-08-04,11095.25,11095.25,11112.25,10908.099609375,10946.650390625,625700,0.018697932161379383,0.01852527473195631,0.17236484052257028,10974.072509765625,10471.6240625,0.027371220241685368,-0.08106917315317963,-0.1024930494087406
2020-08-05,11101.650390625,11101.650390625,11225.650390625,11064.0498046875,11155.75,667600,0.0005768586219327965,0.0005766923029565639,0.16826077810103587,10993.867529296875,10507.35806640625,0.036980163988977965,0.06696499920089494,-0.10197531478604738
2020-08-06,11200.150390625,11200.150390625,11256.7998046875,11127.2998046875,11185.7001953125,600400,0.008872554668374333,0.00883342483924069,0.16755129143586656,11013.2025390625,10541.55908203125,0.03576103725711244,-0.10065907729179147,-0.0940075416729369
2020-08-07,11214.0498046875,11214.0498046875,11231.900390625,11142.0498046875,11186.650390625,452600,0.0012410024488720417,0.0012402330418245548,0.16608885055445172,11035.5025390625,10574.23408203125,0.04141882774407768,-0.2461692205196535,-0.09288320281349349
2020-08-10,11270.150390625,11270.150390625,11337.2998046875,11238.0,11270.25,492000,0.005002705259437024,0.004990233307851035,0.16637644209367108,11058.875048828126,10603.11408203125,0.0432716068076513,0.0870525850640742,-0.08834516484128474
2020-08-11,11322.5,11322.5,11373.599609375,11299.150390625,11322.25,586100,0.004644978776729314,0.004634224153283686,0.14804066035265126,11094.632568359375,10629.98208984375,0.06742027150617669,0.19126016260162593,-0.08411054748026991
2020-08-12,11308.400390625,11308.400390625,11322.0,11242.650390625,11289.0,609900,-0.0012452735151247118,-0.0012460495124746427,0.1487133303804637,11129.142578125,10654.9191015625,0.065001618223133,0.04060740487971337,-0.08525108035827489
2020-08-13,11300.4501953125,11300.4501953125,11359.2998046875,11269.9501953125,11334.849609375,562400,-0.0007030344733010008,-0.0007032817179241128,0.14598670032930017,11157.167578125,10680.34611328125,0.05218832395001538,-0.07788161993769471,-0.08589418038319785
2020-08-14,11178.400390625,11178.400390625,11366.25,11111.4501953125,11353.2998046875,645100,-0.010800437378868932,-0.010859185489107238,0.14564364393838333,11171.002587890625,10701.07111328125,0.02538138000084378,0.14704836415362732,-0.09576692304562884
2020-08-17,11247.099609375,11247.099609375,11267.099609375,11144.5,11248.900390625,634000,0.0061457110453491115,0.006126903182347498,0.1423141037625996,11182.24755859375,10722.6641015625,0.02040422148729837,-0.01720663463028993,-0.09020976783702028
2020-08-18,11385.349609375,11385.349609375,11401.7001953125,11253.150390625,11259.7998046875,579200,0.012292057935075373,0.012217124027310865,0.14187807752004314,11193.4025390625,10749.4380859375,0.01998697479226852,-0.08643533123028391,-0.07902657359450727
2020-08-19,11408.400390625,11408.400390625,11460.349609375,11394.099609375,11452.150390625,626200,0.002024600213507588,0.002022553472584474,0.1412528572496302,11207.192578125,10775.2830859375,0.024774157961968024,0.08114640883977908,-0.07716197059877183
2020-08-20,11312.2001953125,11312.2001953125,11361.4501953125,11289.7998046875,11317.4501953125,791600,-0.008432399987605033,-0.0084681538079335,0.14325689466275987,11212.030078125,10803.48708984375,0.008626492768024407,0.26413286489939325,-0.08494370998645628
2020-08-21,11371.599609375,11371.599609375,11418.5,11362.2001953125,11409.650390625,668700,0.005250916093857194,0.005237178104313519,0.1439558332524956,11220.9025390625,10831.46107421875,0.01585195951080065,-0.15525517938352706,-0.08013882618643897
2020-08-24,11466.4501953125,11466.4501953125,11497.25,11410.650390625,11412.0,532900,0.008341006471886514,0.008306412509926262,0.14424579840012447,11237.63505859375,10864.51607421875,0.0300625591994641,-0.2030806041573202,-0.0724662581824228
2020-08-25,11472.25,11472.25,11525.900390625,11423.349609375,11513.099609375,638200,0.0005058064691958464,0.000505678592222556,0.13505143873794426,11246.220068359375,10895.68107421875,0.015193968282966042,0.1975980484143367,-0.07199710561541417
2020-08-26,11549.599609375,11549.599609375,11561.75,11461.849609375,11512.849609375,743400,0.0067423225064831005,0.006719694702452173,0.1318042680459858,11263.557568359374,10929.05005859375,0.030951946343172,0.16483860858665,-0.06574021081452364
2020-08-27,11559.25,11559.25,11617.349609375,11540.599609375,11609.2998046875,719800,0.0008355606212675504,0.0008352117348219679,0.12584486332691272,11286.412548828124,10958.40205078125,0.041172168750388094,-0.031746031746031744,-0.06495958012464653
2020-08-28,11647.599609375,11647.599609375,11686.0498046875,11589.400390625,11602.9501953125,807000,0.007643195654994939,0.007614134421611744,0.12610311682570954,11315.12001953125,10986.46603515625,0.05184918918094228,0.1211447624340094,-0.05781288325021061
2020-08-31,11387.5,11387.5,11794.25,11325.849609375,11777.5498046875,1371800,-0.022330747801946216,-0.0225838540823065,0.1393195328683597,11339.9150390625,11007.99203125,0.04553053806698437,0.6998760842627014,-0.07885262613659294
2020-09-01,11470.25,11470.25,11553.5498046875,11366.900390625,11464.2998046875,783800,0.007266739846322645,0.007240464307211334,0.12702548168178393,11358.6650390625,11027.97703125,0.03379824699758904,-0.4286339116489284,-0.0721588878106042
2020-09-02,11535.0,11535.0,11554.75,11430.400390625,11478.5498046875,593500,0.005645038251127943,0.005629164732428894,0.1277171285559083,11380.33251953125,11052.57103515625,0.03903470151978028,-0.2427915284511355,-0.06692118924132606
2020-09-03,11527.4501953125,11527.4501953125,11584.9501953125,11507.650390625,11566.2001953125,607100,-0.0006545127600779965,-0.0006547270470620276,0.1253180445250656,11396.697509765625,11077.34203125,0.029222804451042306,0.022914911541701777,-0.067531901229126
2020-09-04,11333.849609375,11333.849609375,11452.0498046875,11303.650390625,11354.400390625,681300,-0.016794744948559814,-0.01693737589976223,0.14129541123161657,11402.6875,11096.3590234375,0.01068300986477011,0.12222039202767254,-0.08319246512065137
2020-09-07,11355.0498046875,11355.0498046875,11381.150390625,11251.7001953125,11359.599609375,560300,0.0018705202595032944,0.001868773014980915,0.14042065209189555,11406.932470703125,11117.21201171875,0.007533121663853226,-0.17760164391604283,-0.08147755805259427
2020-09-08,11317.349609375,11317.349609375,11437.25,11290.4501953125,11378.5498046875,572200,-0.0033201259317187093,-0.003325649779789579,0.14006078441142658,11406.674951171875,11137.51701171875,-0.0004548810443806284,0.021238622166696475,-0.0845271682309694
2020-09-09,11278.0,11278.0,11298.150390625,11185.150390625,11218.599609375,728900,-0.003476927967516641,-0.003482986529093653,0.1405441572297754,11405.154931640625,11154.476015625,-0.0026883015789043174,0.27385529535127584,-0.0877102013232488
2020-09-10,11449.25,11449.25,11464.0498046875,11327.400390625,11363.2998046875,679400,0.015184429863450921,0.01507030028649042,0.15049806551538059,11412.594921875,11172.42701171875,0.013167599707595956,-0.06791055014405267,-0.07385760086009985
2020-09-11,11464.4501953125,11464.4501953125,11493.5,11419.900390625,11447.7998046875,554800,0.0013276149365679668,0.0013267344350831917,0.14421889435212618,11426.897412109374,11189.5690234375,0.025589511440957224,-0.1833971151015602,-0.07262804037761295
2020-09-14,11440.0498046875,11440.0498046875,11568.900390625,11383.5498046875,11540.150390625,642300,-0.0021283524468515003,-0.002130620607789219,0.1435023601754057,11436.544921875,11203.09701171875,0.017155551387814327,0.15771449170872387,-0.07460181475701666
2020-09-15,11521.7998046875,11521.7998046875,11535.9501953125,11442.25,11487.2001953125,506700,0.007145947910690342,0.007120536611649034,0.13922470867680337,11443.367431640625,11217.54,0.011984717201845463,-0.21111630079402144,-0.06798896752862293
2020-09-16,11604.5498046875,11604.5498046875,11618.099609375,11516.75,11538.4501953125,527800,0.0071820376506051,0.007156369643982706,0.14110251678444213,11453.17490234375,11235.51599609375,0.01719341952827036,0.04164199723702389,-0.061295229202634194
2020-09-17,11516.099609375,11516.099609375,11587.2001953125,11498.5,11539.400390625,0,-0.007622027291120936,-0.007651223391398827,0.14041492836509822,11463.369873046875,11249.568984375,0.018024735289514426,-1.0,-0.06845006258395714
2020-09-18,11504.9501953125,11504.9501953125,11584.099609375,11446.099609375,11584.099609375,764200,-0.0009681588767627147,-0.0009686278452831663,0.13959409749366256,11470.03740234375,11264.3069921875,0.011726633940537523,inf,-0.06935195092501423
2020-09-21,11250.5498046875,11250.5498046875,11535.25,11218.5,11503.7998046875,602900,-0.02211225483867385,-0.022360395533691877,0.15828245271892186,11459.2423828125,11273.263984375,-0.01882887789572929,-0.2110704004187386,-0.08993067775127483
2020-09-22,11153.650390625,11153.650390625,11302.2001953125,11084.650390625,11301.75,672200,-0.00861286032635733,-0.008650165364363744,0.1604865802745262,11443.31240234375,11284.19,-0.02777132727886855,0.11494443522972309,-0.09776897771110582
2020-09-23,11131.849609375,11131.849609375,11259.5498046875,11024.400390625,11258.75,714900,-0.0019545871070447696,-0.0019564998051874198,0.1575874590180663,11422.42490234375,11294.46298828125,-0.036170085035753585,0.06352276108301091,-0.09953246683484751
2020-09-24,10805.5498046875,10805.5498046875,11015.2998046875,10790.2001953125,11011.0,706100,-0.029312272096516434,-0.02975046086629724,0.1856038539312013,11384.739892578125,11295.77498046875,-0.06520320914527322,-0.012309413904042499,-0.1259272161810634
2020-09-25,11050.25,11050.25,11072.599609375,10854.849609375,10910.400390625,559600,0.022645788482354545,0.02239317919403798,0.20373400871540753,11354.872412109375,11298.7459765625,-0.05128521149492482,-0.2074776943775669,-0.10613314880051694
2020-09-28,11227.5498046875,11227.5498046875,11239.349609375,11099.849609375,11140.849609375,472800,0.016044868187371275,0.015917509782938703,0.199521339640715,11346.87490234375,11302.85296875,-0.014046120334796908,-0.15511079342387424,-0.09179117299596062
2020-09-29,11222.400390625,11222.400390625,11305.400390625,11181.0,11288.599609375,498300,-0.0004586409458945395,-0.00045874615382283734,0.19731316102588392,11334.482421875,11304.0559765625,-0.021608039003073176,0.05393401015228427,-0.09220771475144751
2020-09-30,11247.5498046875,11247.5498046875,11295.400390625,11184.5498046875,11244.4501953125,499300,0.002241001317642377,0.0022384940193966077,0.19614485509253105,11320.109912109376,11306.35498046875,-0.02491982620827915,0.0020068231988761287,-0.09017335104405999
2020-10-01,11416.9501953125,11416.9501953125,11428.599609375,11347.0498046875,11364.4501953125,447700,0.015061092732783665,0.014948800566928164,0.2044303999958028,11314.584912109374,11310.38498046875,-0.009585814566774986,-0.10334468255557783,-0.07647036751337688
2020-10-05,11503.349609375,11503.349609375,11578.0498046875,11452.2998046875,11487.7998046875,530600,0.0075676439490797165,0.007539152980994381,0.1966117476938992,11323.059912109375,11316.56896484375,0.014955201087174741,0.18516863971409436,-0.06948142407829372
2020-10-06,11662.400390625,11662.400390625,11680.2998046875,11564.2998046875,11603.4501953125,561400,0.013826475474619793,0.013731761801546099,0.2019502110886045,11338.42744140625,11327.1809765625,0.027067304082684096,0.05804749340369386,-0.05661563180963414
2020-10-07,11738.849609375,11738.849609375,11763.0498046875,11629.349609375,11679.25,513400,0.006555187284725372,0.006533795478530655,0.20196459435508313,11359.50244140625,11335.94697265625,0.03724370232857699,-0.08550053437833982,-0.05043157059466408
2020-10-08,11834.599609375,11834.599609375,11905.7001953125,11791.150390625,11835.400390625,608800,0.008156676606839941,0.008123590712403974,0.20211834431717274,11387.332421875,11348.58197265625,0.049352687477832946,0.18582002337358783,-0.04268624799993992
2020-10-09,11914.2001953125,11914.2001953125,11938.599609375,11805.2001953125,11852.0498046875,611100,0.0067260903253916204,0.00670357110102055,0.1972910286990091,11410.579931640625,11364.82296875,0.04060966397908161,0.0037779237844941527,-0.036247269234248036
2020-10-12,11930.9501953125,11930.9501953125,12022.0498046875,11867.2001953125,11973.5498046875,522600,0.0014058853909966196,0.0014048980594053501,0.1972877367573363,11433.904931640625,11381.97296875,0.04069100498083533,-0.14482081492390775,-0.034892343349531285
2020-10-13,11934.5,11934.5,11988.2001953125,11888.900390625,11934.650390625,458300,0.0002975290843887368,0.0002974848313881938,0.1968020822604631,11458.62744140625,11402.8309765625,0.04322098275393005,-0.12303865288939919,-0.034605195752111406
2020-10-14,11971.0498046875,11971.0498046875,11997.2001953125,11822.150390625,11917.400390625,569200,0.0030625333853533387,0.0030578533826602027,0.19595831441040854,11481.08994140625,11420.34697265625,0.038991304103134006,0.241981234998909,-0.03164864193405559
2020-10-15,11680.349609375,11680.349609375,12025.4501953125,11661.2998046875,12023.4501953125,608900,-0.02428360085835335,-0.024583309443990238,0.21605091974084564,11484.879931640626,11431.92095703125,0.0065319039483016095,0.069747013352073,-0.0551636998039734
2020-10-16,11762.4501953125,11762.4501953125,11789.75,11667.849609375,11727.400390625,555800,0.007028949362235082,0.007004361448563385,0.215135474385227,11497.1974609375,11443.166953125,0.021391842229026237,-0.08720643783872561,-0.04852249329429392
2020-10-19,11873.0498046875,11873.0498046875,11898.25,11820.400390625,11879.2001953125,541400,0.009402769621849272,0.009358838750109354,0.21696051603548536,11515.60244140625,11456.346953125,0.03199488942811546,-0.02590860021590502,-0.0395759694983685
2020-10-20,11896.7998046875,11896.7998046875,11949.25,11837.25,11861.0,453600,0.002000328507897331,0.0019983305148122575,0.19769283568899557,11547.91494140625,11468.87994140625,0.05744163718387729,-0.16217214628740306,-0.037654805930486535
2020-10-21,11937.650390625,11937.650390625,12018.650390625,11775.75,11958.5498046875,623700,0.0034337457642519276,0.003427863919924764,0.1930140552567059,11587.11494140625,11481.18294921875,0.07029088886083223,0.375,-0.034350357196602066
2020-10-22,11896.4501953125,11896.4501953125,11939.5498046875,11823.4501953125,11890.0,544900,-0.0034512817819539743,-0.0034572511936285335,0.19363859277235881,11625.344970703125,11492.9439453125,0.06868585300447916,-0.12634279300945972,-0.0376830862165598
2020-10-23,11930.349609375,11930.349609375,11974.5498046875,11908.75,11957.900390625,502300,0.0028495402835257977,0.002845488039808009,0.14929058776519952,11681.5849609375,11505.54193359375,0.10409463886784875,-0.07817948247384843,-0.03494092540521576
2020-10-26,11767.75,11767.75,11942.849609375,11711.7001953125,11937.400390625,519800,-0.013629073304543216,-0.01372280171939824,0.14836749532989657,11717.4599609375,11517.32892578125,0.064930657677428,0.03483973720883937,-0.04809378627608274
2020-10-27,11889.400390625,11889.400390625,11899.0498046875,11723.0,11807.099609375,616300,0.010337608346965288,0.010284540688903391,0.14319321017213427,11750.552490234375,11530.17494140625,0.05894879982284085,0.18564832627933825,-0.03825335265556229
2020-10-28,11729.599609375,11729.599609375,11929.400390625,11684.849609375,11922.599609375,704000,-0.013440608945763599,-0.013531751526031222,0.1543045032802786,11775.912451171875,11537.05994140625,0.045195252450064505,0.14230082751906536,-0.05117981324741816
2020-10-29,11670.7998046875,11670.7998046875,11744.150390625,11606.4501953125,11633.2998046875,555000,-0.005012942184360991,-0.0050255491286022155,0.1564265984519982,11797.074951171875,11542.3079296875,0.03763041794432476,-0.2116477272727273,-0.05593619398696337
2020-10-30,11642.400390625,11642.400390625,11748.9501953125,11535.4501953125,11678.4501953125,553700,-0.002433373422367602,-0.0024363388871728973,0.1491155960716924,11808.3474609375,11548.91193359375,0.019746971954477388,-0.0023423423423423184,-0.05823345376153477
2020-11-02,11669.150390625,11669.150390625,11725.650390625,11557.400390625,11697.349609375,568400,0.002297636149117599,0.00229500061940095,0.1472047149074315,11816.6375,11554.86294921875,0.014413261083091378,0.026548672566371723,-0.05606961690086776
2020-11-03,11813.5,11813.5,11836.2001953125,11723.2998046875,11734.4501953125,674300,0.01237019016319918,0.01229430453308261,0.14559858557348046,11824.19248046875,11561.8039453125,0.012956132898375161,0.18631245601688962,-0.04439301856111011
2020-11-04,11908.5,11908.5,11929.650390625,11756.400390625,11783.349609375,667300,0.008041647267956087,0.008009485529747545,0.14648192487719913,11832.675,11570.5289453125,0.014452045666341284,-0.010381135992881485,-0.03670836428958224
2020-11-05,12120.2998046875,12120.2998046875,12131.099609375,12027.599609375,12062.400390625,632500,0.017785598915690537,0.017629285844443805,0.156406327764206,11846.960009765626,11581.94294921875,0.024141095156795744,-0.05215045706578747,-0.019575645617997295
2020-11-06,12263.5498046875,12263.5498046875,12280.400390625,12131.849609375,12156.650390625,576800,0.011819014571289532,0.011749715515175936,0.15975430953729683,11864.427490234375,11596.0289453125,0.02932212012959523,-0.08806324110671937,-0.007987995887509203
2020-11-09,12461.0498046875,12461.0498046875,12474.0498046875,12367.349609375,12399.400390625,553400,0.016104635537461442,0.015976331587139476,0.1678727088249184,11890.932470703125,11612.29794921875,0.04443062796316655,-0.04056865464632453,0.0
2020-11-10,12631.099609375,12631.099609375,12643.900390625,12475.25,12556.400390625,847500,0.01364650710436388,0.013554232066476922,0.17244085507598694,11925.762451171875,11637.16994140625,0.058368562518329226,0.5314419949403686,0.0
2020-11-11,12749.150390625,12749.150390625,12769.75,12571.099609375,12680.599609375,880500,0.009346041508720315,0.009302637490367565,0.1739652080630389,11964.66748046875,11662.74794921875,0.06499852549546814,0.038938053097345104,0.0
2020-11-12,12690.7998046875,12690.7998046875,12741.150390625,12624.849609375,12702.150390625,622000,-0.004576821525331454,-0.004587327240413277,0.1435001016670319,12015.189990234376,11685.8639453125,0.08650855745803043,-0.2935831913685406,-0.004576821525331454
2020-11-13,12719.9501953125,12719.9501953125,12735.9501953125,12607.7001953125,12659.7001953125,513900,0.002296970330761372,0.0022943363271255195,0.14323054082848552,12063.064990234376,11709.7139453125,0.08140310769448167,-0.17379421221864955,-0.002290364017822899
2020-11-17,12874.2001953125,12874.2001953125,12934.0498046875,12797.099609375,12932.5,707700,0.012126619808373373,0.012053681426341886,0.1448992242535534,12113.122509765624,11740.52095703125,0.0843212491393528,0.3771161704611792,0.0
2020-11-18,12938.25,12938.25,12948.849609375,12819.349609375,12860.099609375,731300,0.004975051165572175,0.004962716492027381,0.14472510942647984,12165.19501953125,11772.1849609375,0.08754036483846317,0.033347463614525896,0.0
2020-11-19,12771.7001953125,12771.7001953125,12963.0,12745.75,12839.5,768800,-0.01287266861341374,-0.012956239372488106,0.15703979056358522,12206.897509765626,11801.27197265625,0.0698671662677024,0.05127854505674834,-0.01287266861341374
2020-11-20,12859.0498046875,12859.0498046875,12892.4501953125,12730.25,12813.400390625,664000,0.00683930941371913,0.006816027431926412,0.15533499587610333,12255.027490234375,11832.89296875,0.08091486061567243,-0.1363163371488033,-0.0061213993633219
2020-11-23,12926.4501953125,12926.4501953125,12968.849609375,12825.7001953125,12960.2998046875,633100,0.005241475198302092,0.0052277864790618534,0.15535262875491182,12304.83251953125,11862.43697265625,0.08349299212109873,-0.04653614457831323,-0.0009120093279616492
2020-11-24,13055.150390625,13055.150390625,13079.099609375,12978.0,13002.599609375,571900,0.0099563448098976,0.009907106958531581,0.14161592101638812,12369.2025390625,11894.2509765625,0.10940072576533333,-0.09666719317643346,0.0
2020-11-25,12858.400390625,12858.400390625,13145.849609375,12833.650390625,13130.0,679000,-0.015070680468092346,-0.015185397205090293,0.1574407685643188,12417.6525390625,11922.61798828125,0.08150116643090533,0.18727050183598526,-0.015070680468092346
2020-11-26,12987.0,12987.0,13018.0,12790.400390625,12906.4501953125,549800,0.010001213639976747,0.009951532476185488,0.1444523221705407,12480.52255859375,11951.9219921875,0.10719891833477502,-0.19027982326951398,-0.005220191923176909
2020-11-27,12968.9501953125,12968.9501953125,13035.2998046875,12914.2998046875,13012.0498046875,1162400,-0.001389836350773832,-0.0013908030691388337,0.1416244012539553,12545.430078125,11979.21,0.11123062792179894,1.11422335394689,-0.006602773061457845
2020-12-01,13109.0498046875,13109.0498046875,13128.400390625,12962.7998046875,13062.2001953125,583600,0.010802694687318537,0.01074476242399418,0.13982464720601387,12618.762548828125,12011.06900390625,0.12597483034886126,-0.4979353062629044,0.0
2020-12-02,13113.75,13113.75,13128.5,12983.5498046875,13121.400390625,717700,0.0003585458429504751,0.0003584815807498976,0.14065928642339748,12690.992529296875,12043.245,0.12379646855315118,0.22978067169294047,0.0
2020-12-03,13133.900390625,13133.900390625,13216.599609375,13107.900390625,13215.2998046875,713700,0.0015365849299400214,0.0015354055912646832,0.13928484574122696,12757.012548828125,12080.91201171875,0.11177046519871325,-0.005573359342343598,0.0
2020-12-04,13258.5498046875,13258.5498046875,13280.0498046875,13152.849609375,13177.400390625,640500,0.009490662358873525,0.009445908959648398,0.13974832260366468,12824.5150390625,12123.01,0.11336858585779064,-0.10256410256410253,0.0
2020-12-07,13355.75,13355.75,13366.650390625,13241.9501953125,13264.849609375,591700,0.007331133249439903,0.007304391112653887,0.1323445205203009,12886.287548828124,12167.4880078125,0.10193231316231066,-0.07619047619047614,0.0
2020-12-08,13392.9501953125,13392.9501953125,13435.4501953125,13311.0498046875,13393.849609375,543200,0.002785331809333158,0.002781459960611745,0.1299532817737315,12942.757568359375,12219.236015625,0.09209408438927769,-0.08196721311475408,0.0
2020-12-09,13529.099609375,13529.099609375,13548.900390625,13449.599609375,13458.099609375,502600,0.010165752285866914,0.010114428562528128,0.12458535935881028,12996.16005859375,12268.8130078125,0.0857110613815002,-0.07474226804123707,0.0
2020-12-10,13478.2998046875,13478.2998046875,13503.5498046875,13399.2998046875,13488.5,553400,-0.0037548548058806697,-0.0037619219695161584,0.12232074080227444,13038.520068359376,12313.8280078125,0.0670725607043503,0.10107441305212883,-0.0037548548058806697
2020-12-11,13513.849609375,13513.849609375,13579.349609375,13402.849609375,13512.2998046875,787700,0.002637558535026452,0.0026340862816878062,0.12021355959992637,13076.755029296875,12359.6569921875,0.05998040616983524,0.42338272497289475,-0.0011271999201951655
2020-12-14,13558.150390625,13558.150390625,13597.5,13472.4501953125,13571.4501953125,558400,0.0032781762806703973,0.0032728147749187795,0.11690178801181769,13120.12255859375,12405.86900390625,0.06834483242081668,-0.29110067284499175,0.0
2020-12-15,13567.849609375,13567.849609375,13589.650390625,13447.0498046875,13547.2001953125,497600,0.0007153791977927426,0.0007151234360649028,0.11721693941761448,13162.517529296874,12448.8869921875,0.06665901996809431,-0.10888252148997135,0.0
2020-12-16,13682.7001953125,13682.7001953125,13692.349609375,13606.4501953125,13663.099609375,462200,0.008464907059269056,0.008429280641864136,0.11426579389244353,13202.942529296875,12492.47400390625,0.06280001768920562,-0.0711414790996785,0.0
2020-12-17,13740.7001953125,13740.7001953125,13773.25,13673.5498046875,13713.5498046875,416000,0.004238929390550483,0.004229970438016461,0.1141322426120399,13243.0650390625,12534.04,0.06202154041794672,-0.09995672868887928,0.0
2020-12-18,13760.5498046875,13760.5498046875,13772.849609375,13658.599609375,13764.400390625,519400,0.0014445849987885229,0.0014435425896574643,0.09767621695580114,13292.50751953125,12574.47400390625,0.07742505651189102,0.2485576923076922,0.0
2020-12-21,13328.400390625,13328.400390625,13777.5,13131.4501953125,13741.900390625,687300,-0.0314049525779333,-0.03190866215630266,0.15894731157795575,13315.975048828124,12604.35001953125,0.036499632015299266,0.3232576049287639,-0.0314049525779333
2020-12-22,13466.2998046875,13466.2998046875,13492.0498046875,13192.900390625,13373.650390625,696200,0.010346283876607965,0.010293127415086657,0.16139740091692778,13342.967529296875,12635.39201171875,0.04176317559872422,0.012949221591735727,-0.02138359325582795
2020-12-23,13601.099609375,13601.099609375,13619.4501953125,13432.2001953125,13473.5,458700,0.010010159185716239,0.009960389402299756,0.16143192980038018,13370.264990234375,12668.795,0.04181868476536654,-0.3411376041367423,-0.011587487242565198
2020-12-24,13749.25,13749.25,13771.75,13626.900390625,13672.150390625,471400,0.01089253037474136,0.01083363406633502,0.1506511419809164,13414.807470703125,12705.09,0.06928152665276421,0.027686941356006134,-0.0008211739245804761
2020-12-28,13873.2001953125,13873.2001953125,13885.2998046875,13811.5498046875,13815.150390625,403600,0.009015051389166695,0.008974658395164679,0.15012231341630358,13459.11748046875,12743.1330078125,0.06823748327654577,-0.14382689859991515,0.0
2020-12-29,13932.599609375,13932.599609375,13967.599609375,13859.900390625,13910.349609375,439600,0.004281594241144937,0.004272454296258275,0.14911763488489355,13507.299951171875,12788.1780078125,0.07430434997050117,0.08919722497522309,0.0
2020-12-30,13981.9501953125,13981.9501953125,13997.0,13864.9501953125,13980.900390625,380700,0.003542094606974411,0.003535836164182277,0.14670202494247167,13550.944970703125,12832.5680078125,0.06658761722858597,-0.13398544131028212,0.0
2020-12-31,13981.75,13981.75,14024.849609375,13936.4501953125,13970.0,452400,-1.4318125132972703e-05,-1.4318227638304822e-05,0.146804511800375,13594.344970703125,12874.74201171875,0.0661900676770566,0.18833727344365636,-1.4318125132972703e-05
2021-01-01,14018.5,14018.5,14049.849609375,13991.349609375,13996.099609375,358100,0.0026284263414808606,0.002624978069994666,0.1466911038122638,13638.574951171875,12917.176015625,0.06735239213527366,-0.20844385499557916,0.0
2021-01-04,14132.900390625,14132.900390625,14147.9501953125,13953.75,14104.349609375,495000,0.00816067272711063,0.008127554493474463,0.1460267736104713,13682.29248046875,12961.081015625,0.06594617049508522,0.3822954481988272,0.0
2021-01-05,14199.5,14199.5,14215.599609375,14048.150390625,14075.150390625,492500,0.004712380865514287,0.00470131235786493,0.14534549972665634,13724.47998046875,13007.14201171875,0.06317503696909577,-0.005050505050505083,0.0
2021-01-06,14146.25,14146.25,14244.150390625,14039.900390625,14240.9501953125,632300,-0.0037501320469031096,-0.0037571814216639365,0.1473527821198478,13762.144970703124,13051.46001953125,0.056245994624183115,0.28385786802030455,-0.0037501320469031096
2021-01-07,14137.349609375,14137.349609375,14256.25,14123.099609375,14253.75,559200,-0.0006291696120880319,-0.0006293676223474675,0.14513601422104114,13792.557470703125,13098.85201171875,0.0449586459972926,-0.11560967894986562,-0.00437694218986584
2021-01-08,14347.25,14347.25,14367.2998046875,14221.650390625,14258.400390625,613500,0.014847223590326086,0.014738082534464191,0.14983869979862063,13836.00498046875,13148.00900390625,0.0644703121242558,0.09710300429184548,0.0
2021-01-11,14484.75,14484.75,14498.2001953125,14383.099609375,14474.0498046875,672900,0.009583718134137165,0.00953808562855032,0.1515338922079235,13884.55,13203.11201171875,0.07184484204644792,0.0968215158924206,0.0
2021-01-12,14563.4501953125,14563.4501953125,14590.650390625,14432.849609375,14473.7998046875,929600,0.005433314024232416,0.0054186068221036155,0.15168838329274215,13934.814990234376,13260.96501953125,0.07414726756406465,0.3814831327091692,0.0
2021-01-13,14564.849609375,14564.849609375,14653.349609375,14435.7001953125,14639.7998046875,874000,9.609083312889233e-05,9.608621670051523e-05,0.15185907179342828,13984.664990234374,13319.41400390625,0.07348253619432077,-0.05981067125645434,0.0
2021-01-14,14595.599609375,14595.599609375,14617.7998046875,14471.5,14550.0498046875,620200,0.002111247340323086,0.002109021789565324,0.15081676169870975,14030.3099609375,13377.94298828125,0.06671924408423768,-0.2903890160183067,0.0
2021-01-15,14433.7001953125,14433.7001953125,14617.4501953125,14357.849609375,14594.349609375,789600,-0.011092344158201595,-0.01115432296065278,0.15912100437833518,14064.9599609375,13430.3469921875,0.05043411108237472,0.27313769751692996,-0.011092344158201595
2021-01-18,14281.2998046875,14281.2998046875,14459.150390625,14222.7998046875,14453.2998046875,762000,-0.010558650142566628,-0.010614788200058034,0.16576115228413346,14090.9974609375,13477.80298828125,0.037843691377986044,-0.03495440729483279,-0.021533874119540775
2021-01-19,14521.150390625,14521.150390625,14546.0498046875,14350.849609375,14371.650390625,546100,0.016794730817062842,0.01665525875641371,0.11702685843398385,14150.6349609375,13525.82,0.08948935844086447,-0.2833333333333333,-0.0051007989217640715
2021-01-20,14644.7001953125,14644.7001953125,14666.4501953125,14517.5498046875,14538.2998046875,623100,0.008508265623863087,0.008472274336760961,0.1159607143161228,14209.55498046875,13573.4430078125,0.08750736339724208,0.1409998168833546,0.0
2021-01-21,14590.349609375,14590.349609375,14753.5498046875,14517.25,14730.9501953125,704600,-0.0037112802046228577,-0.003718184091801354,0.11709931826108796,14259.01748046875,13616.02900390625,0.07273308985386207,0.1307976247793292,-0.0037112802046228577
2021-01-22,14371.900390625,14371.900390625,14619.900390625,14357.75,14583.400390625,776800,-0.014972171647596122,-0.015085386074712022,0.1309272503196845,14290.15,13650.84501953125,0.045286134925541344,0.10246948623332397,-0.01862788592796305
2021-01-25,14238.900390625,14238.900390625,14491.099609375,14218.599609375,14477.7998046875,618600,-0.009254169343308138,-0.009297255190251277,0.13443241670479178,14308.435009765624,13680.64001953125,0.02636019016261759,-0.2036560247167868,-0.027709669660386016
2021-01-27,13967.5,13967.5,14237.9501953125,13929.2998046875,14237.9501953125,660700,-0.019060488041877988,-0.019244480891583437,0.1522720348527199,14310.180029296875,13706.1740234375,0.0025049446337004344,0.06805690268347875,-0.046241997875057894
2021-01-28,13817.5498046875,13817.5498046875,13898.25,13713.25,13810.400390625,637900,-0.010735650281904374,-0.010793693167934581,0.15645300119732616,14301.960009765626,13728.126015625,-0.011758044359227893,-0.03450885424549721,-0.056481210239439084
2021-01-29,13634.599609375,13634.599609375,13966.849609375,13596.75,13946.599609375,753200,-0.013240422354072856,-0.013328858232496075,0.16281099302648483,14284.602490234374,13743.33400390625,-0.024828822616982826,0.1807493337513717,-0.06897379751487265
2021-02-01,14281.2001953125,14281.2001953125,14336.349609375,13661.75,13758.599609375,870500,0.047423511101338356,0.04633334971971787,0.2346906802722305,14297.7375,13770.1930078125,0.018739536705959958,0.15573552841210825,-0.024821266065682246
2021-02-02,14647.849609375,14647.849609375,14731.7001953125,14469.150390625,14481.099609375,915000,0.02567357148195737,0.025349539675742865,0.24921017122826736,14323.4849609375,13807.71599609375,0.0364362023729814,0.051120045950603155,0.0
2021-02-03,14789.9501953125,14789.9501953125,14868.849609375,14574.150390625,14754.900390625,869500,0.009701122671723184,0.009654368913945022,0.2505941084566817,14353.007470703125,13846.33400390625,0.04158246384115638,-0.049726775956284164,0.0
2021-02-04,14895.650390625,14895.650390625,14913.7001953125,14714.75,14789.0498046875,884700,0.0071467580293813615,0.007121340982025425,0.2502328767432115,14390.477490234374,13885.7180078125,0.052975197711407684,0.017481311098332286,0.0
2021-02-05,14924.25,14924.25,15014.650390625,14864.75,14952.599609375,935600,0.0019199973566108586,0.0019181565175802602,0.2499626391765848,14429.822509765625,13923.1,0.05566109719060619,0.05753362721826605,0.0
2021-02-08,15115.7998046875,15115.7998046875,15159.900390625,15041.0498046875,15064.2998046875,671200,0.01283480273296811,0.012753134705385865,0.2487922024324894,14468.25,13968.24798828125,0.05356774327397229,-0.2825994014536126,0.0
2021-02-09,15109.2998046875,15109.2998046875,15257.099609375,15064.2998046875,15164.150390625,713300,-0.0004300136336804483,-0.00043010611605642915,0.24762350897476093,14499.477490234374,14010.693984375,0.04311774829993609,0.06272348033373065,-0.0004300136336804483
2021-02-10,15106.5,15106.5,15168.25,14977.2001953125,15119.0498046875,624800,-0.00018530340410816137,-0.00018532057490518592,0.2474295205277014,14526.62998046875,14053.44498046875,0.037288540655173286,-0.12407121828122814,-0.0006152373547985146
2021-02-11,15173.2998046875,15173.2998046875,15188.5,15065.400390625,15073.25,500100,0.004421924647502795,0.004412176664707947,0.24750255488836012,14557.052490234375,14094.72998046875,0.041775247368215584,-0.19958386683738794,0.0
2021-02-12,15163.2998046875,15163.2998046875,15243.5,15081.0,15186.2001953125,571800,-0.0006590524229219685,-0.0006592696934370658,0.24768824962261715,14585.4375,14135.7209765625,0.03889529793266289,0.143371325734853,-0.0006590524229219685
2021-02-15,15314.7001953125,15314.7001953125,15340.150390625,15243.400390625,15270.2998046875,456000,0.00998465984153385,0.009935142462115996,0.24422565791484815,14629.4875,14179.33697265625,0.061037709532453466,-0.2025183630640084,0.0
2021-02-16,15313.4501953125,15313.4501953125,15431.75,15242.2001953125,15371.4501953125,648500,-8.162092525865194e-05,-8.162425642763527e-05,0.2392709157043221,14681.09501953125,14220.43498046875,0.07227286064579497,0.42214912280701755,-8.162092525865194e-05
2021-02-17,15208.900390625,15208.900390625,15314.2998046875,15170.75,15279.900390625,504800,-0.006827318687430917,-0.006850731452785171,0.2366494549467831,14715.48251953125,14257.49798828125,0.047361950086545423,-0.22158828064764846,-0.006908382360621301
2021-02-18,15118.9501953125,15118.9501953125,15250.75,15078.0498046875,15238.7001953125,770600,-0.005914312869584326,-0.005931871684390037,0.2372005336578468,14739.19501953125,14292.01798828125,0.03238372883535012,0.5265451664025356,-0.012781836895502163
2021-02-19,14981.75,14981.75,15144.0498046875,14898.2001953125,15074.7998046875,712200,-0.009074717063029758,-0.009116143118184506,0.23956586524366597,14758.7650390625,14321.07099609375,0.026825977519654876,-0.0757851025175188,-0.021740562405159536
2021-02-22,14675.7001953125,14675.7001953125,15010.099609375,14635.0498046875,14999.0498046875,609900,-0.020428174591586412,-0.02063971564030592,0.24535312765055856,14773.955029296874,14345.01900390625,0.02113845743640641,-0.14363942712721145,-0.04172461699221408
2021-02-23,14707.7998046875,14707.7998046875,14854.5,14651.849609375,14782.25,744100,0.0021872625461001327,0.002184873969705697,0.24229945648703768,14797.4,14368.8980078125,0.032930872553278645,0.220036071487129,-0.0396286171381115
2021-02-24,14982.0,14982.0,15008.7998046875,14504.5,14729.150390625,403800,0.01864318245786234,0.01847152850052029,0.2361318700253403,14848.125,14397.375,0.07263289779846072,-0.4573310038973256,-0.021724238220107828
2021-02-25,15097.349609375,15097.349609375,15176.5,15065.349609375,15079.849609375,803900,0.007699213013950157,0.007669725331353619,0.23032618936747046,14912.114990234375,14427.965,0.09262132742617935,0.990837048043586,-0.014192284743780093
2021-02-26,14529.150390625,14529.150390625,14919.4501953125,14467.75,14888.599609375,1103600,-0.03763569324758598,-0.03836220275630364,0.2697000840448854,14956.842529296875,14444.89400390625,0.06560887791929848,0.3728075631297425,-0.051293841516266814
2021-03-01,14761.5498046875,14761.5498046875,14806.7998046875,14638.5498046875,14702.5,507300,0.015995389118723446,0.01586881087701919,0.22261432854129937,14980.860009765625,14465.31099609375,0.033635100888275815,-0.5403225806451613,-0.03611891735199013
2021-03-02,14919.099609375,14919.099609375,14959.099609375,14760.7998046875,14865.2998046875,621700,0.010672985341787733,0.010616431079728933,0.20744062467740598,14994.422509765625,14488.4819921875,0.018518076525471328,0.2255075891977134,-0.02583142868566146
2021-03-03,15245.599609375,15245.599609375,15273.150390625,14995.7998046875,15064.400390625,544200,0.021884698711632122,0.02164866615239294,0.2182293998027235,15017.20498046875,14526.8259765625,0.030808042491374588,-0.12465819527103106,-0.004512043008106037
2021-03-04,15080.75,15080.75,15202.349609375,14980.2001953125,15026.75,534900,-0.010812930524138231,-0.010871815118793142,0.22142387150246512,15026.4599609375,14559.11498046875,0.012426420097204849,-0.017089305402425592,-0.015276185124675656
2021-03-05,14938.099609375,14938.099609375,15092.349609375,14862.099609375,14977.9501953125,640700,-0.009459104528952489,-0.009504125991607463,0.22422833183472698,15027.15244140625,14585.85498046875,0.0009279936596477967,0.19779398018321181,-0.024590790621730196
2021-03-08,14956.2001953125,14956.2001953125,15111.150390625,14919.900390625,15002.4501953125,0,0.0012117060677612201,0.001210972544447202,0.21924072374049236,15019.1724609375,14609.993984375,-0.010558462763280763,-1.0,-0.023408881364176404
2021-03-09,15098.400390625,15098.400390625,15126.849609375,14925.4501953125,15049.900390625,675300,0.00950777560179139,0.009462861169810146,0.2220947391362207,15018.627490234376,14634.49798828125,-0.0007213712219223956,inf,-0.014123672153484534
2021-03-10,15174.7998046875,15174.7998046875,15218.4501953125,15100.849609375,15202.150390625,404600,0.005060099883821945,0.005047340602462587,0.2228235976278976,15022.04248046875,14659.3419921875,0.004521219652964037,-0.40085887753591,-0.009135039461485528
2021-03-12,15030.9501953125,15030.9501953125,15336.2998046875,14953.599609375,15321.150390625,493200,-0.009479506235763657,-0.009524722735275023,0.22483320759559808,15014.925,14680.3219921875,-0.009381585496058276,0.2189817103311913,-0.018527950033710106
2021-03-15,14929.5,14929.5,15048.400390625,14745.849609375,15048.400390625,467500,-0.006749419963093084,-0.006772300308835674,0.22594535610825792,15003.235009765625,14699.2769921875,-0.01541879456971662,-0.05210867802108676,-0.025152317080970432
2021-03-16,14910.4501953125,14910.4501953125,15051.599609375,14890.650390625,14996.099609375,100,-0.001275984104457617,-0.0012767988653300596,0.2223720353328324,14983.022509765626,14717.11599609375,-0.026396207228642443,-0.9997860962566845,-0.026396207228642443
2021-03-17,14721.2998046875,14721.2998046875,14956.5498046875,14696.0498046875,14946.5498046875,100,-0.012685759862868795,-0.01276691115553913,0.22595190046502345,14953.414990234374,14728.883984375,-0.03866864639075651,0.0,-0.03874711114531826
2021-03-18,14557.849609375,14557.849609375,14875.2001953125,14478.599609375,14855.5,542200,-0.011102973071742905,-0.011165071153974405,0.22769969961044403,14920.862451171875,14736.0509765625,-0.042807222384816046,5421.0,-0.04941987608540688
2021-03-19,14744.0,14744.0,14788.25,14350.099609375,14471.150390625,919200,0.012786942826028547,0.012705880170274957,0.23317973868098535,14902.11494140625,14748.0059765625,-0.02480001524370057,0.6953153817779416,-0.03726486238935178
2021-03-22,14736.400390625,14736.400390625,14763.900390625,14597.849609375,14736.2998046875,459000,-0.000515437423697751,-0.0005155703072306843,0.2313255339741641,14889.8474609375,14759.9869921875,-0.016376565446292957,-0.5006527415143602,-0.037761092108385186
2021-03-23,14814.75,14814.75,14878.599609375,14707.0,14768.5498046875,474200,0.00531673999743143,0.005302656033791128,0.21990042715244193,14896.799951171875,14769.3369921875,0.009474832739627237,0.03311546840958601,-0.03264511801971315
2021-03-24,14549.400390625,14549.400390625,14752.349609375,14535.0,14712.4501953125,456400,-0.017911176994211853,-0.018073523592070435,0.22936116417972402,14888.87998046875,14770.63,-0.010769755923113467,-0.03753690425980594,-0.049971582527076897
2021-03-25,14324.900390625,14324.900390625,14575.599609375,14264.400390625,14570.900390625,606800,-0.015430189146808937,-0.015550473459416195,0.2236788695501521,14856.025,14765.85900390625,-0.04385927175110127,0.32953549517966696,-0.06463070070352772
2021-03-26,14507.2998046875,14507.2998046875,14572.900390625,14414.25,14506.2998046875,481000,0.012733031929623273,0.012652648509180619,0.22727796597288497,14826.522509765626,14764.7080078125,-0.03908300595497216,-0.20731707317073167,-0.05272061354959645
2021-03-30,14845.099609375,14845.099609375,14876.2998046875,14617.599609375,14628.5,594500,0.02328481586755049,0.023017860602701366,0.19977651576991898,14842.319970703125,14769.6980078125,0.021745883981892478,0.2359667359667359,-0.030663387460972635
2021-03-31,14690.7001953125,14690.7001953125,14813.75,14670.25,14811.849609375,463900,-0.010400699094332388,-0.010455164345430578,0.1957347717929265,14838.777490234375,14774.8380078125,-0.004799605076189373,-0.21968040370058872,-0.04074516588911048
2021-04-01,14867.349609375,14867.349609375,14883.2001953125,14692.4501953125,14798.400390625,445000,0.012024574166918489,0.011952853344086897,0.19677268346522056,14836.189990234376,14786.55900390625,-0.003468707988750208,-0.04074153912481138,-0.02921053499136894
2021-04-05,14637.7998046875,14637.7998046875,14849.849609375,14459.5,14837.7001953125,509700,-0.015439860548026041,-0.015560296479187625,0.18607847755991094,14805.8,14788.8919921875,-0.03986722859452141,0.14539325842696638,-0.04419938895259501
2021-04-06,14683.5,14683.5,14779.099609375,14573.900390625,14737.0,475300,0.003122067245233451,0.0031172037135109875,0.18387899486864706,14785.9375,14789.66798828125,-0.026341528107023837,-0.0674906807926231,-0.041215315171869715
2021-04-07,14819.0498046875,14819.0498046875,14879.7998046875,14649.849609375,14716.4501953125,0,0.009231436965811968,0.0091890876818974,0.1848336809375327,14779.985009765625,14794.2419921875,-0.007969541494607935,-1.0,-0.03236435479009303
2021-04-08,14873.7998046875,14873.7998046875,14984.150390625,14821.099609375,14875.650390625,514800,0.0036945688638336804,0.003687760707936765,0.1853284378482684,14775.864990234375,14804.27998046875,-0.005509446888175895,inf,-0.02878935826376483
2021-04-09,14834.849609375,14834.849609375,14918.4501953125,14785.650390625,14882.650390625,504100,-0.0026187118170183377,-0.0026221466406612408,0.18183717554128911,14762.687451171874,14816.19896484375,-0.017455543264943807,-0.020784770784770812,-0.03133267904809345
2021-04-12,14310.7998046875,14310.7998046875,14652.5,14248.7001953125,14644.650390625,650200,-0.03532558930400764,-0.03596463281723922,0.21865239708935622,14719.487451171875,14823.0649609375,-0.05693650071964118,0.2898234477286252,-0.06555142300025385
2021-04-13,14504.7998046875,14504.7998046875,14528.900390625,14274.900390625,14364.900390625,605100,0.013556195506029933,0.013465132344700306,0.22460488013081067,14693.179931640625,14836.8099609375,-0.03500446637026866,-0.06936327283912647,-0.052883855400113755
2021-04-15,14581.4501953125,14581.4501953125,14597.5498046875,14353.2001953125,14522.400390625,568000,0.005284484560774683,0.005270570669209097,0.2251231712708927,14675.77744140625,14855.74697265625,-0.023312890899728766,-0.06131217980499093,-0.04787883475671517
2021-04-16,14617.849609375,14617.849609375,14697.7001953125,14559.0,14599.599609375,577200,0.002496282165007191,0.0024931716281266104,0.22549897213688094,14661.147412109374,14862.4799609375,-0.01962385991735427,0.01619718309859164,-0.04550207167299236
2021-04-19,14359.4501953125,14359.4501953125,14382.2998046875,14191.400390625,14306.599609375,512300,-0.017676978554819645,-0.01783508230882999,0.22968803611548547,14643.054931640625,14856.71197265625,-0.024580004087667695,-0.11243936243936248,-0.06237471108264869
2021-04-20,14296.400390625,14296.400390625,14526.9501953125,14207.2998046875,14526.7001953125,467400,-0.004390823034999047,-0.0044004910090830246,0.2270528512700696,14629.982470703126,14846.8409765625,-0.0179593295552134,-0.08764395861799723,-0.06649165779942456
2021-04-22,14406.150390625,14406.150390625,14424.75,14151.400390625,14219.150390625,524600,0.007676757575422188,0.007647441212800463,0.22371616073163608,14613.089990234375,14837.0509765625,-0.022914379366182902,0.12237911852802741,-0.059325340561716455
2021-04-23,14341.349609375,14341.349609375,14461.150390625,14273.2998046875,14326.349609375,498100,-0.004498133053794207,-0.004508280094204329,0.22401257614991274,14593.337451171876,14825.39296875,-0.026807820823145034,-0.05051467784979036,-0.06355662034020237
2021-04-26,14485.0,14485.0,14557.5,14421.2998046875,14449.4501953125,452700,0.010016518287169873,0.009966685459202936,0.22645057329545634,14576.849951171875,14812.77697265625,-0.02225822237972286,-0.09114635615338285,-0.054176718102941
2021-04-27,14653.0498046875,14653.0498046875,14667.5498046875,14484.849609375,14493.7998046875,451800,0.011601643402658013,0.011534860370141113,0.22139268176356355,14582.032421875,14803.65197265625,0.007123964650068038,-0.001988071570576566,-0.0432036136644397
2021-04-28,14864.5498046875,14864.5498046875,14890.25,14694.9501953125,14710.5,457000,0.014433855260107098,0.014330678808834763,0.21830674499309835,14609.014892578125,14798.81296875,0.03767212332001102,0.011509517485613019,-0.0293933531106787
2021-04-29,14894.900390625,14894.900390625,15044.349609375,14814.4501953125,14979.0,517500,0.0020418099664161193,0.002039728305535653,0.21455899213444748,14628.394921875,14793.24498046875,0.02671762431022895,0.1323851203501094,-0.027411558785590318
2021-04-30,14631.099609375,14631.099609375,14855.4501953125,14601.7001953125,14747.349609375,613900,-0.017710812045177438,-0.017869525228607498,0.20872195733254756,14617.694921875,14782.6009765625,-0.014415531429971318,0.18628019323671507,-0.04463688986525083
2021-05-03,14634.150390625,14634.150390625,14673.849609375,14416.25,14481.0498046875,448900,0.00020851346320172048,0.0002084917272909865,0.20553731571364975,14614.867431640625,14768.98998046875,-0.003849360747661512,-0.2687734158657762,-0.044437683794541494
2021-05-04,14496.5,14496.5,14723.400390625,14461.5,14687.25,503400,-0.00940610742344028,-0.009450624224999165,0.20278554427433068,14596.324951171875,14752.6509765625,-0.02494389512042894,0.12140788594341734,-0.05342580559056154
2021-05-05,14617.849609375,14617.849609375,14637.900390625,14506.599609375,14604.150390625,455900,0.0083709591539336,0.008336116981918119,0.19812684498450708,14595.32744140625,14740.8299609375,-0.0013629230880799481,-0.09435836313071111,-0.04550207167299236
2021-05-06,14724.7998046875,14724.7998046875,14743.900390625,14611.5,14668.349609375,467800,0.0073164109749706,0.007289775876840782,0.199564992768351,14597.392431640625,14732.946953125,0.002812667598835361,0.026102215398113637,-0.03851857255459401
2021-05-07,14823.150390625,14823.150390625,14863.0498046875,14765.5,14816.849609375,488000,0.006679247748155426,0.006657040403640492,0.19824027731844407,14597.5974609375,14729.7749609375,0.0002767104498293538,0.04318084651560494,-0.032096599895435896
2021-05-10,14942.349609375,14942.349609375,14966.900390625,14892.5,14928.25,522000,0.008041422748121585,0.008009262800994111,0.19988915071363483,14601.024951171876,14735.10794921875,0.0046087620909014415,0.069672131147541,-0.024313279475850824
2021-05-11,14850.75,14850.75,14900.0,14771.400390625,14789.7001953125,647400,-0.006130201191218876,-0.006149068019026527,0.20094584772506444,14601.819970703125,14737.966953125,0.0010718268835669953,0.24022988505747134,-0.030294435372264394
2021-05-12,14696.5,14696.5,14824.0498046875,14649.7001953125,14823.5498046875,643800,-0.0103866808073666,-0.0104409988264523,0.15556841467942123,14621.10498046875,14732.256953125,0.026951686878196934,-0.005560704355885071,-0.04036645754918
2021-05-14,14677.7998046875,14677.7998046875,14749.650390625,14591.900390625,14749.400390625,620700,-0.0012724250884564858,-0.001273235308628596,0.14897688213762425,14629.75498046875,14723.86595703125,0.011927086366548156,-0.03588070829450141,-0.0415875193443187
2021-05-17,14923.150390625,14923.150390625,14938.0,14725.349609375,14756.25,546400,0.01671576048197254,0.016577589783995917,0.15877032914518704,14646.839990234375,14731.74595703125,0.023433896542220944,-0.119703560496214,-0.025566925874745183
2021-05-18,15108.099609375,15108.099609375,15137.25,15043.7001953125,15067.2001953125,583900,0.012393443335275034,0.012317273309973075,0.1636214435905073,14671.352490234374,14738.676953125,0.03353776465764047,0.06863103953147887,-0.013490344786555863
2021-05-19,15030.150390625,15030.150390625,15133.400390625,15008.849609375,15058.599609375,569100,-0.005159432408138875,-0.005172788238334181,0.14915649930077418,14704.8875,14740.89796875,0.046707930052324986,-0.025346805959924668,-0.018580174672606087
2021-05-20,14906.0498046875,14906.0498046875,15069.7998046875,14884.900390625,15042.599609375,480300,-0.00825677606093067,-0.008291052039504188,0.15207919028050473,14735.369970703125,14734.10697265625,0.04264356043513473,-0.15603584607274645,-0.026683538392092032
2021-05-21,15175.2998046875,15175.2998046875,15190.0,14985.849609375,14987.7998046875,572900,0.01806313567497475,0.01790193553229923,0.16113746575505034,14773.82744140625,14735.99796875,0.05339035017731275,0.1927961690610036,-0.009102391091382112
2021-05-24,15197.7001953125,15197.7001953125,15256.25,15145.4501953125,15211.349609375,579800,0.001476108604989923,0.0014750202275935762,0.15902220373920567,14816.644970703124,14741.18998046875,0.05971199428662555,0.012043986734159517,-0.007639718604208201
2021-05-25,15208.4501953125,15208.4501953125,15293.849609375,15163.400390625,15291.75,441500,0.0007073438653115716,0.0007070938155468382,0.15694779875083284,14852.81748046875,14746.23498046875,0.04994478393596835,-0.23853052776819594,-0.006937778646983972
2021-05-26,15301.4501953125,15301.4501953125,15319.900390625,15194.9501953125,15257.0498046875,384000,0.006115021504864648,0.0060964006336564555,0.15392460498990168,14885.2375,14750.2959765625,0.04425020042022765,-0.13023782559456398,-0.000865181807741533
2021-05-27,15337.849609375,15337.849609375,15384.5498046875,15272.5,15323.9501953125,0,0.002378821196545866,0.0023759962804964516,0.1470904098114784,14908.902490234375,14753.55697265625,0.03184084354429939,-1.0,0.0
2021-05-28,15435.650390625,15435.650390625,15469.650390625,15394.75,15421.2001953125,468100,0.006376433707514062,0.006356190262519319,0.14806907786335305,14935.939990234376,14761.6509765625,0.03630437168551692,inf,0.0
2021-05-31,15582.7998046875,15582.7998046875,15606.349609375,15374.0,15437.75,436000,0.009533088035724946,0.00948793489109113,0.13074001887336442,14983.525,14774.71697265625,0.06504638890590897,-0.06857509079256574,0.0
2021-06-01,15574.849609375,15574.849609375,15660.75,15528.2998046875,15629.650390625,409600,-0.0005101904286871628,-0.000510320620107419,0.13097926319175254,15030.5599609375,14788.0049609375,0.0642810954951396,-0.06055045871559628,-0.0005101904286871628
2021-06-02,15576.2001953125,15576.2001953125,15597.4501953125,15459.849609375,15520.349609375,428600,8.67158252806366e-05,8.67120656808025e-05,0.12297437459209755,15084.544970703126,14805.10296875,0.07448006038095412,0.04638671875,-0.0004235188449905891
2021-06-03,15690.349609375,15690.349609375,15705.099609375,15611.0,15655.5498046875,410200,0.0073284506253876724,0.007301728008600275,0.12249898954391449,15138.169970703126,14827.75296875,0.07336920468193653,-0.04293047130191319,0.0
2021-06-04,15670.25,15670.25,15733.599609375,15622.349609375,15712.5,414200,-0.001281017305247989,-0.0012818385093088212,0.12279733741397705,15185.44248046875,14846.27796875,0.06420801694101974,0.009751340809361242,-0.001281017305247989
2021-06-07,15751.650390625,15751.650390625,15773.4501953125,15678.099609375,15725.099609375,394000,0.0051945814919991395,0.0051811361952536165,0.1223430640125317,15231.86748046875,14866.58296875,0.06263850635875867,-0.04876871076774503,0.0
2021-06-08,15740.099609375,15740.099609375,15778.7998046875,15680.0,15773.900390625,378200,-0.0007333060957773752,-0.0007335750962069031,0.12156464993872962,15271.75498046875,14885.0899609375,0.05338852461994881,-0.04010152284263957,-0.0007333060957773752
2021-06-09,15635.349609375,15635.349609375,15800.4501953125,15566.900390625,15766.2998046875,457900,-0.006654976944212576,-0.0066772200430738555,0.12208219003523355,15310.9849609375,14906.8089453125,0.05283232223120038,0.21073506081438387,-0.007383402904829528
2021-06-10,15737.75,15737.75,15751.25,15648.5,15692.099609375,298300,0.0065492869160790335,0.006527933518834105,0.11257762033604343,15363.0474609375,14935.0659375,0.07085020242914974,-0.34854771784232363,-0.0008824720127913466
2021-06-11,15799.349609375,15799.349609375,15835.5498046875,15749.7998046875,15796.4501953125,363000,0.003914130633349666,0.003906490354253145,0.11120505154831056,15419.124951171874,14960.90693359375,0.07641130275733299,0.21689574254106603,0.0
2021-06-14,15811.849609375,15811.849609375,15823.0498046875,15606.5,15791.400390625,392900,0.0007911718082738162,0.0007908589968395644,0.10053052312640921,15463.559912109375,14980.24193359375,0.05955171632581657,0.0823691460055096,0.0
2021-06-15,15869.25,15869.25,15901.599609375,15842.400390625,15866.9501953125,323300,0.003630213545097627,0.003623640223476974,0.09426128599369388,15501.617431640625,15003.8129296875,0.050380286753781034,-0.17714431152965127,0.0
2021-06-16,15767.5498046875,15767.5498046875,15880.849609375,15742.599609375,15847.5,340200,-0.006408632752808119,-0.006429256198967984,0.09570474925723144,15538.48740234375,15021.81693359375,0.04906134635368975,0.05227343025054121,-0.006408632752808119
2021-06-17,15691.400390625,15691.400390625,15769.349609375,15616.75,15648.2998046875,357600,-0.0048295020472909345,-0.004841201776747716,0.09127692286177885,15577.754931640626,15042.8889453125,0.052686700784438045,0.051146384479717755,-0.011207184295099037
2021-06-18,15683.349609375,15683.349609375,15761.5,15450.900390625,15756.5,640800,-0.000513069646403852,-0.0005132013116724437,0.07150940594716822,15603.157421875,15062.8859375,0.03347873262645984,0.7919463087248322,-0.01171450387541939
2021-06-21,15746.5,15746.5,15765.150390625,15505.650390625,15525.849609375,351500,0.004026588209654625,0.0040185031994205474,0.07199678479295857,15630.597412109375,15081.43494140625,0.036110713965575414,-0.4514669163545568,-0.007735085148951604
2021-06-22,15772.75,15772.75,15895.75,15752.099609375,15840.5,322200,0.0016670371193598932,0.0016656491552922152,0.0718887593311647,15658.81240234375,15099.4139453125,0.03710435957908631,-0.08335704125177812,-0.0060809427036564445
2021-06-23,15686.9501953125,15686.9501953125,15862.9501953125,15673.9501953125,15862.7998046875,287500,-0.005439749231269109,-0.005454598542621072,0.0744267587243422,15678.08740234375,15116.45595703125,0.025193690472429475,-0.10769708255741772,-0.011487613131527907
2021-06-24,15790.4501953125,15790.4501953125,15821.400390625,15702.7001953125,15737.2998046875,316700,0.006597840798329813,0.006576170313444658,0.07673159496060318,15700.717431640625,15146.04896484375,0.029508738021583936,0.10156521739130442,-0.0049655657757927685
2021-06-25,15860.349609375,15860.349609375,15870.7998046875,15772.2998046875,15839.349609375,314600,0.0044266891189239654,0.004416920149496724,0.07538534906214563,15721.952392578125,15173.1599609375,0.027514177116109373,-0.006630880959898944,-0.0005608576728578507
2021-06-28,15814.7001953125,15814.7001953125,15915.650390625,15792.150390625,15915.349609375,255100,-0.0028782098242977616,-0.0028823598351750412,0.07030664689242223,15733.547412109376,15197.8249609375,0.014881818000077374,-0.18912905276541636,-0.0034374532310915695
2021-06-29,15748.4501953125,15748.4501953125,15835.900390625,15724.0498046875,15807.5,360300,-0.0041891404314852165,-0.004197939462444536,0.07236390699706809,15742.22744140625,15220.43697265625,0.0111462126628179,0.4123872990983928,-0.007612193688265045
2021-06-30,15721.5,15721.5,15839.099609375,15708.75,15776.900390625,262400,-0.0017112919035373597,-0.0017127578361914226,0.0727987022907333,15749.492431640625,15247.67796875,0.009328321597408928,-0.2717180127671385,-0.009310458906375496
2021-07-01,15680.0,15680.0,15755.5498046875,15667.0498046875,15755.0498046875,224900,-0.002639697229908089,-0.0026431873739428875,0.0688626814631293,15748.974951171875,15275.3499609375,-0.0006596162375385184,-0.1429115853658537,-0.01192557934369931
2021-07-02,15722.2001953125,15722.2001953125,15738.349609375,15635.9501953125,15705.849609375,254800,0.002691338986766656,0.0026877238189711517,0.06934775809158407,15751.5724609375,15301.67095703125,0.003315211647070049,0.13294797687861282,-0.009266336133560205
2021-07-05,15834.349609375,15834.349609375,15845.9501953125,15762.0498046875,15793.400390625,207000,0.007133188273225066,0.007107867426692256,0.07149987201437683,15755.707421875,15331.53095703125,0.005250193897092803,-0.1875981161695447,-0.0021992463805787787
2021-07-06,15818.25,15818.25,15914.2001953125,15801.0,15813.75,391400,-0.0010167521731027085,-0.0010172694162285671,0.07155932162306249,15759.61494140625,15358.19595703125,0.00496505057556651,0.8908212560386473,-0.0032137624651448204
2021-07-07,15879.650390625,15879.650390625,15893.5498046875,15779.7001953125,15819.599609375,329300,0.0038816171589777237,0.003874103121228537,0.06771496832066141,15771.82998046875,15382.72796875,0.015624900456560065,-0.158661216147164,0.0
2021-07-08,15727.900390625,15727.900390625,15885.75,15682.900390625,15855.400390625,307900,-0.0095562557277451,-0.009602209739377547,0.07349942228221538,15771.3375,15399.99498046875,-0.0006258588028784651,-0.06498633464925596,-0.0095562557277451
2021-07-09,15689.7998046875,15689.7998046875,15730.849609375,15632.75,15688.25,243200,-0.0024224839292732447,-0.0024254228908178565,0.07242884474698508,15765.860009765625,15415.89296875,-0.0069338173656525726,-0.21013316011692107,-0.0119555897810939
2021-07-12,15692.599609375,15692.599609375,15789.2001953125,15644.75,15766.7998046875,216300,0.00017844744498685117,0.00017843152513541638,0.07233369740748814,15759.897509765626,15437.12296875,-0.007541812181751095,-0.11060855263157898,-0.01177927578055693
2021-07-13,15812.349609375,15812.349609375,15820.7998046875,15744.599609375,15794.0,246700,0.007630985495128417,0.0076020168050800795,0.07651107549630687,15757.052490234375,15460.686953125,-0.0035855752871118973,0.14054553860379104,-0.004238177768052909
2021-07-14,15853.9501953125,15853.9501953125,15877.349609375,15764.2001953125,15808.7001953125,0,0.0026308921169333477,0.00262743737830436,0.07338951992985658,15761.372509765624,15487.83595703125,0.005479633278171914,-1.0,-0.0016184358395996412
2021-07-15,15924.2001953125,15924.2001953125,15952.349609375,15855.0,15872.150390625,284900,0.004431072328003882,0.0044212840314639245,0.07218314665998901,15773.0125,15513.96296875,0.014836139470801424,inf,0.0
2021-07-16,15923.400390625,15923.400390625,15962.25,15882.599609375,15958.349609375,276300,-5.0225736783704455e-05,-5.022699813825734e-05,0.07209550311683854,15785.0150390625,15537.93498046875,0.015306091315244741,-0.030186030186030166,-5.0225736783704455e-05
2021-07-19,15752.400390625,15752.400390625,15836.900390625,15707.5,15754.5,242100,-0.010738912280361723,-0.010796990571541962,0.0817475383324566,15785.31005859375,15556.51998046875,0.00037471124535604083,-0.12377850162866455,-0.010788598647363923
2021-07-20,15632.099609375,15632.099609375,15728.4501953125,15578.5498046875,15703.9501953125,274300,-0.0076369809214345,-0.007666291987629491,0.08586181585648575,15778.2775390625,15570.31498046875,-0.00891730298299287,0.13300289136720367,-0.01834318724675943
2021-07-22,15824.0498046875,15824.0498046875,15834.7998046875,15726.400390625,15736.599609375,265300,0.012279233123449584,0.012204454864528006,0.09463699279014416,15785.13251953125,15589.7809765625,0.008739723634487495,-0.03281079110462992,-0.006289194395739939
2021-07-23,15856.0498046875,15856.0498046875,15899.7998046875,15768.400390625,15856.7998046875,294100,0.002022238326785386,0.0020201963552988087,0.09206262984768766,15788.4125,15612.97197265625,0.004154384996222227,0.10855635130041463,-0.00427967431890619
2021-07-26,15824.4501953125,15824.4501953125,15893.349609375,15797.0,15849.2998046875,267100,-0.0019929055322251976,-0.001994894010794567,0.09098103803502088,15786.617529296875,15635.90498046875,-0.002263469276949648,-0.09180550833049983,-0.0062640508645051
2021-07-27,15746.4501953125,15746.4501953125,15881.5498046875,15701.0,15860.5,311000,-0.004929081202650898,-0.004941269190283573,0.09209883235874397,15783.205029296874,15652.3709765625,-0.004315605048284765,0.16435791838262825,-0.011162256051787334
2021-07-28,15709.400390625,15709.400390625,15767.5,15513.4501953125,15761.5498046875,318600,-0.002352898858342667,-0.0023556712745251398,0.0912709101563291,15781.2525390625,15664.3969921875,-0.0024795966716218976,0.02443729903536984,-0.013488891250609147
2021-07-29,15778.4501953125,15778.4501953125,15817.349609375,15737.7998046875,15762.7001953125,401600,0.004395444954646832,0.0043858132000563635,0.09242299243961087,15784.100048828124,15679.36298828125,0.0036224403086537738,0.2605147520401758,-0.009152735974953585
2021-07-30,15763.0498046875,15763.0498046875,15862.7998046875,15744.849609375,15800.599609375,400000,-0.000976039499086867,-0.000976516135808173,0.09193562772330442,15788.2525390625,15696.50298828125,0.0052965436662946175,-0.003984063745019917,-0.010119842042204175
2021-08-02,15885.150390625,15885.150390625,15892.900390625,15834.650390625,15874.900390625,244800,0.007746000136419795,0.007716153904229494,0.095362597812829,15796.400048828125,15710.7,0.010364337897254439,-0.388,-0.0024522302036239507
2021-08-03,16130.75,16130.75,16146.900390625,15914.349609375,15951.5498046875,341300,0.015460955882416139,0.015342653128218075,0.10671676797184401,15811.220068359375,15729.36099609375,0.01871882318737672,0.3941993464052287,0.0
2021-08-04,16258.7998046875,16258.7998046875,16290.2001953125,16176.150390625,16195.25,427300,0.007938242467802281,0.007906900379200192,0.10923193873450282,15833.24755859375,15750.36798828125,0.02785072967537494,0.2519777322004102,0.0
2021-08-05,16294.599609375,16294.599609375,16349.4501953125,16210.2998046875,16288.9501953125,418200,0.0022018725316477195,0.002199451962862978,0.1088846631949107,15853.99501953125,15770.2309765625,0.02613087873741704,-0.021296512988532634,0.0
2021-08-06,16238.2001953125,16238.2001953125,16336.75,16223.2998046875,16304.400390625,320100,-0.003461233501561467,-0.0034672374282357825,0.10275002055214606,15879.510009765625,15788.23798828125,0.03244551351505742,-0.23457675753228124,-0.003461233501561467
2021-08-09,16258.25,16258.25,16320.75,16179.0498046875,16281.349609375,240500,0.0012347307242392969,0.0012339690711517842,0.10166555501298265,15907.93251953125,15804.68998046875,0.03623055758446769,-0.24867228990940327,-0.0022307764686704257
2021-08-10,16280.099609375,16280.099609375,16359.25,16202.25,16274.7998046875,288000,0.0013439090538649445,0.0013430068163520583,0.10150622703996688,15937.30751953125,15818.6359765625,0.03743802904708149,0.19750519750519757,-0.0008898653754988439
2021-08-11,16282.25,16282.25,16338.75,16162.5498046875,16327.2998046875,277900,0.00013208706805212245,0.00013207834532344713,0.09931967175501215,15960.8025390625,15832.783984375,0.02971730338838441,-0.035069444444444486,-0.0007578958471550212
2021-08-12,16364.400390625,16364.400390625,16375.5,16286.900390625,16303.650390625,280200,0.005045395484346349,0.005032710127087298,0.10005753116931485,15986.325048828125,15848.54798828125,0.03219703537755669,0.008276358402302897,0.0
2021-08-13,16529.099609375,16529.099609375,16543.599609375,16376.2998046875,16385.69921875,321900,0.010064482340847336,0.010014172717061967,0.10405050441098065,16016.57001953125,15865.32298828125,0.037986172406985874,0.14882226980728053,0.0
2021-08-16,16563.05078125,16563.05078125,16589.400390625,16480.75,16518.400390625,254000,0.002054024277023725,0.0020519176533692787,0.10380481074948417,16048.5525390625,15883.17900390625,0.040170464532286676,-0.21093507300403858,0.0
2021-08-17,16614.599609375,16614.599609375,16628.55078125,16495.400390625,16545.25,297400,0.0031122785775283823,0.0031074454639570138,0.09221078771921166,16091.6625,15900.43798828125,0.054734465692170664,0.17086614173228343,0.0
2021-08-18,16568.849609375,16568.849609375,16701.849609375,16535.849609375,16691.94921875,251800,-0.00275360231817956,-0.002757400455017452,0.08637846047708499,16138.5,15917.01298828125,0.05992477168186716,-0.15332885003362473,-0.00275360231817956
2021-08-20,16450.5,16450.5,16509.55078125,16376.0498046875,16382.5,350800,-0.007142898400624986,-0.007168531033199722,0.0861031932151992,16169.822509765625,15933.31599609375,0.039588487336972955,0.3931691818903893,-0.009876832017210013
2021-08-23,16496.44921875,16496.44921875,16592.5,16395.69921875,16592.25,275600,0.0027931806783987323,0.002789286998064274,0.086155809057002,16201.84248046875,15948.48998046875,0.04038833265225872,-0.21436716077537055,-0.007111239115165424
2021-08-24,16624.599609375,16624.599609375,16647.099609375,16495.30078125,16561.400390625,275400,0.007768362083601765,0.007738343720985011,0.08712236916783539,16241.849951171875,15964.99498046875,0.05056412097650753,-0.0007256894049346707,0.0
2021-08-25,16634.650390625,16634.650390625,16712.44921875,16617.5,16654.0,265900,0.0006045728309951315,0.0006043901504665573,0.08299460975762867,16286.2599609375,15981.45099609375,0.05640637631311374,-0.03449527959331877,0.0
2021-08-26,16636.900390625,16636.900390625,16683.69921875,16603.400390625,16627.94921875,253500,0.00013525983096518424,0.00013525068417903375,0.08142080209510709,16332.6349609375,15996.80400390625,0.05904108221428417,-0.0466340729597593,0.0
2021-08-27,16705.19921875,16705.19921875,16722.05078125,16565.599609375,16642.55078125,217400,0.004105261588480014,0.004096857993577663,0.08135580261406018,16378.972412109375,16015.5569921875,0.058735110987821804,-0.14240631163708084,0.0
2021-08-30,16931.05078125,16931.05078125,16951.5,16764.849609375,16775.849609375,283500,0.013519836521704187,0.013429259014094868,0.08814722207902143,16437.3724609375,16040.35,0.07409739809457228,0.3040478380864766,0.0
2021-08-31,17132.19921875,17132.19921875,17153.5,16915.849609375,16947.5,464400,0.011880446175423387,0.011810427696351353,0.09182051305821542,16499.72490234375,16069.3269921875,0.07850406180988845,0.638095238095238,0.0
2021-09-01,17076.25,17076.25,17225.75,17055.05078125,17185.599609375,301900,-0.00326573477436376,-0.0032710789243950112,0.08418325229768102,16546.99990234375,16095.9219921875,0.058614757528323125,-0.3499138673557278,-0.00326573477436376
2021-09-02,17234.150390625,17234.150390625,17245.5,17059.69921875,17095.400390625,242400,0.009246783727399066,0.009204293951085803,0.08533539115859433,16595.767431640626,16125.15,0.05998908884137322,-0.19708512752567076,0.0
2021-09-03,17323.599609375,17323.599609375,17340.099609375,17212.19921875,17262.44921875,261400,0.005190230833697296,0.005176808010644206,0.08565905808305149,16647.217431640624,16157.88298828125,0.06314975664747058,0.0783828382838283,0.0
2021-09-06,17377.80078125,17377.80078125,17429.55078125,17345.55078125,17399.349609375,228000,0.0031287476677577253,0.003123863322045117,0.08211778126193604,16704.1974609375,16189.63,0.07018022762562492,-0.12777352716143842,0.0
2021-09-07,17362.099609375,17362.099609375,17436.5,17287.0,17401.55078125,243400,-0.0009035189246697772,-0.0009039273439216094,0.08320616539479964,16759.38994140625,16219.665,0.06789473709501337,0.0675438596491229,-0.0009035189246697772
2021-09-08,17353.5,17353.5,17383.400390625,17254.19921875,17375.75,252700,-0.0004953092983268625,-0.0004954320044973781,0.08402696570041142,16813.0599609375,16250.44099609375,0.06593328151425282,0.03820870994248149,-0.0013983807016719751
2021-09-09,17369.25,17369.25,17379.650390625,17302.69921875,17312.849609375,241500,0.0009075978909154347,0.0009071862729865194,0.08369692708270111,16867.4099609375,16282.8569921875,0.0667598151361144,-0.04432132963988922,-0.0004920519781320687
2021-09-13,17355.30078125,17355.30078125,17378.349609375,17269.150390625,17363.55078125,241100,-0.000803098507419775,-0.0008034211637875494,0.08458993781712067,16916.95498046875,16315.5330078125,0.060552196656876944,-0.0016563146997929934,-0.0012947553193426442
2021-09-14,17380.0,17380.0,17438.55078125,17367.05078125,17420.349609375,230400,0.001423151293159064,0.0014221395731308123,0.08045620303351173,16959.5,16349.5330078125,0.05147893174667462,-0.044379925342181714,0.0
2021-09-15,17519.44921875,17519.44921875,17532.69921875,17386.900390625,17387.650390625,388200,0.00802354538262362,0.007991527890878581,0.08273790119362907,17007.319921875,16385.47798828125,0.0577428910972535,0.6848958333333333,0.0
2021-09-16,17629.5,17629.5,17644.599609375,17510.44921875,17539.19921875,503300,0.006281634763507293,0.006261987530756848,0.0836426729111865,17058.06494140625,16421.38099609375,0.06108485395292518,0.2964966512107161,0.0
2021-09-17,17585.150390625,17585.150390625,17792.94921875,17537.650390625,17709.650390625,508300,-0.002515647600612625,-0.002518817158814708,0.08343021618415924,17108.87998046875,16456.71900390625,0.061338041276864264,0.009934432743890387,-0.002515647600612625
2021-09-20,17396.900390625,17396.900390625,17622.75,17361.80078125,17443.849609375,339100,-0.010705054879733056,-0.01076276621795277,0.08994788537850662,17156.2,16487.06400390625,0.05753019000182369,-0.3328742868384812,-0.013193772334723075
2021-09-21,17562.0,17562.0,17578.349609375,17326.099609375,17450.5,363600,0.00949017386246398,0.009445425055689747,0.09299207798860328,17209.4775390625,16523.74599609375,0.06459273551055378,0.07225007372456504,-0.003828809665617272
2021-09-22,17546.650390625,17546.650390625,17610.44921875,17524.0,17580.900390625,295200,-0.0008740239935656202,-0.0008744061752431491,0.09235397646642513,17255.580078125,16560.8830078125,0.05546303687999998,-0.18811881188118806,-0.0046994871876684385
2021-09-23,17822.94921875,17822.94921875,17843.900390625,17646.55078125,17670.849609375,320500,0.015746528367181822,0.01562383807742847,0.10265041084968428,17314.99501953125,16603.49,0.07143515494588959,0.08570460704607052,0.0
2021-09-24,17853.19921875,17853.19921875,17947.650390625,17819.400390625,17897.44921875,360100,0.0016972499684944076,0.0016958112674268218,0.10213019719363679,17375.8099609375,16644.3069921875,0.07310849975458122,0.1235569422776912,0.0
2021-09-27,17855.099609375,17855.099609375,17943.5,17802.900390625,17932.19921875,295700,0.00010644538279747096,0.00010643971788971012,0.10281534912449196,17433.30498046875,16684.32998046875,0.06883488042060248,-0.1788392113301861,0.0
2021-09-28,17748.599609375,17748.599609375,17912.849609375,17576.099609375,17906.44921875,398000,-0.0059646824901542495,-0.005982542262753364,0.1005870896884106,17474.182421875,16720.81796875,0.04828695151221085,0.3459587419682111,-0.0059646824901542495
2021-09-29,17711.30078125,17711.30078125,17781.75,17608.150390625,17657.94921875,562200,-0.0021015082285871234,-0.002103719495544819,0.0952276811575075,17503.1375,16756.5759765625,0.03380193955871191,0.41256281407035167,-0.00805365588940743
2021-09-30,17618.150390625,17618.150390625,17742.150390625,17585.349609375,17718.900390625,378600,-0.005259376020738893,-0.005273255224157625,0.09685467014722668,17530.23251953125,16793.8909765625,0.0317341565405167,-0.32657417289220914,-0.013270674705482266
2021-10-01,17532.05078125,17532.05078125,17557.150390625,17452.900390625,17531.900390625,305800,-0.004886983449795879,-0.004898963801205104,0.09501563500843889,17545.1275390625,16831.89,0.01728547006222314,-0.19228737453777078,-0.018092804587624967
2021-10-04,17691.25,17691.25,17750.900390625,17581.349609375,17615.55078125,295800,0.009080467581137563,0.009039488024266832,0.09827816183311695,17563.51005859375,16869.23400390625,0.02122251719706325,-0.03270111183780244,-0.009176628131997044
2021-10-05,17822.30078125,17822.30078125,17833.44921875,17640.900390625,17661.349609375,427000,0.007407660919946268,0.007380358946066971,0.10060336163089444,17585.73505859375,16908.5590234375,0.025578610642124522,0.44354293441514536,-0.001836944561640963
2021-10-06,17646.0,17646.0,17884.599609375,17613.150390625,17861.5,395800,-0.009892144870289554,-0.009941397212065623,0.10802589906399,17599.930078125,16944.99001953125,0.016351731473289277,-0.07306791569086646,-0.01171091811020819
2021-10-07,17790.349609375,17790.349609375,17857.55078125,17763.80078125,17810.55078125,419900,0.008180302016037588,0.00814702470131476,0.11095592769286854,17621.77255859375,16985.8680078125,0.02517357359466388,0.0608893380495199,-0.003626414941197087
2021-10-08,17895.19921875,17895.19921875,17941.849609375,17840.349609375,17886.849609375,324100,0.005893622760496431,0.005876323303578524,0.11215196744732045,17648.07001953125,17029.583984375,0.03028047951120505,-0.22814955941890924,0.0
2021-10-11,17945.94921875,17945.94921875,18041.94921875,17839.099609375,17867.55078125,375800,0.0028359561343596074,0.0028319423974920437,0.11190742995446423,17677.60244140625,17072.93396484375,0.03403273990722844,0.1595186670780624,0.0
2021-10-12,17991.94921875,17991.94921875,18008.650390625,17864.94921875,17915.80078125,355600,0.0025632525445875576,0.002559973015762186,0.11194643512842377,17708.19990234375,17117.511953125,0.03520996655638675,-0.05375199574241618,0.0
2021-10-13,18161.75,18161.75,18197.80078125,18050.75,18097.849609375,506700,0.00943759784921161,0.00939334195098345,0.11309107442883523,17740.31494140625,17163.0439453125,0.036662156054688255,0.4249156355455568,0.0
2021-10-14,18338.55078125,18338.55078125,18350.75,18248.69921875,18272.849609375,538700,0.009734787740718787,0.009687709975996201,0.11551147352072007,17775.76748046875,17207.1999609375,0.04021956273575533,0.06315373988553374,0.0
2021-10-18,18477.05078125,18477.05078125,18543.150390625,18445.30078125,18500.099609375,469900,0.007552396132719963,0.007524019573498294,0.11583383071451522,17820.3625,17251.56498046875,0.05071895154792028,-0.12771486912938557,0.0
2021-10-19,18418.75,18418.75,18604.44921875,18377.69921875,18602.349609375,368200,-0.003155307734996393,-0.0031602962146704853,0.10712786806425097,17871.45498046875,17294.04798828125,0.058737452444440175,-0.21642902745264947,-0.003155307734996393
2021-10-20,18266.599609375,18266.599609375,18458.30078125,18209.349609375,18439.900390625,371300,-0.008260625212080042,-0.008294933244362599,0.11108534355345542,17906.6849609375,17334.6159765625,0.040120692937877234,0.008419337316675657,-0.01138986813244891
2021-10-21,18178.099609375,18178.099609375,18384.19921875,18048.0,18382.69921875,365900,-0.004844908296702255,-0.004856682911584848,0.11331330985229543,17938.257421875,17373.01296875,0.03598688095406377,-0.014543495825478092,-0.016179593562537953
2021-10-22,18114.900390625,18114.900390625,18314.25,18034.349609375,18230.69921875,324700,-0.003476668084567369,-0.0034827257394313984,0.10206381749252348,17952.85498046875,17409.708984375,0.016380631975759785,-0.11259907078436726,-0.019600010570545168
2021-10-25,18125.400390625,18125.400390625,18241.400390625,17968.5,18229.5,418700,0.000579633328010587,0.0005794654054989729,0.10201257342965471,17966.4650390625,17446.5719921875,0.015246632748550981,0.2894979981521404,-0.019031738061890513
2021-10-26,18268.400390625,18268.400390625,18310.44921875,18099.30078125,18154.5,341400,0.007889480889700096,0.00785852166355233,0.1050241331112133,17987.130078125,17484.6519921875,0.023147492329473884,-0.1846190589921185,-0.011292407705927432
2021-10-27,18210.94921875,18210.94921875,18342.05078125,18167.900390625,18295.849609375,335200,-0.0031448386638428527,-0.0031497940609639214,0.10293521136162516,18010.24755859375,17518.288984375,0.02604992053180255,-0.018160515524311638,-0.014401733569408881
2021-10-28,17857.25,17857.25,18190.69921875,17799.44921875,18187.650390625,374200,-0.0194223384240636,-0.019613430387588483,0.12662157988669212,18017.54501953125,17544.17296875,0.008240457352771458,0.11634844868735073,-0.033544356650194285
2021-10-29,17671.650390625,17671.650390625,17915.849609375,17613.099609375,17833.05078125,336500,-0.010393515763905459,-0.010447905544470225,0.13096018230955084,18020.22001953125,17565.313984375,0.003036641123716821,-0.10074826296098338,-0.04358922861446579
2021-11-01,17929.650390625,17929.650390625,17954.099609375,17697.099609375,17783.150390625,281200,0.014599655057507821,0.014494106171593095,0.1388926640206648,18040.1,17592.53,0.022678442718191416,-0.16433878157503712,-0.029625961258951894
2021-11-02,17888.94921875,17888.94921875,18012.25,17847.599609375,17970.900390625,296400,-0.002270048271341696,-0.002272628736845954,0.1361157740672724,18049.9849609375,17621.298984375,0.011174971737440753,0.054054054054053946,-0.03182875716815092
2021-11-03,17829.19921875,17829.19921875,17988.75,17757.94921875,17947.94921875,331000,-0.0033400508475575075,-0.003345641269055336,0.1342956522672694,18050.3298828125,17647.953984375,0.0003870677296198277,0.11673414304993246,-0.03506249834835229
2021-11-04,17916.80078125,17916.80078125,17947.55078125,17900.599609375,17935.05078125,48500,0.004913376165984751,0.0049013449265533065,0.12995927273589247,18063.869921875,17673.7980078125,0.015346298382069579,-0.8534743202416919,-0.030321397426072205
2021-11-08,18068.55078125,18068.55078125,18087.80078125,17836.099609375,18040.19921875,338900,0.008469704042186388,0.008434037348294714,0.13017941264939215,18077.77998046875,17702.476015625,0.015637757434985744,5.9876288659793815,-0.02210850664623032
2021-11-09,18044.25,18044.25,18112.599609375,17983.05078125,18084.349609375,270200,-0.001344921435271762,-0.0013458266538282125,0.1289447656982398,18085.23251953125,17730.6230078125,0.008329093151074218,-0.20271466509294778,-0.02342369387701171
2021-11-10,18017.19921875,18017.19921875,18061.25,17915.0,17973.44921875,261400,-0.0014991358050348014,-0.0015002606334366785,0.12878450778463085,18088.79501953125,17756.8630078125,0.0039702553000404706,-0.032568467801628476,-0.024887714383869386
2021-11-11,17873.599609375,17873.599609375,17971.349609375,17798.19921875,17967.44921875,232100,-0.007970140510272006,-0.00800207185820445,0.13164094932803724,18082.8775390625,17775.713984375,-0.006577920376279356,-0.11208875286916598,-0.032659496313522385
2021-11-12,18102.75,18102.75,18123.0,17905.900390625,17977.599609375,249100,0.012820606684330382,0.012739118453093435,0.135400674639002,18079.9275390625,17795.125,-0.003248585626385081,0.07324429125376986,-0.020257604185935918
2021-11-15,18109.44921875,18109.44921875,18210.150390625,18071.30078125,18140.94921875,280400,0.0003700663573213969,0.00036999789965571825,0.13035567050506522,18068.4724609375,17815.788984375,-0.012492893535199223,0.12565234845443607,-0.019895034486403618
2021-11-16,17999.19921875,17999.19921875,18132.650390625,17958.80078125,18127.05078125,267400,-0.006087981951756416,-0.006106589273008452,0.12800728525463675,18044.5798828125,17831.0899609375,-0.02586189582727727,-0.04636233951497859,-0.02586189582727727
2021-11-17,17898.650390625,17898.650390625,18022.650390625,17879.25,17939.349609375,295700,-0.005586294529162039,-0.005601956226916921,0.12876651689899624,18018.57490234375,17842.5909765625,-0.028237508483203277,0.10583395661929695,-0.031303718189265584
2021-11-18,17764.80078125,17764.80078125,17945.599609375,17688.5,17890.55078125,278400,-0.007478195643460861,-0.007506297537132803,0.12823839757384015,17993.4849609375,17850.3309765625,-0.027470839611958286,-0.058505241799120755,-0.03854781850373934
2021-11-22,17416.55078125,17416.55078125,17805.25,17280.44921875,17796.25,356400,-0.019603372100156835,-0.01979806684873854,0.14363447847972574,17955.40751953125,17851.42,-0.041893753719571714,0.2801724137931034,-0.05739552337411802
2021-11-23,17503.349609375,17503.349609375,17553.69921875,17216.099609375,17281.75,308800,0.004983697932798847,0.004971320417088634,0.14570602615187098,17924.82998046875,17854.4169921875,-0.03375954424604488,-0.13355780022446684,-0.05269786739251081
2021-11-24,17415.05078125,17415.05078125,17600.599609375,17354.0,17550.05078125,298100,-0.0050446817378146935,-0.005057449101021469,0.14590136010952778,17889.3125,17855.3330078125,-0.03919083684034996,-0.034650259067357525,-0.05747670516106873
2021-11-25,17536.25,17536.25,17564.349609375,17351.69921875,17417.30078125,255900,0.006959452503032093,0.006935347288237329,0.14510875510958382,17852.70498046875,17858.9519921875,-0.04007742194005803,-0.14156323381415636,-0.05091725905763589
2021-11-26,17026.44921875,17026.44921875,17355.400390625,16985.69921875,17338.75,356300,-0.029071254187753914,-0.029502195657113865,0.17486795922333645,17793.47998046875,17851.8809765625,-0.06504328718793184,0.3923407581086362,-0.07850828466478155
2021-11-29,17053.94921875,17053.94921875,17160.69921875,16782.400390625,17055.80078125,348900,0.0016151341742889347,0.0016138312478338214,0.1646386103267332,17753.31494140625,17842.5709765625,-0.04498457384255694,-0.020769014875105296,-0.07701995190401945
2021-11-30,16983.19921875,16983.19921875,17324.650390625,16931.400390625,17051.150390625,498000,-0.004148599194972014,-0.0041572285072535705,0.16200336465543738,17718.8923828125,17829.6449609375,-0.038957944315163195,0.4273430782459158,-0.08084902618852563
2021-12-01,17166.900390625,17166.900390625,17213.05078125,17064.25,17104.400390625,295500,0.01081664117042136,0.010758559762450211,0.1574414534585529,17680.7548828125,17821.2799609375,-0.04254126451895701,-0.40662650602409633,-0.07090689992336352
2021-12-02,17401.650390625,17401.650390625,17420.349609375,17149.30078125,17183.19921875,279900,0.013674571102433752,0.013581917861660867,0.16707302896829193,17656.38994140625,17821.3749609375,-0.027240215295275427,-0.05279187817258879,-0.058201950265584945
2021-12-03,17196.69921875,17196.69921875,17489.80078125,17180.80078125,17424.900390625,292500,-0.01177768586739425,-0.011847592241934006,0.17107677476813993,17624.76494140625,17814.0689453125,-0.035475513635791045,0.045016077170418,-0.0692941518458815
2021-12-06,16912.25,16912.25,17216.75,16891.69921875,17209.05078125,231700,-0.01654091957599968,-0.016679248094838027,0.17690594785267402,17574.53740234375,17801.3809375,-0.05606753088984873,-0.20786324786324784,-0.08468888242911132
2021-12-07,17176.69921875,17176.69921875,17251.650390625,16987.75,17044.099609375,254100,0.015636548581649423,0.015515557382479443,0.1845367916618168,17529.94482421875,17788.4559375,-0.04935933010330229,0.09667673716012093,-0.07037657567189026
2021-12-08,17469.75,17469.75,17484.599609375,17308.94921875,17315.25,257800,0.017060948527881648,0.016917044993306308,0.197054482402239,17501.21982421875,17780.786953125,-0.03183839727336968,0.014561196379378138,-0.054516318279115294
2021-12-09,17516.849609375,17516.849609375,17543.25,17379.599609375,17524.400390625,237200,0.002696066593683266,0.002692438725331353,0.19764876629062572,17476.20234375,17774.021953125,-0.02777066531263639,-0.07990690457719163,-0.05196723130995484
2021-12-10,17511.30078125,17511.30078125,17534.349609375,17405.25,17476.05078125,204500,-0.00031677089480919296,-0.00031682107730694167,0.19612493281168583,17458.08740234375,17769.2759765625,-0.02027005393669934,-0.13785834738617198,-0.05226754049840121
2021-12-13,17368.25,17368.25,17639.5,17355.94921875,17619.099609375,256600,-0.008169055116863166,-0.0082026046847206,0.1906445213414611,17421.36240234375,17762.4149609375,-0.040573945947438905,0.2547677261613692,-0.06000961919611003
2021-12-14,17324.900390625,17324.900390625,17376.19921875,17225.80078125,17283.19921875,271000,-0.002495911181322197,-0.0024990311601760175,0.19042919033905323,17382.1349609375,17756.5499609375,-0.043322622275706824,0.05611847233047551,-0.06235575169789387
2021-12-15,17221.400390625,17221.400390625,17351.19921875,17192.19921875,17323.650390625,215000,-0.005974060321640162,-0.005991976410169169,0.19039855292003932,17343.24501953125,17750.336953125,-0.04321296845888323,-0.20664206642066418,-0.06795729499748948
2021-12-16,17248.400390625,17248.400390625,17379.349609375,17184.94921875,17373.0,219500,0.0015678167505297491,0.0015665890089298405,0.19040445789491045,17310.73251953125,17741.4799609375,-0.03632955478814148,0.020930232558139528,-0.06649602283237754
2021-12-17,16985.19921875,16985.19921875,17298.150390625,16966.44921875,17276.0,354600,-0.01525945397337003,-0.015377077556357827,0.19548732237070415,17271.75244140625,17724.7379296875,-0.043884621735968854,0.6154897494305238,-0.08074078380592475
2021-12-20,16614.19921875,16614.19921875,16840.099609375,16410.19921875,16824.25,330600,-0.021842546279377872,-0.022084626281366433,0.19835802189777432,17231.63486328125,17704.1019140625,-0.04606833882193151,-0.06768189509306266,-0.10081974577838848
2021-12-21,16770.849609375,16770.849609375,16936.400390625,16688.25,16773.150390625,241000,0.00942870544420904,0.009384532645495392,0.20112022063857635,17195.00986328125,17683.7119140625,-0.041849132671592404,-0.2710223835450696,-0.09234164002008405
2021-12-22,16955.44921875,16955.44921875,16971.0,16819.5,16865.55078125,207900,0.011007170994593363,0.010947032985081793,0.20600270926106143,17172.02978515625,17664.9169140625,-0.0263910549715326,-0.13734439834024892,-0.08235088924711287
2021-12-23,17072.599609375,17072.599609375,17118.650390625,17015.55078125,17066.80078125,197000,0.006909306212627531,0.006885546336514033,0.20597625843610504,17148.847265625,17647.449921875,-0.026439540416280605,-0.05242905242905238,-0.0760105705451759
2021-12-24,17003.75,17003.75,17155.599609375,16909.599609375,17149.5,182600,-0.004032754879180422,-0.0040409083631890875,0.17769010106028282,17147.7123046875,17627.6859375,-0.0013331739611922577,-0.07309644670050763,-0.07973679342512086
2021-12-27,17086.25,17086.25,17112.05078125,16833.19921875,16937.75,144800,0.004851870910828504,0.004840138519222991,0.17846218010113274,17149.32734375,17606.1759375,0.0018940352662999427,-0.2070098576122672,-0.07527179514283444
2021-12-28,17233.25,17233.25,17250.25,17161.150390625,17177.599609375,176000,0.008603409174043453,0.008566610759914585,0.18014875431494132,17161.8298828125,17584.069921875,0.014723420365577278,0.2154696132596685,-0.06731598002166961
2021-12-29,17213.599609375,17213.599609375,17285.94921875,17176.650390625,17220.099609375,161700,-0.0011402602889762914,-0.00114091088034896,0.17627378916997613,17164.16484375,17558.8008984375,0.0027203058028753,-0.08125000000000004,-0.06837948257181359
2021-12-30,17203.94921875,17203.94921875,17264.05078125,17146.349609375,17201.44921875,320800,-0.0005606259494814747,-0.0005607831589689821,0.16896242231247977,17154.27978515625,17534.5048828125,-0.011361058717827666,0.9839208410636981,-0.0689017732089533
2021-12-31,17354.05078125,17354.05078125,17400.80078125,17238.5,17244.5,167000,0.008724831757606522,0.008686990360265219,0.16649041920710295,17162.14736328125,17516.25390625,0.009150102615531841,-0.479426433915212,-0.06077809783039556
2022-01-03,17625.69921875,17625.69921875,17646.650390625,17383.30078125,17387.150390625,200500,0.015653315812207858,0.015532066331647875,0.16171502085527903,17197.81982421875,17505.2058984375,0.04218535196381312,0.20059880239520966,-0.04607616077799215
2022-01-04,17805.25,17805.25,17827.599609375,17593.55078125,17681.400390625,247400,0.01018687423526421,0.01013533773365083,0.1568342752383917,17229.24736328125,17499.012890625,0.03659322278659194,0.23391521197007492,-0.03635865859781717
2022-01-05,17925.25,17925.25,17944.69921875,17748.849609375,17820.099609375,251500,0.0067395852346920915,0.006716975758933995,0.14770535418362452,17252.02236328125,17495.0098828125,0.026073641580446116,0.016572352465642703,-0.029864115641764277
2022-01-06,17745.900390625,17745.900390625,17797.94921875,17655.55078125,17768.5,236500,-0.010005417462796928,-0.01005580805311726,0.15293566932333286,17263.47490234375,17484.5598828125,0.013076026018252307,-0.05964214711729621,-0.03957073016040802
2022-01-07,17812.69921875,17812.69921875,17905.0,17704.55078125,17797.599609375,239300,0.003764183651131514,0.0037571168401497185,0.15327754858308715,17278.54482421875,17476.5948828125,0.017211653278362826,0.01183932346723049,-0.03595549800480957
2022-01-10,18003.30078125,18003.30078125,18017.44921875,17879.150390625,17913.30078125,232400,0.010700318921871732,0.010643475643964555,0.15310789329431862,17310.29736328125,17479.5158984375,0.03656388992846149,-0.028834099456748863,-0.02563991437858404
2022-01-11,18055.75,18055.75,18081.25,17964.400390625,17997.75,220200,0.002913311252602302,0.0029090757855369247,0.1522972637227615,17346.83984375,17487.197890625,0.042184924178293226,-0.05249569707401036,-0.022801300177056616
2022-01-12,18212.349609375,18212.349609375,18227.94921875,18128.80078125,18170.400390625,245000,0.008673115731830494,0.008635720331115329,0.1508768931944137,17396.3873046875,17492.851875,0.05754173274372354,0.11262488646684843,-0.014325942760497923
2022-01-13,18257.80078125,18257.80078125,18272.25,18163.80078125,18257.0,303700,0.0024956237305924223,0.002492514833041471,0.15081249960265913,17446.85732421875,17500.22890625,0.058521391419788626,0.23959183673469386,-0.01186607119262173
2022-01-14,18255.75,18255.75,18286.94921875,18119.650390625,18185.0,229500,-0.00011232356375068253,-0.00011232987251458901,0.13528664245199226,17510.38486328125,17508.759921875,0.07480340765432025,-0.24432005268356927,-0.011977061916968346
2022-01-17,18308.099609375,18308.099609375,18321.55078125,18228.75,18235.650390625,266700,0.0028675682661627455,0.0028634646353713476,0.09561721686956937,17595.0798828125,17516.5858984375,0.10195498250155466,0.16209150326797395,-0.009143838693480566
2022-01-18,18113.05078125,18113.05078125,18350.94921875,18085.900390625,18337.19921875,227500,-0.010653690567923424,-0.010710847446216868,0.10870126542170012,17662.18994140625,17517.4758984375,0.08003179344740552,-0.14698162729658792,-0.01970011363336066
2022-01-19,17938.400390625,17938.400390625,18129.19921875,17884.900390625,18129.19921875,276700,-0.00964224043394124,-0.009689027834056424,0.11531032220242575,17711.3375,17515.35890625,0.05797258209991951,0.2162637362637363,-0.02915240083507309
2022-01-20,17757.0,17757.0,17943.69921875,17648.44921875,17921.0,258100,-0.010112406160797005,-0.010163883876396832,0.12296084005628122,17745.55751953125,17510.154921875,0.04008764958379141,-0.067220816769064,-0.038970006078063446
2022-01-21,17617.150390625,17617.150390625,17707.599609375,17485.849609375,17613.69921875,277600,-0.007875745304668613,-0.00790692279190989,0.12618885387344606,17776.2275390625,17505.0259375,0.036074418326839774,0.07555211158465713,-0.04653883354033983
2022-01-24,17149.099609375,17149.099609375,17599.400390625,16997.849609375,17575.150390625,323800,-0.02656790518738339,-0.02692721026213864,0.16141135380456947,17779.37001953125,17485.9529296875,0.003678373509400812,0.1664265129682998,-0.07187029941069212
2022-01-25,17277.94921875,17277.94921875,17309.150390625,16836.80078125,17001.55078125,326500,0.007513491221694313,0.0074854055398087425,0.16071069047018055,17781.60498046875,17469.3229296875,0.0025937776536637536,0.008338480543545357,-0.06489680505272055
2022-01-27,17110.150390625,17110.150390625,17182.5,16866.75,17062.0,395600,-0.00971173291462768,-0.009759199363728934,0.1644816858663202,17776.43251953125,17451.541953125,-0.006009737713061458,0.21163859111791727,-0.07397827752966357
2022-01-28,17101.94921875,17101.94921875,17373.5,17077.099609375,17208.30078125,355300,-0.0004793161771092791,-0.0004794310858279706,0.1644802377758881,17771.33251953125,17435.6079296875,-0.005928871255259982,-0.10187057633973706,-0.07442213472159831
2022-01-31,17339.849609375,17339.849609375,17410.0,17264.150390625,17301.05078125,321700,0.0139107178709299,0.01381485185545943,0.16913645750509748,17770.6224609375,17427.10890625,-0.0008183202904040732,-0.09456797072896139,-0.06154668217013293
2022-02-01,17576.849609375,17576.849609375,17622.400390625,17244.55078125,17529.44921875,386400,0.013667938611870323,0.013575374822651254,0.1668744559514176,17768.17998046875,17430.3148828125,-0.002771499091680507,0.2011190550202051,-0.04871995983192834
2022-02-02,17780.0,17780.0,17794.599609375,17674.80078125,17706.19921875,271200,0.011557838585399605,0.01149155699474709,0.16804724242574184,17766.91748046875,17435.847890625,-0.0014181210597997707,-0.2981366459627329,-0.03772521867815337
2022-02-03,17560.19921875,17560.19921875,17781.150390625,17511.150390625,17767.75,226600,-0.012362248664229525,-0.01243929691182117,0.17150612431338272,17748.66494140625,17438.750859375,-0.020365170987852288,-0.1644542772861357,-0.049621098808171005
2022-02-04,17516.30078125,17516.30078125,17617.80078125,17462.55078125,17590.19921875,261400,-0.0024998826581151823,-0.002503012582150695,0.16829903917921274,17737.1849609375,17438.351875,-0.01293817751260995,0.15357458075904673,-0.05199693454189902
2022-02-07,17213.599609375,17213.599609375,17536.75,17119.400390625,17456.30078125,265000,-0.017281112927623465,-0.017432174227495423,0.17749374803613158,17707.22998046875,17442.0948828125,-0.03363328611894911,0.01377199693955622,-0.06837948257181359
2022-02-08,17266.75,17266.75,17306.44921875,17043.650390625,17279.849609375,268500,0.0030876976246183574,0.003082940476216172,0.17247208542831974,17670.40244140625,17446.3508984375,-0.04091198554084596,0.013207547169811429,-0.06550292011310488
2022-02-09,17463.80078125,17463.80078125,17477.150390625,17339.0,17370.099609375,236400,0.01141215233034587,0.0113475249468573,0.17822043430199813,17640.80498046875,17455.9629296875,-0.03278452674355814,-0.11955307262569836,-0.05483829708517218
2022-02-10,17605.849609375,17605.849609375,17639.44921875,17427.150390625,17554.099609375,273600,0.008133901085124018,0.00810099920504003,0.17782011835712594,17610.47998046875,17464.7419140625,-0.03330157903886255,0.15736040609137047,-0.047150445284215525
2022-02-11,17374.75,17374.75,17454.75,17303.0,17451.0,253100,-0.01312629691281364,-0.013213208134273142,0.18161526292288746,17566.32744140625,17464.20390625,-0.04836567075246301,-0.07492690058479534,-0.05965783145265713
2022-02-14,16842.80078125,16842.80078125,17099.5,16809.650390625,17076.150390625,305500,-0.03061622289529342,-0.031094690696753635,0.2076875396638456,17495.67998046875,17457.1259375,-0.07739748948961289,0.2070327933623073,-0.08844755688274619
2022-02-15,17352.44921875,17352.44921875,17375.0,16839.25,16933.25,298700,0.03025912638397754,0.02981034961442144,0.23918470935569983,17447.8974609375,17465.929921875,-0.05219822980074029,-0.022258592471358418,-0.06086477630083775
2022-02-16,17322.19921875,17322.19921875,17490.599609375,17257.69921875,17408.44921875,244500,-0.0017432697608654735,-0.001744791023833279,0.23730219310852962,17408.3548828125,17468.839921875,-0.04366197456469689,-0.18145296283896883,-0.06250194233767603
2022-02-17,17304.599609375,17304.599609375,17442.900390625,17235.849609375,17396.55078125,232100,-0.001016014719190439,-0.001016531212017758,0.23567894287608102,17376.66484375,17465.5369140625,-0.035332067935178735,-0.05071574642126786,-0.0634544541634735
2022-02-18,17276.30078125,17276.30078125,17380.80078125,17219.19921875,17236.05078125,189600,-0.0016353356196504576,-0.0016366742405402451,0.233599133526207,17352.6298828125,17460.7259375,-0.027070970251168558,-0.18311072813442486,-0.06498602045400492
2022-02-21,17206.650390625,17206.650390625,17351.05078125,17070.69921875,17192.25,215200,-0.004031556958107085,-0.004039705592356217,0.2325653497749949,17332.1048828125,17454.6329296875,-0.02330115772971142,0.1350210970464134,-0.06875558256917103
2022-02-22,17092.19921875,17092.19921875,17148.55078125,16843.80078125,16847.94921875,300100,-0.006651566067580439,-0.00667378632095619,0.21312414487304943,17329.25986328125,17449.1119140625,-0.003317981230565259,0.39451672862453524,-0.07494981633677755
2022-02-23,17063.25,17063.25,17220.69921875,17027.849609375,17194.5,200200,-0.0016937094155936583,-0.0016951453630000418,0.21123565173995534,17318.52490234375,17443.87890625,-0.012426198041895486,-0.3328890369876708,-0.07651658254274463
2022-02-24,16247.9501953125,16247.9501953125,16705.25,16203.25,16548.900390625,458000,-0.04778103847083648,-0.04896026903082192,0.271074341929724,17275.414892578126,17424.40990234375,-0.050391152364441916,1.2877122877122877,-0.12064157923944929
2022-02-25,16658.400390625,16658.400390625,16748.80078125,16478.30078125,16515.650390625,329800,0.025261660109649586,0.024947858168202962,0.2881807665169852,17253.237451171874,17412.60990234375,-0.025935571580268046,-0.27991266375545854,-0.09842752569963797
2022-02-28,16793.900390625,16793.900390625,16815.900390625,16356.2998046875,16481.599609375,404200,0.008134034290366632,0.008101131335537446,0.28489740119676515,17225.939990234376,17408.78392578125,-0.03148523378512036,0.22559126743480906,-0.09109410427842812
2022-03-02,16605.94921875,16605.94921875,16678.5,16478.650390625,16593.099609375,517700,-0.011191633122935585,-0.011254730666993663,0.2809623791767651,17177.394970703124,17408.61892578125,-0.05523745222847831,0.28080158337456695,-0.10126624560661712
2022-03-03,16498.05078125,16498.05078125,16768.94921875,16442.94921875,16723.19921875,442100,-0.00649757722841704,-0.006518778370608893,0.2760064496458916,17113.297509765624,17403.16294921875,-0.07210063097581554,-0.14603051960594937,-0.1071058375835734
2022-03-04,16245.349609375,16245.349609375,16456.0,16133.7998046875,16339.4501953125,456100,-0.015317032007332254,-0.015435549523985674,0.27745984598367834,17047.555029296876,17388.96095703125,-0.07487669091880589,0.0316670436552815,-0.12078232604846595
2022-03-07,15863.150390625,15863.150390625,15944.599609375,15711.4501953125,15867.9501953125,585400,-0.02352668473994779,-0.023807855961420165,0.28621394341708906,16964.897509765626,17364.77197265625,-0.09437782619002433,0.28349046261784694,-0.1414674030813139
2022-03-08,16013.4501953125,16013.4501953125,16028.75,15671.4501953125,15747.75,543600,0.009474776509483585,0.009430172336242727,0.286567366742552,16904.8900390625,17344.9659765625,-0.06972100207378273,-0.07140416809019479,-0.13333299859940273
2022-03-09,16345.349609375,16345.349609375,16418.05078125,15990.0,16078.0,462200,0.020726290088294297,0.020514423015661167,0.29840551773640084,16858.82001953125,17330.14796875,-0.05336269944401817,-0.14974245768947758,-0.11537020691842181
2022-03-10,16594.900390625,16594.900390625,16757.30078125,16447.900390625,16757.099609375,486400,0.01526738719047449,0.015152013456311012,0.30108159194307765,16815.375,17317.3809765625,-0.0497543691381257,0.05235828645607965,-0.10186422134721596
2022-03-11,16630.44921875,16630.44921875,16694.400390625,16470.900390625,16528.80078125,343700,0.0021421537513466316,0.0021398626113986923,0.29902070585699586,16766.60498046875,17305.71796875,-0.055402063079398656,-0.2933799342105263,-0.09994027641975634
2022-03-14,16871.30078125,16871.30078125,16887.94921875,16606.5,16633.69921875,314700,0.014482565042708062,0.014378694372337426,0.3023587705744839,16741.43251953125,17299.065,-0.028975911523906772,-0.08437590922315974,-0.08690510293068365
2022-03-15,16663.0,16663.0,16927.75,16555.0,16900.650390625,381600,-0.012346456503312231,-0.012423307208470636,0.2848524850405392,16732.44248046875,17285.243984375,-0.01067523053827013,0.21258341277407045,-0.0981785893607463
2022-03-16,16975.349609375,16975.349609375,16987.900390625,16837.849609375,16876.650390625,260000,0.018745100484606647,0.018571576221107083,0.27145037121362064,16713.5875,17272.2369921875,-0.021731780028350633,-0.31865828092243187,-0.08127385639914375
2022-03-17,17287.05078125,17287.05078125,17344.599609375,17175.75,17202.900390625,448300,0.018361988356508263,0.01819544269851146,0.27991679816791637,16711.830078125,17261.8730078125,-0.0020290978677784954,0.7242307692307692,-0.06440421764752513
2022-03-21,17117.599609375,17117.599609375,17353.349609375,17096.400390625,17329.5,285500,-0.009802202470463706,-0.009850560325581039,0.2820480958091246,16702.480078125,17245.72,-0.010806375427414694,-0.3631496765558777,-0.07357511693665597
2022-03-22,17315.5,17315.5,17334.400390625,17006.30078125,17120.400390625,338300,0.011561223252155806,0.011494902983443505,0.2852069063271843,16704.4400390625,17237.1119921875,0.0022689590350581934,0.18493870402802104,-0.06286451203720833
2022-03-23,17245.650390625,17245.650390625,17442.400390625,17199.599609375,17405.05078125,292100,-0.0040339354552280104,-0.004042093720190609,0.2852073676737347,16706.3900390625,17225.771015625,0.0022665654915177136,-0.13656517883535324,-0.06664485610845383
2022-03-24,17222.75,17222.75,17291.75,17091.150390625,17094.94921875,290300,-0.0013278937068936791,-0.0013287761390126268,0.2841494878942277,16712.917578125,17210.16,0.00763803297511223,-0.006162273194111556,-0.06788425253032426
2022-03-25,17153.0,17153.0,17294.900390625,17076.55078125,17289.0,237100,-0.004049875890900112,-0.004058098847076208,0.2845019920426151,16717.405078125,17192.105,0.005259842058224606,-0.1832586978987255,-0.07165920562353001
2022-03-28,17222.0,17222.0,17235.099609375,17003.900390625,17181.849609375,253200,0.004022619949862971,0.004014550846285441,0.21709970899540534,16766.107568359374,17172.2980078125,0.05994908852985725,0.06790383804301992,-0.06792484342379956
2022-03-29,17325.30078125,17325.30078125,17343.650390625,17235.69921875,17297.19921875,235100,0.005998187274997013,0.00598026976240216,0.2014392468642938,16799.452587890624,17153.6480078125,0.04003387930334035,-0.07148499210110582,-0.06233408208028324
2022-03-30,17498.25,17498.25,17522.5,17387.19921875,17468.150390625,505000,0.009982465582194733,0.009932969892759297,0.20228279978351024,16834.670068359374,17138.4980078125,0.041940799516007266,1.148022118247554,-0.052973864327052644
2022-03-31,17464.75,17464.75,17559.80078125,17435.19921875,17519.19921875,281100,-0.001914477162001882,-0.001916312115762529,0.19677476255508616,16877.610107421875,17121.631015625,0.05171645233506528,-0.4433663366336633,-0.054786924235617485
2022-04-01,17670.44921875,17670.44921875,17703.69921875,17422.69921875,17436.900390625,291800,0.011777965258592316,0.01170914487476482,0.19630525091048753,16936.230029296876,17112.778984375,0.0710628457291711,0.038064745642120146,-0.04365423746729735
2022-04-04,18053.400390625,18053.400390625,18114.650390625,17791.400390625,17809.099609375,345500,0.021671841339984343,0.0214403456403388,0.192907176546452,17026.632568359375,17115.078984375,0.11129651406249796,0.18403015764222075,-0.022928463835522273
2022-04-05,17957.400390625,17957.400390625,18095.44921875,17921.55078125,18080.599609375,283500,-0.005317557796472028,-0.005331746328175393,0.16510641807534684,17131.345068359376,17119.0869921875,0.13201980366003996,-0.1794500723589001,-0.028124098200364656
2022-04-06,17807.650390625,17807.650390625,17901.0,17779.849609375,17842.75,328800,-0.008339180323571727,-0.008374145812508964,0.1724203501306004,17221.055078125,17122.8969921875,0.11204332441972453,0.1597883597883598,-0.03622874659760578
2022-04-07,17639.55078125,17639.55078125,17787.5,17623.69921875,17723.30078125,308800,-0.00943974110495216,-0.009484577848941177,0.17020244239921656,17285.76513671875,17132.706015625,0.0791785555405129,-0.06082725060827254,-0.04532649771411956
2022-04-08,17784.349609375,17784.349609375,17842.75,17600.55078125,17698.150390625,274400,0.008208759390795572,0.008175250776633796,0.16578039383997137,17345.23759765625,17142.8340234375,0.0716755865206613,-0.1113989637305699,-0.03748981263708673
2022-04-11,17674.94921875,17674.94921875,17779.05078125,17650.94921875,17740.900390625,251700,-0.006151497975913078,-0.006170496392137639,0.16924713934664937,17397.46259765625,17154.13,0.06280648142819723,-0.0827259475218659,-0.043410692106445437
2022-04-12,17530.30078125,17530.30078125,17595.30078125,17442.349609375,17584.849609375,266000,-0.008183810641252287,-0.008217481851263662,0.16818157660112665,17430.41259765625,17162.69703125,0.039060414401027366,0.05681366706396496,-0.05123923786369278
2022-04-13,17475.650390625,17475.650390625,17663.650390625,17457.400390625,17599.900390625,245100,-0.0031174816283502382,-0.0031223510971550208,0.16073980300834173,17471.0451171875,17165.413046875,0.04876975278311235,-0.07857142857142863,-0.05419698210935231
2022-04-18,17173.650390625,17173.650390625,17237.75,17067.849609375,17183.44921875,376100,-0.017281188010147552,-0.017432250630348714,0.1634241721822293,17480.96015625,17157.3490625,0.01168169055796553,0.5344757241942064,-0.07054158188208559
2022-04-19,16958.650390625,16958.650390625,17275.650390625,16824.69921875,17258.94921875,401400,-0.012519178806467801,-0.012598203971631295,0.15577846841571555,17464.54013671875,17140.9220703125,-0.018996900904646563,0.0672693432597713,-0.08217763801168043
2022-04-20,17136.55078125,17136.55078125,17186.900390625,16978.94921875,17045.25,286100,0.010490244596548015,0.010435603778864927,0.15705883961160982,17465.4876953125,17132.4491015625,0.0011071162024738346,-0.28724464374688585,-0.07254945693824155
2022-04-21,17392.599609375,17392.599609375,17414.69921875,17215.5,17234.599609375,285200,0.014941678252146096,0.014831150992767859,0.1606863653460443,17469.34267578125,17129.975078125,0.004452635463890742,-0.0031457532331352622,-0.05869178932903463
2022-04-22,17171.94921875,17171.94921875,17315.30078125,17149.19921875,17242.75,262700,-0.012686452605167986,-0.012767612798961313,0.16663248903951766,17465.6576171875,17129.1420703125,-0.004273609298902747,-0.07889200561009813,-0.07063365133056743
2022-04-25,16953.94921875,16953.94921875,17054.30078125,16888.69921875,17009.05078125,275700,-0.012695122564301942,-0.012776394201003337,0.17249946402324295,17452.217578125,17122.8860546875,-0.015607309009885162,0.04948610582413404,-0.08243207103406358
2022-04-26,17200.80078125,17200.80078125,17223.849609375,17064.44921875,17121.30078125,261100,0.014560121616207233,0.014455140840464372,0.1801886678679765,17454.6076171875,17117.6260546875,0.002786730090946099,-0.05295611171563297,-0.06907217039718827
2022-04-27,17038.400390625,17038.400390625,17110.69921875,16958.44921875,17073.349609375,265100,-0.009441443610115341,-0.00948629657994312,0.18269292041057963,17445.42763671875,17106.2770703125,-0.010660760038032735,0.015319800842588993,-0.0778614730054703
2022-04-28,17245.05078125,17245.05078125,17322.5,17071.05078125,17189.5,312900,0.012128508890934642,0.012055547873445796,0.1867936515119679,17441.41513671875,17103.6830859375,-0.0046319542161628036,0.18030931723877774,-0.06667730768214375
2022-04-29,17102.55078125,17102.55078125,17377.650390625,17053.25,17329.25,336200,-0.008263240381694681,-0.008297570200330234,0.18483445833526752,17421.63017578125,17108.8780859375,-0.022613645293100726,0.07446468520294025,-0.07438957744245656
2022-05-02,17069.099609375,17069.099609375,17092.25,16917.25,16924.44921875,278200,-0.0019559171203674675,-0.0019578324241160947,0.18483681908880534,17401.84765625,17103.21109375,-0.022654225833464547,-0.17251635930993459,-0.07619999471472738
2022-05-04,16677.599609375,16677.599609375,17132.849609375,16623.94921875,17096.599609375,310600,-0.022936183451936376,-0.023203310190181764,0.1939526725956724,17352.20517578125,17090.3191015625,-0.05618700447759384,0.11646297627606028,-0.09738844110885014
2022-05-05,16682.650390625,16682.650390625,16945.69921875,16651.849609375,16854.75,265800,0.00030284821366977077,0.00030280236440618743,0.17205943548746028,17283.66767578125,17077.8801171875,-0.07592752447410522,-0.14423696072118475,-0.09711508681060221
2022-05-06,16411.25,16411.25,16484.19921875,16340.900390625,16415.55078125,300500,-0.0162684216398562,-0.016402205362178027,0.17763705104909208,17206.36015625,17060.5791015625,-0.08610101445597862,0.13054928517682463,-0.11180359927063244
2022-05-09,16301.849609375,16301.849609375,16403.69921875,16142.099609375,16227.7001953125,288400,-0.006666182687180999,-0.0066885009232451696,0.1772500322758466,17131.0701171875,17042.4830859375,-0.08455920619616064,-0.040266222961730436,-0.11772447873999103
2022-05-10,16240.0498046875,16240.0498046875,16404.55078125,16197.2998046875,16248.900390625,283100,-0.003790968888092272,-0.003798172823006312,0.17624040263816756,17061.095068359376,17025.44009765625,-0.0793388104900099,-0.01837725381414701,-0.12106915779181315
2022-05-11,16167.099609375,16167.099609375,16318.75,15992.599609375,16270.0498046875,284300,-0.0044919933245182175,-0.004502112641840228,0.1701369365532805,16980.232568359374,17007.51708984375,-0.09093669633819323,0.004238784881667179,-0.12501730926772547
2022-05-12,15808.0,15808.0,16041.9501953125,15735.75,16021.099609375,314900,-0.022211752141785834,-0.022462147872579268,0.1813763008160773,16886.885107421876,16998.7180859375,-0.10562685050147114,0.1076327822722476,-0.1444522079226236
2022-05-13,15782.150390625,15782.150390625,16083.599609375,15740.849609375,15977.0,369100,-0.0016352232651188903,-0.0016365617019766783,0.18161198190210825,16799.477587890626,16981.1930859375,-0.09972164268252492,0.17211813274055254,-0.1458512195766497
2022-05-16,15842.2998046875,15842.2998046875,15977.9501953125,15739.650390625,15845.099609375,217600,0.0038112305721171857,0.003803986233609079,0.18433331410777476,16717.81005859375,16962.16107421875,-0.09346436609957176,-0.4104578704958006,-0.14259586163156368
2022-05-17,16259.2998046875,16259.2998046875,16284.25,15900.7998046875,15912.599609375,295700,0.026321935902047233,0.025981475212963467,0.20809040655290295,16672.092529296875,16955.2280859375,-0.05324148128907058,0.35891544117647056,-0.12002732485927958
2022-05-18,16240.2998046875,16240.2998046875,16399.80078125,16211.2001953125,16318.150390625,290400,-0.0011685620062508173,-0.0011692453072036017,0.20483506447287808,16636.175,16950.07306640625,-0.04235894775769511,-0.01792357118701382,-0.12105562749398802
2022-05-19,15809.400390625,15809.400390625,15984.75,15775.2001953125,15917.400390625,313900,-0.026532725334179386,-0.026891070897403772,0.2168807666841902,16569.81748046875,16941.35408203125,-0.07744559611594093,0.0809228650137741,-0.14437641711371263
2022-05-20,16266.150390625,16266.150390625,16283.0498046875,16003.849609375,16043.7998046875,252400,0.028891038794289337,0.02848156086057151,0.23709652709261256,16513.49501953125,16949.41408203125,-0.06476600646534858,-0.1959222682382924,-0.11965656298723604
2022-05-23,16214.7001953125,16214.7001953125,16414.69921875,16185.75,16290.9501953125,293800,-0.0031630222318707046,-0.0031680351601504043,0.23447224674590791,16465.632568359375,16953.43908203125,-0.05574492512429996,0.16402535657686212,-0.122441108850189
2022-05-24,16125.150390625,16125.150390625,16262.7998046875,16078.599609375,16225.5498046875,249800,-0.005522754266735541,-0.005538061057189644,0.23180791144802534,16424.192626953125,16949.03509765625,-0.04888529612961212,-0.14976174268209663,-0.12728765096059824
2022-05-25,16025.7998046875,16025.7998046875,16223.349609375,16006.9501953125,16196.349609375,243300,-0.006161219184365629,-0.006180277818558741,0.22319501005125214,16365.442578125,16937.6530859375,-0.06831082991457749,-0.026020816653322676,-0.1326646230279327
2022-05-26,16170.150390625,16170.150390625,16204.4501953125,15903.7001953125,16105.0,314300,0.009007387318995308,0.008967062770830264,0.2262628114081777,16322.030078125,16928.447109375,-0.05095842215785318,0.2918207973695026,-0.12485219735207842
2022-05-27,16352.4501953125,16352.4501953125,16370.599609375,16221.9501953125,16296.599609375,274100,0.011273847198922216,0.011210771015034579,0.22555509120110162,16277.400048828125,16918.07009765625,-0.05175981197503898,-0.12790327712376715,-0.11498591474855313
2022-05-30,16661.400390625,16661.400390625,16695.5,16506.150390625,16527.900390625,251400,0.018893205092962884,0.018716945110386057,0.23670369080452414,16255.342529296875,16918.03810546875,-0.02579442074270266,-0.08281649033199567,-0.09826516212573666
2022-05-31,16584.55078125,16584.55078125,16690.75,16521.900390625,16578.44921875,651600,-0.004612433983534836,-0.004623104079880039,0.23698983576768565,16231.115087890625,16910.22212890625,-0.02838748611314379,1.5918854415274462,-0.10242435453608523
2022-06-01,16522.75,16522.75,16649.19921875,16438.849609375,16594.400390625,249600,-0.0037264067061659745,-0.003733367056413342,0.2229361356075671,16223.372607421876,16894.93611328125,-0.009284885894967454,-0.6169429097605893,-0.10576908644063321
2022-06-02,16628.0,16628.0,16646.400390625,16443.05078125,16481.650390625,236000,0.006370004993115463,0.006349802260260305,0.2242423699375874,16220.640087890624,16885.14412109375,-0.003275881790084867,-0.054487179487179516,-0.10007283105626175
2022-06-03,16584.30078125,16584.30078125,16793.849609375,16567.900390625,16761.650390625,245500,-0.002628050201467391,-0.0026315095876877827,0.216200002818416,16229.292626953125,16870.52013671875,0.010544643537207632,0.0402542372881356,-0.10243788483391036
2022-06-06,16569.55078125,16569.55078125,16610.94921875,16444.55078125,16530.69921875,233600,-0.0008893953501298846,-0.0008897910968418909,0.21460808158670913,16242.677685546874,16856.99814453125,0.016421521378840787,-0.04847250509164969,-0.1032361724055918
2022-06-07,16416.349609375,16416.349609375,16487.25,16347.099609375,16469.599609375,233800,-0.009245946006475991,-0.009288955076891798,0.21704452424344883,16251.49267578125,16840.87013671875,0.010855866010744286,0.0008561643835616195,-0.11152760233609049
2022-06-08,16356.25,16356.25,16514.30078125,16293.349609375,16474.94921875,243500,-0.0036609606157923524,-0.003667678332650513,0.21680751157687037,16260.9501953125,16824.93513671875,0.011699710844567113,0.04148845166809245,-0.11478026479215664
2022-06-09,16478.099609375,16478.099609375,16492.80078125,16243.849609375,16263.849609375,205000,0.00744972774168895,0.007422115570615706,0.19997737573405708,16294.45517578125,16810.05712890625,0.04238990443920798,-0.1581108829568788,-0.10818561877328825
2022-06-10,16201.7998046875,16201.7998046875,16324.7001953125,16172.599609375,16283.9501953125,189700,-0.016767698414100085,-0.01690986774485526,0.21079432152245337,16315.437646484375,16787.587109375,0.02659012895427626,-0.07463414634146337,-0.12313929335905505
2022-06-13,15774.400390625,15774.400390625,15886.150390625,15684.0,15877.5498046875,225500,-0.026379749115209128,-0.026733937520215956,0.23273594269326323,16312.04267578125,16753.1101171875,-0.004285956893860132,0.18871903004744328,-0.14627065880922807
2022-06-14,15732.099609375,15732.099609375,15858.0,15659.4501953125,15674.25,225400,-0.00268160945598539,-0.0026852114114221596,0.21118771752609264,16285.682666015626,16718.457109375,-0.032424532522643434,-0.00044345898004438666,-0.14856002748341746
2022-06-15,15692.150390625,15692.150390625,15783.650390625,15678.900390625,15729.25,183000,-0.0025393443813560568,-0.0025425739848417965,0.2112026797471555,16258.2751953125,16678.8911328125,-0.03375241963847775,-0.1881100266193434,-0.15072212679368935
2022-06-16,15360.599609375,15360.599609375,15863.150390625,15335.099609375,15832.25,264700,-0.021128447854290244,-0.021354848179315097,0.20321360800331967,16235.83515625,16625.0351171875,-0.028388222839630273,0.44644808743169406,-0.16866605005153146
2022-06-17,15293.5,15293.5,15400.400390625,15183.400390625,15272.650390625,342600,-0.00436829362663993,-0.004377862497838008,0.16976380259480003,16187.20263671875,16571.757109375,-0.05979597921248703,0.2942954287873063,-0.17229756084670067
2022-06-20,15350.150390625,15350.150390625,15382.5,15191.099609375,15334.5,260000,0.0037042135956451006,0.0036973698916184226,0.17145883931977193,16143.975146484376,16522.607109375,-0.05331888929635786,-0.2410974897840047,-0.16923157421844026
2022-06-21,15638.7998046875,15638.7998046875,15707.25,15419.849609375,15455.9501953125,262800,0.018804337854487096,0.018629721921802747,0.18698543021862407,16119.6576171875,16482.59208984375,-0.03016099534924399,0.010769230769230864,-0.15360952406120343
2022-06-22,15413.2998046875,15413.2998046875,15565.400390625,15385.9501953125,15545.650390625,220900,-0.014419265085317434,-0.01452423294963793,0.192015027214564,16089.0326171875,16435.17109375,-0.03821962132715806,-0.15943683409436837,-0.16581385269945292
2022-06-23,15556.650390625,15556.650390625,15628.4501953125,15367.5,15451.5498046875,259200,0.009300447519609234,0.009257464658604653,0.19223662168684402,16058.3576171875,16392.8051171875,-0.03794027793060539,0.17338162064282492,-0.1580555482148992
2022-06-24,15699.25,15699.25,15749.25,15619.4501953125,15657.400390625,219600,0.009166472588529428,0.009124715461734611,0.1904793478105385,16025.697607421875,16356.1841015625,-0.03994509614832786,-0.1527777777777778,-0.15033788747654664
2022-06-27,15832.0498046875,15832.0498046875,15927.4501953125,15815.5,15926.2001953125,210900,0.008458990377725017,0.008423413606869335,0.1787463152238326,15984.230078125,16323.31208984375,-0.04977676344685633,-0.0396174863387978,-0.1431506038423932
2022-06-28,15850.2001953125,15850.2001953125,15892.099609375,15710.150390625,15757.4501953125,251900,0.0011464333961117568,0.0011457767431705531,0.1790328968696861,15947.512548828125,16296.8430859375,-0.0442791966827184,0.19440493124703662,-0.14216828307919982
2022-06-29,15799.099609375,15799.099609375,15861.599609375,15687.7998046875,15701.7001953125,444900,-0.0032239710103227903,-0.003229179201912245,0.1789869710217827,15911.330029296874,16273.6520703125,-0.04379721236628287,0.7661770543866613,-0.1449339076662879
2022-06-30,15780.25,15780.25,15890.0,15728.849609375,15774.5,306000,-0.001193081241402827,-0.0011937935294284723,0.17616652531128876,15868.942529296875,16246.5260546875,-0.0509832812124128,-0.3122049898853675,-0.14595407098121083
2022-07-01,15752.0498046875,15752.0498046875,15793.9501953125,15511.0498046875,15703.7001953125,364100,-0.0017870563085186086,-0.0017886549985601772,0.1761909727436436,15827.32998046875,16213.71505859375,-0.050183060928527756,0.18986928104575163,-0.14748029914642846
2022-07-04,15835.349609375,15835.349609375,15852.349609375,15661.7998046875,15710.5,304300,0.005288188249805481,0.005274254882250374,0.1783183525883209,15790.619921875,16186.98306640625,-0.04431026414462713,-0.1642405932436144,-0.14297201448164687
2022-07-05,15810.849609375,15810.849609375,16025.75,15785.4501953125,15909.150390625,254200,-0.0015471713984448465,-0.0015483695040555473,0.17638136843147117,15760.344921875,16164.12107421875,-0.03688396107586622,-0.16464015773907326,-0.14429798366850766
2022-07-06,15989.7998046875,15989.7998046875,16011.349609375,15800.900390625,15818.2001953125,288400,0.011318189707300252,0.01125461822453212,0.18223089657033778,15742.022412109374,16139.9010546875,-0.02240429165074509,0.13453973249409912,-0.13461298591474857
2022-07-07,16132.900390625,16132.900390625,16150.5,16045.9501953125,16113.75,264600,0.00894949203151052,0.00890968266712923,0.18323089780643226,15724.762451171875,16121.7910546875,-0.020948970265576183,-0.08252427184466016,-0.12686821172801988
2022-07-08,16220.599609375,16220.599609375,16275.5,16157.900390625,16273.650390625,281100,0.005436047866567373,0.005421325887187373,0.17454861301068322,15725.70244140625,16101.30203125,0.0011603528567276644,0.06235827664399096,-0.12212182553315187
2022-07-11,16216.0,16216.0,16248.5498046875,16115.5,16136.150390625,255900,-0.00028356592763323363,-0.00028360614005298526,0.1431237890417321,15747.782421875,16083.571015625,0.02799470017493988,-0.08964781216648876,-0.12237076187204354
2022-07-12,16058.2998046875,16058.2998046875,16158.75,16031.150390625,16126.2001953125,208600,-0.0097249750439381,-0.009772571447684876,0.14792459436468766,15764.092431640625,16063.35501953125,0.02073468916495491,-0.18483782727627984,-0.1309056843106683
2022-07-13,15966.650390625,15966.650390625,16140.0,15950.150390625,16128.2001953125,233300,-0.005707292501522909,-0.0057236413300785416,0.14936640181505625,15777.817431640626,16049.13603515625,0.017492822409094222,0.11840843720038352,-0.13586585978171828
2022-07-14,15938.650390625,15938.650390625,16070.849609375,15858.2001953125,16018.849609375,228600,-0.0017536552323109689,-0.0017551946856914542,0.12488891135154095,15806.719970703125,16034.25603515625,0.03763204535955733,-0.02014573510501505,-0.13738125313813065
2022-07-15,16049.2001953125,16049.2001953125,16066.9501953125,15927.2998046875,16010.7998046875,205800,0.0069359576863876615,0.006912014580365188,0.12385079614289538,15844.50498046875,16027.0150390625,0.04941316214813485,-0.09973753280839892,-0.131398166010412
2022-07-18,16278.5,16278.5,16287.9501953125,16142.2001953125,16151.400390625,227700,0.014287304158276504,0.014186202470718856,0.13070183074046762,15890.9224609375,16026.548046875,0.06047820938236437,0.10641399416909625,-0.118988187415766
2022-07-19,16340.5498046875,16340.5498046875,16359.5,16187.0498046875,16187.0498046875,222600,0.003811764271124396,0.003804517906147779,0.11696408525997135,15926.0099609375,16028.558046875,0.044872369284352676,-0.022397891963109373,-0.11562997806611874
2022-07-20,16520.849609375,16520.849609375,16588.0,16490.94921875,16562.80078125,284400,0.01103388850696918,0.010973459265845803,0.10278241312163341,15981.387451171875,16035.633046875,0.07185676128551477,0.27762803234501354,-0.10587193784519433
2022-07-21,16605.25,16605.25,16626.94921875,16483.900390625,16523.55078125,243600,0.005108719746296009,0.005095714512164849,0.1007149661218792,16033.817431640626,16051.578046875,0.06740523075628957,-0.14345991561181437,-0.1013040881583468
2022-07-22,16719.44921875,16719.44921875,16752.25,16610.900390625,16661.25,190900,0.006877295960614926,0.006853755230166662,0.09927379626851157,16084.827392578125,16070.3240234375,0.06498394628724302,-0.2163382594417077,-0.09512349039401702
2022-07-25,16631.0,16631.0,16706.05078125,16564.25,16662.55078125,211400,-0.005290199311757782,-0.005304241963650273,0.10153187768490318,16124.77490234375,16086.09802734375,0.05046410320639283,0.10738606600314293,-0.09991046748236043
2022-07-26,16483.849609375,16483.849609375,16636.099609375,16463.30078125,16632.900390625,208200,-0.00884795806776506,-0.008887333683346772,0.10921206833325843,16156.457373046875,16090.5890234375,0.039977376074397775,-0.015137180700094621,-0.10787442192331065
2022-07-27,16641.80078125,16641.80078125,16653.44921875,16438.75,16475.349609375,185200,0.0095821774414373,0.00953655956008488,0.11055966493982151,16198.592431640625,16098.61904296875,0.05333855679819566,-0.11047070124879921,-0.0993259163341349
2022-07-28,16929.599609375,16929.599609375,16947.650390625,16746.25,16774.849609375,376300,0.017293731123692924,0.017145896529526243,0.12089918989464134,16256.059912109375,16121.02302734375,0.07283468952488081,1.0318574514038876,-0.08374990090113898
2022-07-29,17158.25,17158.25,17172.80078125,17018.150390625,17079.5,436100,0.013505953826479233,0.013415561413115864,0.1240573174880313,16326.369921875,16138.86501953125,0.08927093379898032,0.15891575870316244,-0.07137506936920268
2022-08-01,17340.05078125,17340.05078125,17356.25,17154.80078125,17243.19921875,381500,0.010595531668439406,0.010539792401854702,0.12601220307394914,16401.60498046875,16161.37203125,0.0950216578094476,-0.1252006420545746,-0.061535794508601804
2022-08-02,17345.44921875,17345.44921875,17390.150390625,17215.849609375,17310.150390625,333600,0.000311327663805816,0.0003112792114048116,0.12498950591499346,16478.3349609375,16185.7780078125,0.09705990805611497,-0.1255570117955439,-0.06124362463994082
2022-08-03,17388.150390625,17388.150390625,17407.5,17225.849609375,17349.25,285400,0.002461808358865669,0.002458783072766921,0.12268629995571907,16548.252490234376,16213.02501953125,0.08745266376177918,-0.14448441247002397,-0.058932586348140914
2022-08-04,17382.0,17382.0,17490.69921875,17161.25,17463.099609375,325000,-0.0003537116074355806,-0.00035377417814128954,0.12236778692042775,16610.707470703124,16237.26201171875,0.07742560724548109,0.13875262789067966,-0.059265452815728925
2022-08-05,17397.5,17397.5,17474.400390625,17348.75,17423.650390625,355300,0.0008917270739845495,0.0008913297215996853,0.12259301893893175,16669.552490234375,16258.1630078125,0.07255591155488417,0.09323076923076923,-0.05842657435057208
2022-08-08,17525.099609375,17525.099609375,17548.80078125,17359.75,17401.5,257000,0.007334364671648164,0.007307599012140524,0.12244509181904388,16735.007470703124,16275.4369921875,0.0807288856299333,-0.2766676048409794,-0.0515207314817262
2022-08-10,17534.75,17534.75,17566.099609375,17442.80078125,17566.099609375,312700,0.0005506610997998429,0.0005505095416120064,0.11223419465497592,16808.82998046875,16294.4409765625,0.09194312058375664,0.21673151750972752,-0.0509984408445866
2022-08-11,17659.0,17659.0,17719.30078125,17631.94921875,17711.650390625,311200,0.007085929368824795,0.007060942140366637,0.1059406356291955,16893.4474609375,16317.1659765625,0.10599277669214091,-0.004796929964822505,-0.044273882825506705
2022-08-12,17698.150390625,17698.150390625,17724.650390625,17597.849609375,17659.650390625,303900,0.0022170219505635025,0.0022145679837284517,0.1034733029969147,16981.4224609375,16338.568984375,0.1103920317516296,-0.023457583547557892,-0.04215501704500413
2022-08-16,17825.25,17825.25,17839.099609375,17764.05078125,17797.19921875,0,0.007181519343531395,0.007155855032733008,0.10352930312277074,17070.224951171876,16363.38796875,0.11066282326057797,-1.0,-0.0352762347718083
2022-08-17,17944.25,17944.25,17965.94921875,17833.349609375,17868.150390625,262800,0.006675923198833145,0.006653737907021656,0.09822044766055178,17153.512451171875,16390.881953125,0.102328224344995,inf,-0.028835813007055844
2022-08-18,17956.5,17956.5,17968.44921875,17852.05078125,17898.650390625,263900,0.0006826699360520383,0.0006824370229270742,0.09928955277160645,17234.3099609375,16421.6849609375,0.09889203329308693,0.004185692541856856,-0.02817282841362545
2022-08-19,17758.44921875,17758.44921875,17992.19921875,17710.75,17966.55078125,295600,-0.011029475746944017,-0.011090751389954998,0.11103860500428292,17296.18994140625,16449.7289453125,0.0749113779640429,0.12012125805229257,-0.038891572632858584
2022-08-22,17490.69921875,17490.69921875,17690.05078125,17467.349609375,17682.900390625,287600,-0.0150773300473388,-0.015192148554208883,0.12929490248156764,17340.46240234375,16469.9809375,0.05332345003839145,-0.02706359945872805,-0.053382521603551725
2022-08-23,17577.5,17577.5,17625.55078125,17345.19921875,17357.349609375,285600,0.00496268217550444,0.004950408657946044,0.12863874214467783,17383.36494140625,16497.49494140625,0.0513205172026685,-0.006954102920723182,-0.04868475991649268
2022-08-24,17604.94921875,17604.94921875,17623.650390625,17499.25,17525.44921875,262000,0.001561611079505143,0.001560393032835227,0.125380018034846,17432.06240234375,16534.10591796875,0.05856227639648859,-0.08263305322128855,-0.04719917549747632
2022-08-25,17522.44921875,17522.44921875,17726.5,17487.44921875,17679.0,230200,-0.004686182219266755,-0.004697196795508722,0.12098458416979098,17483.9923828125,16569.91291015625,0.06300710295150402,-0.12137404580152666,-0.051664173779762734
2022-08-26,17558.900390625,17558.900390625,17685.849609375,17519.349609375,17619.30078125,266600,0.002080255529346653,0.002078094793881999,0.11855741571010277,17529.84736328125,16607.24791015625,0.05510819540685041,0.15812337098175488,-0.049691392933590595
2022-08-29,17312.900390625,17312.900390625,17380.150390625,17166.19921875,17188.650390625,244900,-0.014009988924553851,-0.014109055185943692,0.11988693331601333,17549.01240234375,16646.29392578125,0.0226408651175507,-0.08139534883720934,-0.06300520599349912
2022-08-30,17759.30078125,17759.30078125,17777.650390625,17401.5,17414.94921875,324700,0.02578426378902554,0.025457455427431688,0.14187208602646614,17579.06494140625,16695.60994140625,0.035029841694228736,0.3258472846059617,-0.038845485055891804
2022-09-01,17542.80078125,17542.80078125,17695.599609375,17468.44921875,17485.69921875,308500,-0.012190795272107646,-0.012265712506503565,0.14610356932652147,17589.20244140625,16739.46294921875,0.01169258398131312,-0.049892208192177434,-0.05056272297243736
2022-09-02,17539.44921875,17539.44921875,17643.849609375,17476.44921875,17598.400390625,256300,-0.0001910505934481499,-0.00019106884593758132,0.14612675984026227,17598.90244140625,16777.4759375,0.011184489807867903,-0.16920583468395467,-0.05074411352765518
2022-09-05,17665.80078125,17665.80078125,17683.150390625,17540.349609375,17546.44921875,230300,0.007203850071011875,0.00717802628935595,0.14789128091098327,17612.7849609375,16822.52595703125,0.015967793260788676,-0.10144362075692548,-0.04390581644248304
2022-09-06,17655.599609375,17655.599609375,17764.650390625,17587.650390625,17695.69921875,251200,-0.0005774531254664206,-0.000577619915734608,0.14791641621960022,17626.46494140625,16864.50494140625,0.015740398652341447,0.09075119409465904,-0.04445791601701854
2022-09-07,17624.400390625,17624.400390625,17650.75,17484.30078125,17519.400390625,354100,-0.0017671004916441913,-0.0017686636555011566,0.14819117958852704,17637.8099609375,16903.00794921875,0.013042126203477444,0.4096337579617835,-0.04614645490341163
2022-09-08,17798.75,17798.75,17807.650390625,17691.94921875,17748.150390625,279800,0.009892512965589573,0.009843902383512463,0.14996578449046682,17651.49248046875,16942.341953125,0.015614769486309354,-0.2098277322790172,-0.036710446341270075
2022-09-09,17833.349609375,17833.349609375,17925.94921875,17786.0,17923.349609375,270300,0.0019439347917691308,0.0019420477956010656,0.15001952964960574,17666.4224609375,16982.00494140625,0.017029020053037636,-0.03395282344531814,-0.034837874263365154
2022-09-12,17936.349609375,17936.349609375,17980.55078125,17889.150390625,17890.849609375,228200,0.005775695663245095,0.005759080279283832,0.14937379518234262,17680.28994140625,17024.74994140625,0.01570585023925486,-0.15575286718460968,-0.029263391559419705
2022-09-13,18070.05078125,18070.05078125,18088.30078125,18015.44921875,18044.44921875,259900,0.007454201929980142,0.007426556664034913,0.15117293257858103,17698.8849609375,17070.54595703125,0.021013517368572154,0.13891323400525857,-0.022027324859279607
2022-09-14,18003.75,18003.75,18091.55078125,17771.150390625,17771.150390625,365900,-0.0036690976717561608,-0.003675845320864187,0.15024733089959,17707.8099609375,17115.5799609375,0.010013884798249606,0.40784917275875343,-0.025615602124679615
2022-09-15,17877.400390625,17877.400390625,18096.150390625,17861.5,18046.349609375,289600,-0.007017960667916379,-0.0070427023794097186,0.15067023939006224,17704.46748046875,17156.4209765625,-0.003725405596500253,-0.20852691992347638,-0.03245379350440003
2022-09-16,17530.849609375,17530.849609375,17820.05078125,17497.25,17796.80078125,468500,-0.019384853148544656,-0.019575203370476822,0.16554519687312236,17683.1849609375,17190.8209765625,-0.02370452987079885,0.6177486187845305,-0.0512095346317486
2022-09-19,17622.25,17622.25,17667.19921875,17429.69921875,17540.650390625,258300,0.0052136885924867205,0.005200144374609497,0.16271074808873173,17676.375,17223.46998046875,-0.00766954462477476,-0.44866595517609387,-0.046262836605798
2022-09-20,17816.25,17816.25,17919.30078125,17744.400390625,17770.400390625,263100,0.011008809885230342,0.010948654031257964,0.15753507341822265,17692.6525390625,17257.13697265625,0.018612793987161425,0.018583042973286945,-0.035763325493512355
2022-09-21,17718.349609375,17718.349609375,17838.69921875,17663.599609375,17766.349609375,245500,-0.005495005437451739,-0.005510158516157929,0.15836115203691312,17699.69501953125,17287.09197265625,0.008013062686673234,-0.06689471683770432,-0.04106181126291586
2022-09-22,17629.80078125,17629.80078125,17722.75,17532.44921875,17609.650390625,284100,-0.004997577656902563,-0.005010107310831895,0.15943589415352655,17700.93759765625,17315.36798828125,0.0014116236401029436,0.1572301425661915,-0.045854179329298916
2022-09-23,17327.349609375,17327.349609375,17642.150390625,17291.650390625,17593.849609375,390800,-0.017155677232420508,-0.01730454089090743,0.1703436733715176,17691.1826171875,17340.748984375,-0.011134265931627474,0.3755719816965857,-0.06222319706138846
2022-09-26,17016.30078125,17016.30078125,17196.400390625,16978.30078125,17156.30078125,492000,-0.017951321762256445,-0.018114401349380974,0.18094609852568272,17664.05263671875,17361.7419921875,-0.030901685031751946,0.2589559877175025,-0.0790575301921197
2022-09-27,17007.400390625,17007.400390625,17176.44921875,16942.349609375,17110.900390625,359900,-0.0005230508522044985,-0.0005231876910193474,0.1747801153935098,17648.77763671875,17383.1169921875,-0.0176458012873123,-0.26849593495934965,-0.07953922993578388
2022-09-28,16858.599609375,16858.599609375,17037.599609375,16820.400390625,16870.55078125,323900,-0.00874917846539458,-0.008787677246935572,0.14625446594246447,17603.742578125,17399.30498046875,-0.050717152829910184,-0.10002778549597113,-0.0875925054834703
2022-09-29,16818.099609375,16818.099609375,17026.05078125,16788.599609375,16993.599609375,340000,-0.0024023347691036756,-0.0024052250050792126,0.14173180264087454,17567.50751953125,17410.09697265625,-0.041310460109059144,0.04970669959864149,-0.08978441373113821
2022-09-30,17094.349609375,17094.349609375,17187.099609375,16747.69921875,16798.05078125,376100,0.01642575596626905,0.016292312526781774,0.15604526492590193,17545.2525390625,17425.17296875,-0.025377057387821478,0.10617647058823532,-0.0748334346343913
2022-10-03,16887.349609375,16887.349609375,17114.650390625,16855.55078125,17102.099609375,278400,-0.012109264448790458,-0.012183178897324074,0.15724739130213036,17506.32998046875,17432.50296875,-0.04406543363158644,-0.25977133741026326,-0.08603652123358263
2022-10-04,17274.30078125,17274.30078125,17287.30078125,17117.30078125,17147.44921875,226000,0.02291367093271912,0.022655095268550494,0.18044496600167478,17487.2650390625,17445.883984375,-0.021596481374811738,-0.18821839080459768,-0.0650942628366058
2022-10-06,17331.80078125,17331.80078125,17428.80078125,17315.650390625,17379.25,265500,0.0033286441360573793,0.0033231164632058175,0.18109559688672722,17472.63505859375,17458.131015625,-0.016601961081787686,0.1747787610619469,-0.061982294336830446
2022-10-07,17314.650390625,17314.650390625,17337.349609375,17216.94921875,17287.19921875,216300,-0.0009895331040011834,-0.0009900230150986376,0.17664933090271082,17448.430078125,17471.8040234375,-0.02719851727649414,-0.18531073446327684,-0.06291049390872339
2022-10-10,17241.0,17241.0,17280.150390625,17064.69921875,17094.349609375,234000,-0.00425364584114718,-0.004262718329192525,0.17647522295265092,17418.81259765625,17486.94703125,-0.033215835630991175,0.08183079056865461,-0.06689654078909124
2022-10-11,16983.55078125,16983.55078125,17261.80078125,16950.30078125,17256.05078125,282600,-0.014932383199930399,-0.015044993668578569,0.18024050619510956,17371.17265625,17493.78203125,-0.053121111534701004,0.20769230769230762,-0.08082999920720912
2022-10-12,17123.599609375,17123.599609375,17142.349609375,16960.05078125,17025.55078125,256000,0.008246145339619648,0.008212331644389038,0.18084828899973063,17323.85009765625,17497.66203125,-0.05237678539658919,-0.09412597310686488,-0.07325038978885334
2022-10-13,17014.349609375,17014.349609375,17112.349609375,16956.94921875,17087.349609375,266400,-0.006380083772817624,-0.0064005234917517235,0.18130334568645554,17274.380078125,17494.7840234375,-0.05495523935985558,0.04062499999999991,-0.07916312993842656
2022-10-14,17185.69921875,17185.69921875,17348.55078125,17169.75,17322.30078125,227000,0.010070888003887335,0.010020514532698735,0.1860938509286462,17239.79501953125,17491.6969921875,-0.03869137328477201,-0.14789789789789787,-0.06988948495018632
2022-10-17,17311.80078125,17311.80078125,17328.55078125,17098.55078125,17144.80078125,212200,0.007337586960815656,0.007310797834822186,0.1765934802756341,17228.842578125,17491.0240234375,-0.012495049185058282,-0.06519823788546253,-0.0630647181628392
2022-10-18,17486.94921875,17486.94921875,17527.80078125,17434.05078125,17438.75,239500,0.010117285874136073,0.010066448739082915,0.17954401261087505,17222.0775390625,17493.0,-0.007677838031465933,0.1286522148916116,-0.05358547607092834
2022-10-19,17512.25,17512.25,17607.599609375,17472.849609375,17568.150390625,210500,0.0014468379208691928,0.0014457922593648584,0.17469073363277993,17206.8775390625,17495.605,-0.01706307444046873,-0.12108559498956162,-0.05221616764884651
2022-10-20,17563.94921875,17563.94921875,17584.150390625,17421.0,17423.099609375,249600,0.0029521745492440132,0.0029478254394111857,0.17428435108881013,17199.15751953125,17498.933984375,-0.008714151940161785,0.18574821852731582,-0.04941814434079439
2022-10-21,17576.30078125,17576.30078125,17670.150390625,17520.75,17622.849609375,277700,0.0007032337856462956,0.0007029866326317706,0.17347433040263271,17196.48251953125,17499.9580078125,-0.003034634404768699,0.1125801282051282,-0.04874966306387252
2022-10-24,17730.75,17730.75,17777.55078125,17707.400390625,17736.349609375,45000,0.008787356376761757,0.008748972260095097,0.16368210183124665,17216.6525390625,17503.8780078125,0.02328113645301766,-0.8379546272956427,-0.04039068734970008
2022-10-25,17656.349609375,17656.349609375,17811.5,17637.0,17808.30078125,251400,-0.004196122026705051,-0.004204950452158822,0.1487326675372484,17248.65498046875,17503.825,0.03761386427949476,4.586666666666667,-0.04441732512354324
2022-10-27,17736.94921875,17736.94921875,17783.900390625,17654.5,17771.400390625,324600,0.004564907874966551,0.0045545202832827395,0.14875192749219915,17285.132421875,17504.6009765625,0.04289596360224168,0.29116945107398573,-0.04005517824581806
2022-10-28,17786.80078125,17786.80078125,17838.900390625,17723.69921875,17756.400390625,250000,0.002810605244745412,0.0028066628790527496,0.14308163747650376,17331.54248046875,17503.8319921875,0.0550580234053859,-0.2298213185459026,-0.03735715229512959
2022-10-31,18012.19921875,18012.19921875,18022.80078125,17899.900390625,17910.19921875,227200,0.012672230395564199,0.012592609626880552,0.1458887542719644,17391.2474609375,17505.1909765625,0.07100086437289077,-0.09119999999999995,-0.025158320340371576
2022-11-01,18145.400390625,18145.400390625,18175.80078125,18060.150390625,18130.69921875,349900,0.007395053222392978,0.007367843877008389,0.13871574125658,17443.8,17508.968984375,0.061485274682435254,0.5400528169014085,-0.017949314235881753
2022-11-02,18082.849609375,18082.849609375,18178.75,18048.650390625,18177.900390625,270900,-0.003447197631545107,-0.0034531529072475455,0.1291902669487428,17503.575,17515.4569921875,0.07079263636114441,-0.225778793941126,-0.021334637033905035
2022-11-03,18052.69921875,18052.69921875,18106.30078125,17959.19921875,17968.349609375,213000,-0.0016673473084335422,-0.001668738878993079,0.10832346512926329,17542.494921875,17526.6969921875,0.045061067730445936,-0.21373200442967888,-0.02296641209270367
2022-11-04,18117.150390625,18117.150390625,18135.099609375,18017.150390625,18053.400390625,267900,0.003570168155688336,0.0035638102334325083,0.10835981633967612,17581.76240234375,17537.49,0.04531263769340188,0.25774647887323954,-0.019478237890119154
2022-11-07,18202.80078125,18202.80078125,18255.5,18064.75,18211.75,314800,0.004727586225111935,0.0047164462855731094,0.10801334582778258,17626.169921875,17549.44703125,0.05129473426191078,0.17506532288167231,-0.014842736714146043
2022-11-09,18157.0,18157.0,18296.400390625,18117.5,18288.25,307200,-0.002516139235956394,-0.0025193100341803654,0.10673508430151764,17671.969921875,17562.138046875,0.05312916884171459,-0.02414231257941546,-0.017321529557886906
2022-11-10,18028.19921875,18028.19921875,18103.099609375,17969.400390625,18044.349609375,256500,-0.007093725904609771,-0.007119006002546902,0.09206832215932942,17724.20234375,17571.5240234375,0.06150942467539244,-0.1650390625,-0.024292381279564457
2022-11-11,18349.69921875,18349.69921875,18362.30078125,18259.349609375,18272.349609375,378500,0.017833173247033374,0.01767602773148285,0.10448639582782415,17785.50732421875,17592.26,0.07160291278381226,0.4756335282651072,-0.006892418276472578
2022-11-14,18329.150390625,18329.150390625,18399.44921875,18311.400390625,18376.400390625,301400,-0.0011198455015547504,-0.0011204729970374992,0.0994380451305889,17851.24736328125,17603.6569921875,0.07727599417173936,-0.20369881109643329,-0.008004545334425628
2022-11-15,18403.400390625,18403.400390625,18427.94921875,18282.0,18362.75,250900,0.004050924260950772,0.00404274135870096,0.09664052433951342,17912.132421875,17620.868984375,0.07085549190494733,-0.16755142667551426,-0.003986046880367855
2022-11-16,18409.650390625,18409.650390625,18442.150390625,18344.150390625,18398.25,219300,0.0003396111515991951,0.000339553496785159,0.09608731390664826,17967.02490234375,17638.2730078125,0.06341625710966214,-0.12594659226783578,-0.0036477894347400897
2022-11-17,18343.900390625,18343.900390625,18417.599609375,18312.94921875,18358.69921875,200500,-0.00357149639481924,-0.0035778894143715548,0.09511993877164968,18009.8724609375,17651.835,0.04900518444670454,-0.0857273141814866,-0.007206257762744084
2022-11-18,18307.650390625,18307.650390625,18394.599609375,18209.80078125,18382.94921875,198800,-0.00197613371355454,-0.001978088841936149,0.09634033301860848,18049.64248046875,17664.876015625,0.04541965713286422,-0.008478802992518686,-0.0091681509473851
2022-11-21,18159.94921875,18159.94921875,18262.30078125,18133.349609375,18246.400390625,213800,-0.008067729540576885,-0.008100449774708418,0.10298755593485695,18079.44248046875,17675.5869921875,0.033933142972410346,0.07545271629778671,-0.01716191432573133
2022-11-22,18244.19921875,18244.19921875,18261.849609375,18137.69921875,18179.150390625,177700,0.00463933015368867,0.004628601630860599,0.1034411274518356,18112.83740234375,17684.4959765625,0.03799994354969738,-0.16884939195509818,-0.012602203958669178
2022-11-23,18267.25,18267.25,18325.400390625,18246.0,18325.19921875,178800,0.0012634580983039712,0.0012626606067816233,0.10019551453169837,18139.66240234375,17693.173984375,0.030258167308207407,0.006190208216094506,-0.011354668217013253
2022-11-24,18484.099609375,18484.099609375,18529.69921875,18294.25,18326.099609375,204000,0.011870949889830174,0.011801042862214367,0.10415851327440379,18181.04990234375,17704.128984375,0.046881151444831515,0.14093959731543615,0.0
2022-11-25,18512.75,18512.75,18534.900390625,18445.099609375,18528.44921875,205900,0.0015500019600884762,0.0015488019469054911,0.10383803931569031,18219.83994140625,17712.98296875,0.04373924577908195,0.009313725490196045,0.0
2022-11-28,18562.75,18562.75,18614.25,18365.599609375,18430.55078125,206500,0.0027008413120686026,0.0026972005940332764,0.10382945172865522,18258.63740234375,17724.16296875,0.04362500194908403,0.0029140359397765714,0.0
2022-11-29,18618.05078125,18618.05078125,18678.099609375,18552.150390625,18552.44921875,195300,0.00297912654375021,0.0029746977400658824,0.09632281496166277,18288.92998046875,17738.9759765625,0.03363562412019805,-0.05423728813559325,0.0
2022-11-30,18758.349609375,18758.349609375,18816.05078125,18616.55078125,18625.69921875,345600,0.007535634625419174,0.007507383568474861,0.09643380753479865,18319.57744140625,17763.5259765625,0.0337798673798726,0.7695852534562213,0.0
2022-12-01,18812.5,18812.5,18887.599609375,18778.19921875,18871.94921875,325000,0.002886735334004964,0.0028825767148602448,0.09458193994836211,18356.0599609375,17787.3309765625,0.04035040971898107,-0.05960648148148151,0.0
2022-12-02,18696.099609375,18696.099609375,18781.94921875,18639.19921875,18752.400390625,254400,-0.006187396179402005,-0.006206617442539312,0.09820469432482441,18388.22998046875,17804.92796875,0.035640121337464414,-0.21723076923076923,-0.006187396179402005
2022-12-05,18701.05078125,18701.05078125,18728.599609375,18591.349609375,18719.55078125,288400,0.00026482378562620035,0.0002647887259970962,0.09809512082703563,18417.425,17824.5819921875,0.03222915182771513,0.13364779874213828,-0.00592421096345519
2022-12-06,18642.75,18642.75,18654.900390625,18577.900390625,18600.650390625,217800,-0.0031175136590962937,-0.0031223832280691255,0.09872165432661008,18439.4224609375,17844.8409765625,0.02416931460367211,-0.2447988904299584,-0.009023255813953468
2022-12-07,18560.5,18560.5,18668.30078125,18528.400390625,18638.849609375,200500,-0.004411902750398933,-0.004421663914122268,0.09989470046795029,18459.5974609375,17869.503984375,0.022222834168640127,-0.07943067033976126,-0.013395348837209275
2022-12-08,18609.349609375,18609.349609375,18625.0,18536.94921875,18570.849609375,202800,0.002631912360927746,0.0026284549446723396,0.09513799945814105,18488.65498046875,17901.3649609375,0.032235631721918345,0.011471321695760706,-0.010798691860465115
2022-12-09,18496.599609375,18496.599609375,18664.69921875,18410.099609375,18662.400390625,215800,-0.006058782405979346,-0.006077211303593385,0.07760466921249067,18496.0,17931.1489453125,0.008005602101362808,0.0641025641025641,-0.01679204734219264
2022-12-12,18497.150390625,18497.150390625,18521.55078125,18345.69921875,18402.150390625,193900,2.977743269738653e-05,2.977698935843848e-05,0.07741319654308434,18504.4,17963.9199609375,0.009165727620737307,-0.10148285449490269,-0.016762769933554855
2022-12-13,18608.0,18608.0,18617.25,18490.19921875,18524.400390625,187600,0.0059927938646799905,0.005974908495510217,0.07889020376539936,18514.62998046875,17999.71796875,0.01111748943305213,-0.032490974729241895,-0.010870431893687749
2022-12-14,18660.30078125,18660.30078125,18696.099609375,18632.900390625,18671.25,208000,0.002810661073194387,0.002806718551028224,0.07928683929842321,18527.1625,18031.0369921875,0.013615162988246832,0.10874200426439229,-0.008090323920265763
2022-12-15,18414.900390625,18414.900390625,18652.900390625,18387.69921875,18614.400390625,183100,-0.013150934355333654,-0.01323817358829901,0.09247895775502948,18530.7125,18061.5880078125,0.0038704963768929623,-0.11971153846153848,-0.021134862956810663
2022-12-16,18269.0,18269.0,18440.94921875,18255.150390625,18319.099609375,277700,-0.00792295301794177,-0.007954506384605002,0.09667787099299141,18528.77998046875,18081.4819921875,-0.0021111606241286385,0.5166575641725832,-0.028890365448504984
2022-12-19,18420.44921875,18420.44921875,18431.650390625,18244.55078125,18288.099609375,154800,0.008289956688926514,0.008255783729645224,0.09617038458825901,18541.80498046875,18103.2549609375,0.014344753768971819,-0.4425639178970112,-0.020839908637873772
2022-12-20,18385.30078125,18385.30078125,18404.900390625,18202.650390625,18340.30078125,169000,-0.0019081205394395617,-0.0019099433205291773,0.09543657981920024,18548.86005859375,18124.66796875,0.007734050741727616,0.09173126614987082,-0.022708264119601362
2022-12-21,18199.099609375,18199.099609375,18473.349609375,18162.75,18435.150390625,187600,-0.01012771964355863,-0.01017935391694218,0.10242759115148692,18545.4525390625,18143.8299609375,-0.003730741661990722,0.11005917159763312,-0.03260600083056475
2022-12-22,18127.349609375,18127.349609375,18318.75,18068.599609375,18288.80078125,195700,-0.003942502735851727,-0.0039502948868902,0.09278294052733137,18527.6150390625,18166.7059375,-0.019300372078662642,0.0431769722814499,-0.036419954318936854
2022-12-23,17806.80078125,17806.80078125,18050.44921875,17779.5,17977.650390625,221500,-0.01768316025411787,-0.01784137526808462,0.10976417046379094,18492.317578125,18180.3699609375,-0.038133136284452585,0.13183444047010728,-0.053459094684385366
2022-12-26,18014.599609375,18014.599609375,18084.099609375,17774.25,17830.400390625,176700,0.011669632893506865,0.01160206785899442,0.11892693301448985,18464.91005859375,18200.3749609375,-0.029529589668826017,-0.20225733634311516,-0.04241330980066449
2022-12-27,18132.30078125,18132.30078125,18149.25,17967.44921875,18089.80078125,214300,0.006533654614990558,0.006512402811413872,0.12133055866247475,18440.62255859375,18219.3069921875,-0.02609027151699428,0.21279003961516696,-0.03615676910299004
2022-12-28,18122.5,18122.5,18173.099609375,18068.349609375,18084.75,193900,-0.0005405150382313817,-0.0005406611691443354,0.1168431182004554,18408.830078125,18235.5209765625,-0.033896884460305476,-0.0951936537564162,-0.03667774086378739
2022-12-29,18191.0,18191.0,18229.69921875,17992.80078125,18045.69921875,281100,0.00377983170092433,0.0037727060871833766,0.11735021516550259,18377.755078125,18249.6019921875,-0.03303654485049834,0.4497163486333162,-0.03303654485049834
2022-12-30,18105.30078125,18105.30078125,18265.25,18080.30078125,18259.099609375,192000,-0.00471107793689185,-0.004722210041123311,0.11670726854795647,18348.21513671875,18261.4630078125,-0.031600111278223486,-0.31696905016008536,-0.037591985049833854
2023-01-02,18197.44921875,18197.44921875,18215.150390625,18086.5,18131.69921875,256100,0.005089583355357918,0.005076675205536103,0.11895821897460028,18323.03505859375,18274.1330078125,-0.026929051655478098,0.33385416666666656,-0.03269372923588043
2023-01-03,18232.55078125,18232.55078125,18251.94921875,18149.80078125,18163.19921875,208700,0.00192892762485819,0.001927069632871597,0.11931855841196283,18302.52509765625,18287.2580078125,-0.022003149682852552,-0.18508395158141355,-0.03082786544850502
2023-01-04,18042.94921875,18042.94921875,18243.0,18020.599609375,18230.650390625,235200,-0.010399069487028845,-0.010453517612292944,0.12338894799310406,18276.64755859375,18293.5019921875,-0.027884527962608763,0.1269765213224725,-0.04090635382059804
2023-01-05,17992.150390625,17992.150390625,18120.30078125,17892.599609375,18101.94921875,269900,-0.0028154392892826285,-0.0028194100932680756,0.1225340911693213,18245.78759765625,18300.2180078125,-0.033166082195536184,0.14753401360544216,-0.04360662375415281
2023-01-06,17859.44921875,17859.44921875,18047.400390625,17795.55078125,18008.05078125,238200,-0.007375503705446151,-0.0074028372147649955,0.1232523536392987,18213.930078125,18302.6680078125,-0.034446893163112,-0.11745090774360878,-0.050660506644518266
2023-01-09,18101.19921875,18101.19921875,18141.400390625,17936.150390625,17952.55078125,257200,0.013536251708490266,0.01344545509952314,0.13451106458213513,18194.13251953125,18308.9559765625,-0.021406063286141697,0.07976490344248521,-0.037810008305647846
2023-01-10,17914.150390625,17914.150390625,18127.599609375,17856.0,18121.30078125,283300,-0.010333504750958511,-0.010387266093937284,0.1356600284230922,18159.4400390625,18306.995,-0.037287704717057224,0.1014774494556765,-0.04775280315614616
2023-01-11,17895.69921875,17895.69921875,17976.349609375,17824.349609375,17924.25,259900,-0.0010299775022909463,-0.0010305082936186098,0.1345737014822192,18121.2099609375,18302.0009765625,-0.04097477160005247,-0.08259795270031767,-0.048733596345514996
2023-01-12,17858.19921875,17858.19921875,17945.80078125,17761.650390625,17920.849609375,227800,-0.00209547554088918,-0.0020976741216788596,0.12798424931105154,18093.37490234375,18297.50796875,-0.03023101727763977,-0.12350904193920742,-0.05072695182724252
2023-01-13,17956.599609375,17956.599609375,17999.349609375,17774.25,17867.5,256700,0.005510095918388247,0.0054949708747303715,0.1279408467494519,18077.7548828125,18295.5859765625,-0.017100026855602413,0.12686567164179108,-0.04549636627906972
2023-01-16,17894.849609375,17894.849609375,18049.650390625,17853.650390625,18033.150390625,206200,-0.003438847072569362,-0.0034447734977776498,0.12354677134660269,18051.47490234375,18291.1399609375,-0.028533484885916782,-0.19672769770159715,-0.04877875830564782
2023-01-17,18053.30078125,18053.30078125,18072.05078125,17886.94921875,17922.80078125,219100,0.008854568511824201,0.008815596703469526,0.12876988224818203,18034.87490234375,18288.1499609375,-0.01805790418933939,0.062560620756547,-0.040356104651162794
2023-01-18,18165.349609375,18165.349609375,18183.75,18032.44921875,18074.30078125,255800,0.006206556323560042,0.00618737497867869,0.12622622252572602,18033.18740234375,18288.316953125,-0.0018544873496166847,0.1675034230944774,-0.03440002076411963
2023-01-19,18107.849609375,18107.849609375,18155.19921875,18063.75,18119.80078125,237800,-0.003165367099256078,-0.0031703874707042848,0.12594014198740175,18032.21240234375,18289.9099609375,-0.0010757226191475677,-0.07036747458952308,-0.037456499169435165
2023-01-20,18027.650390625,18027.650390625,18145.44921875,18016.19921875,18115.599609375,237200,-0.004428975305189153,-0.004438812272184146,0.10862963003366187,18043.2548828125,18283.468984375,0.012402542831138286,-0.002523128679562614,-0.04171958056478409
2023-01-23,18118.55078125,18118.55078125,18162.599609375,18063.44921875,18118.44921875,202500,0.005042276095628795,0.005029606393094338,0.10212438666179352,18048.45244140625,18279.2569921875,0.0057703848061603225,-0.14629005059021927,-0.036887666112956796
2023-01-24,18118.30078125,18118.30078125,18201.25,18078.650390625,18183.94921875,216900,-1.3798013043020418e-05,-1.379810823647804e-05,0.09944065020713856,18047.75244140625,18273.555,-0.0007721027887689358,0.07111111111111112,-0.036900955149501646
2023-01-25,17891.94921875,17891.94921875,18100.599609375,17846.150390625,18093.349609375,257200,-0.01249297962501228,-0.012571672991636754,0.1089607893479649,18036.22490234375,18263.2009765625,-0.012721797834184034,0.18579990779160904,-0.04893293189368775
2023-01-27,17604.349609375,17604.349609375,17884.75,17493.55078125,17877.19921875,476300,-0.016074246906178757,-0.016204838949638832,0.12067569744074816,18006.8923828125,18248.4099609375,-0.03224948549420048,0.8518662519440123,-0.06422061877076413
2023-01-30,17648.94921875,17648.94921875,17709.150390625,17405.55078125,17541.94921875,432400,0.0025334426073457816,0.002530238851503625,0.12096370487080477,17984.0748046875,18235.2359375,-0.025205411830142133,-0.09216880117572956,-0.06184987541528242
2023-01-31,17662.150390625,17662.150390625,17735.69921875,17537.55078125,17731.44921875,398300,0.0007479862801675896,0.0007477066778470427,0.118906706597406,17957.30986328125,18225.2799609375,-0.02941614627908662,-0.07886216466234963,-0.06114815199335544
2023-02-01,17616.30078125,17616.30078125,17972.19921875,17353.400390625,17811.599609375,512900,-0.0025959245256645946,-0.0025992997802722563,0.11826380881881822,17926.49736328125,18212.7219921875,-0.03379943966116572,0.2877228219934722,-0.06358534053156151
2023-02-02,17610.400390625,17610.400390625,17653.900390625,17445.94921875,17517.099609375,490100,-0.0003349392530399564,-0.00033499535771969267,0.11371903104901443,17904.869921875,18199.585,-0.023973288561689232,-0.044453109767986,-0.06389898255813953
2023-02-03,17854.05078125,17854.05078125,17870.30078125,17584.19921875,17721.75,424100,0.013835596307890219,0.013740758205234283,0.12522733061761873,17897.96494140625,18186.9840234375,-0.0076755477459191646,-0.13466639461334418,-0.05094746677740869
2023-02-06,17764.599609375,17764.599609375,17823.69921875,17698.349609375,17818.55078125,282500,-0.005010133160870178,-0.005022725956678951,0.12373440702257202,17893.2224609375,18172.021015625,-0.005310892190080629,-0.3338835180381985,-0.055702346345514964
2023-02-07,17721.5,17721.5,17811.150390625,17652.55078125,17790.099609375,354400,-0.0024261514654264627,-0.0024290993398515346,0.11274534153529885,17874.2375,18155.196015625,-0.020976467589876147,0.25451327433628324,-0.05799335548172757
2023-02-08,17871.69921875,17871.69921875,17898.69921875,17744.150390625,17750.30078125,291000,0.008475536424681795,0.00843982073038998,0.11189069513871513,17872.11494140625,18140.268984375,-0.002369700541155262,-0.17889390519187354,-0.05000934385382061
2023-02-09,17893.44921875,17893.44921875,17916.900390625,17779.80078125,17885.5,260900,0.0012170079483646568,0.0012162679944837883,0.11193205745723546,17872.00244140625,18122.9709765625,-0.0001257285324532953,-0.10343642611683845,-0.04885319767441865
2023-02-10,17856.5,17856.5,17876.94921875,17801.0,17847.55078125,232000,-0.0020649578680046465,-0.00206709283308457,0.11192453135167404,17871.91748046875,18103.8509765625,-9.515062124609841e-05,-0.1107704101188195,-0.05081727574750827
2023-02-13,17770.900390625,17770.900390625,17880.69921875,17719.75,17859.099609375,231300,-0.00479375070002519,-0.0048052775756446476,0.11118102947432988,17862.63251953125,18085.3469921875,-0.010341558134038253,-0.0030172413793103647,-0.055367421096345515
2023-02-14,17929.849609375,17929.849609375,17954.55078125,17800.05078125,17840.349609375,244500,0.0089443537049958,0.008904589905162998,0.11543233950978923,17864.38251953125,18069.92296875,0.00195587002763431,0.05706874189364464,-0.0469182931893688
2023-02-15,18015.849609375,18015.849609375,18034.099609375,17853.80078125,17896.599609375,229300,0.004796470794436125,0.004785004379327248,0.1122373867160219,17862.5099609375,18057.3849609375,-0.002074477810390052,-0.06216768916155424,-0.04234686461794024
2023-02-16,18035.849609375,18035.849609375,18134.75,18000.650390625,18094.75,230200,0.0011101336008929596,0.00110951785824931,0.10988499302857678,17856.0349609375,18046.891953125,-0.007128957206150699,0.003924989097252585,-0.041283741694352116
2023-02-17,17944.19921875,17944.19921875,18034.25,17884.599609375,17974.849609375,208100,-0.005081567689351307,-0.005094522761127012,0.11074709733858454,17847.85244140625,18033.5889453125,-0.009037538645133902,-0.09600347523892272,-0.04615552325581396
2023-02-20,17844.599609375,17844.599609375,18004.349609375,17818.400390625,17965.55078125,174600,-0.005550518480140765,-0.005565979846782634,0.11135562093875519,17838.69990234375,18020.5489453125,-0.010153890123429155,-0.16098029793368573,-0.05144985465116281
2023-02-21,17826.69921875,17826.69921875,17924.900390625,17800.30078125,17905.80078125,198200,-0.001003126492992057,-0.0010036299610954843,0.1094171430797135,17824.10732421875,18007.139921875,-0.016107886663983217,0.1351660939289805,-0.052401370431893635
2023-02-22,17554.30078125,17554.30078125,17772.5,17529.44921875,17755.349609375,204000,-0.015280363131582653,-0.015398310946496917,0.1209487412969609,17795.90732421875,17986.0659375,-0.03112874693987111,0.029263370332996974,-0.06688102159468434
2023-02-23,17511.25,17511.25,17620.05078125,17455.400390625,17574.650390625,240800,-0.002452434977984641,-0.0024554471223785586,0.11388063624753358,17776.87236328125,17963.084921875,-0.021277682721737357,0.18039215686274512,-0.06916943521594687
2023-02-24,17465.80078125,17465.80078125,17599.75,17421.80078125,17591.349609375,209400,-0.002595429723749043,-0.002598803690668268,0.09920113489502339,17769.944921875,17944.1029296875,-0.00787014750327486,-0.1303986710963455,-0.07158534053156151
2023-02-27,17392.69921875,17392.69921875,17451.599609375,17299.0,17428.599609375,246400,-0.004185411445805309,-0.004194194796816341,0.09944250987497608,17757.132421875,17926.5769140625,-0.014519277993488955,0.17669531996179555,-0.07547113787375415
2023-02-28,17303.94921875,17303.94921875,17440.44921875,17255.19921875,17383.25,420900,-0.0051027157362857345,-0.005115779048087727,0.10045879289759634,17739.22236328125,17904.2469140625,-0.02028072255941904,0.708198051948052,-0.08018874584717606
2023-03-01,17450.900390625,17450.900390625,17467.75,17345.25,17360.099609375,272900,0.008492348770636093,0.008456491641293511,0.10568926781422573,17730.95234375,17885.55890625,-0.009389053506684286,-0.3516274649560466,-0.07237738787375414
2023-03-02,17321.900390625,17321.900390625,17445.80078125,17306.0,17421.5,310700,-0.007392168719804415,-0.007419626196212839,0.10852168090706459,17716.52734375,17868.014921875,-0.016382364602770982,0.13851227555881285,-0.07923453073089703
2023-03-03,17594.349609375,17594.349609375,17644.75,17427.69921875,17451.25,356200,0.015728598629827895,0.015606186138582535,0.11198929416844848,17703.54228515625,17857.354921875,-0.01454578431846587,0.14644351464435146,-0.06475218023255813
2023-03-06,17711.44921875,17711.44921875,17799.94921875,17671.94921875,17680.349609375,362800,0.006655523618366965,0.006633473404126094,0.11369716601695141,17700.884765625,17855.447890625,-0.002991927304511255,0.018528916339135337,-0.05852761627906977
2023-03-08,17754.400390625,17754.400390625,17766.5,17602.25,17665.75,267000,0.0024250512391459367,0.0024221155475668,0.11371134025118586,17702.52978515625,17850.24390625,0.0018565240315435716,-0.2640573318632855,-0.056244497508305624
2023-03-09,17589.599609375,17589.599609375,17772.349609375,17573.599609375,17772.05078125,262400,-0.009282249899975281,-0.009325598438082557,0.11390076963463883,17688.4248046875,17839.3898828125,-0.015784711119076866,-0.017228464419475675,-0.06500467192691028
2023-03-10,17412.900390625,17412.900390625,17451.5,17324.349609375,17443.80078125,235900,-0.010045664635585094,-0.010096462811863625,0.11824633526244993,17664.39736328125,17825.197890625,-0.026856131663058447,-0.10099085365853655,-0.07439732142857147
2023-03-13,17154.30078125,17154.30078125,17529.900390625,17113.44921875,17421.900390625,254900,-0.014851035931626178,-0.014962416687813755,0.12774550739833013,17629.28740234375,17804.46390625,-0.0393245719345896,0.08054260279779557,-0.08814348006644523
2023-03-14,17043.30078125,17043.30078125,17224.650390625,16987.099609375,17160.55078125,290600,-0.006470680525861194,-0.006491706128142258,0.12837436464208488,17592.907421875,17783.22390625,-0.04094331707350318,0.1400549234994115,-0.09404381229235881
2023-03-15,16972.150390625,16972.150390625,17211.349609375,16938.900390625,17166.44921875,248200,-0.004174683738684903,-0.004183422059139645,0.12174215963128641,17545.0224609375,17758.7179296875,-0.053413678285915256,-0.14590502408809358,-0.09782589285714283
2023-03-16,16985.599609375,16985.599609375,17062.44921875,16850.150390625,16994.650390625,349800,0.0007924286811309411,0.0007921148752918237,0.11926659628095099,17493.5099609375,17733.77890625,-0.057185757115994273,0.4093473005640613,-0.09711098421926911
2023-03-17,17100.05078125,17100.05078125,17145.80078125,16958.150390625,17111.80078125,408100,0.006738129621978839,0.0067155298897271865,0.12338288509837257,17446.72001953125,17714.9209375,-0.05188548631712775,0.16666666666666674,-0.09102720099667772
2023-03-20,16988.400390625,16988.400390625,17066.599609375,16828.349609375,17066.599609375,241800,-0.0065292432199922645,-0.006550651968001941,0.12387063025171158,17398.930078125,17694.8459375,-0.053265058890244577,-0.40749816221514334,-0.09696210548172757
2023-03-21,17107.5,17107.5,17127.69921875,17016.0,17060.400390625,246700,0.007010642946744028,0.006986182644570191,0.12801226239634433,17362.07509765625,17679.806953125,-0.04130659277934989,0.02026468155500405,-0.0906312292358804
2023-03-22,17151.900390625,17151.900390625,17207.25,17107.849609375,17177.44921875,0,0.0025953757489405316,0.002592013577443892,0.12905614473114713,17328.33515625,17660.8209765625,-0.03785326828284907,-1.0,-0.08827107558139535
2023-03-23,17076.900390625,17076.900390625,17205.400390625,17045.30078125,17097.400390625,219200,-0.004372693304643627,-0.0043822814890137705,0.11936802841192556,17304.46513671875,17644.0759765625,-0.027195636931031664,inf,-0.0922577865448505
2023-03-24,16945.05078125,16945.05078125,17109.44921875,16917.349609375,17076.19921875,228000,-0.007720933328590696,-0.007750894050448838,0.1214632194817134,17276.15517578125,17625.0630078125,-0.03233345527874942,0.04014598540145986,-0.09926640365448502
2023-03-27,16985.69921875,16985.69921875,17091.0,16918.55078125,16984.30078125,218400,0.0023988383407489433,0.002395965721106003,0.12223366576774368,17252.15009765625,17607.6130078125,-0.027488093361021426,-0.04210526315789476,-0.09710568936877073
2023-03-28,16951.69921875,16951.69921875,17061.75,16913.75,17031.75,238800,-0.002001683861354908,-0.0020036899079230227,0.12181460969092243,17230.10009765625,17587.515,-0.025355466362839474,0.0934065934065933,-0.09891299833887046
2023-03-29,17080.69921875,17080.69921875,17126.150390625,16940.599609375,16977.30078125,345900,0.007609856589321451,0.0075810476927372725,0.12481801039582593,17218.93759765625,17571.2319921875,-0.012901679100981944,0.4484924623115578,-0.09205585548172757
2023-03-31,17359.75,17359.75,17381.599609375,17204.650390625,17210.349609375,263900,0.016337198944623932,0.016205182818433635,0.1349359356664308,17214.380078125,17557.3609765625,-0.005223248576558759,-0.23706273489447816,-0.07722259136212628
2023-04-03,17398.05078125,17398.05078125,17428.05078125,17312.75,17427.94921875,230200,0.002206297973761151,0.002203867672376198,0.13246661924733616,17218.18759765625,17542.015,0.004396191463277077,-0.12769988632057594,-0.0751866694352159
2023-04-05,17557.05078125,17557.05078125,17570.55078125,17402.69921875,17422.30078125,248300,0.009138954817361267,0.00909744726853034,0.12419582307109565,17216.32265625,17530.9990234375,-0.002119932191476104,0.07862728062554303,-0.06673484219269099
2023-04-06,17599.150390625,17599.150390625,17638.69921875,17502.849609375,17533.849609375,242700,0.002397874785437182,0.002395004471214228,0.12203777651527685,17210.70771484375,17522.4290234375,-0.006340465240197046,-0.022553362867498983,-0.06449698920265778
2023-04-10,17624.05078125,17624.05078125,17694.099609375,17597.94921875,17634.900390625,254800,0.0014148632219350699,0.0014138632460749291,0.12178974444329156,17204.190234375,17512.5390234375,-0.007341819859139287,0.049855789039967124,-0.06317338039867104
2023-04-11,17722.30078125,17722.30078125,17748.75,17655.150390625,17704.80078125,304300,0.005574768321964241,0.005559286811614234,0.11869179669570712,17210.82529296875,17504.6190234375,0.007544297472483308,0.19427001569858704,-0.057950789036544825
2023-04-12,17812.400390625,17812.400390625,17825.75,17717.25,17759.55078125,232800,0.005083967961446945,0.005071088231309614,0.11301782443341181,17230.80029296875,17503.028046875,0.022942760312066657,-0.2349654945777193,-0.05316144102990028
2023-04-13,17828.0,17828.0,17842.150390625,17729.650390625,17807.30078125,285800,0.0008757724412713497,0.0008753891763391581,0.09576577959451536,17264.48525390625,17507.5010546875,0.0392729046401219,0.2276632302405499,-0.0523322259136213
2023-04-17,17706.849609375,17706.849609375,17863.0,17574.05078125,17863.0,357400,-0.006795512150830185,-0.00681870678285114,0.09615325604405564,17297.6626953125,17508.6590625,0.0389331172782561,0.2505248425472357,-0.05877211378737546
2023-04-18,17660.150390625,17660.150390625,17766.599609375,17610.19921875,17766.599609375,258900,-0.0026373533282438855,-0.0026408372714739102,0.09500581821131848,17332.0626953125,17508.6190625,0.040536996442126494,-0.2756015668718522,-0.06125446428571424
2023-04-19,17618.75,17618.75,17666.150390625,17579.849609375,17653.349609375,281500,-0.002344283016240789,-0.0023470351496987078,0.09617564441882182,17363.72021484375,17508.668046875,0.03727571620583481,0.08729239088451135,-0.06345514950166109
2023-04-20,17624.44921875,17624.44921875,17684.44921875,17584.349609375,17638.599609375,215100,0.0003234746363958152,0.00032342232975522987,0.09453133720609665,17389.94013671875,17508.9490234375,0.030666484223251356,-0.23587921847246895,-0.06315220099667773
2023-04-21,17624.05078125,17624.05078125,17663.19921875,17553.94921875,17639.75,230200,-2.260708945023282e-05,-2.260734499433094e-05,0.08987355396398296,17421.72265625,17504.3490234375,0.037416730004537824,0.07019990701999079,-0.06317338039867104
2023-04-24,17743.400390625,17743.400390625,17754.5,17612.5,17707.55078125,255700,0.006771973756565242,0.006749146939408538,0.08969718632170966,17453.51767578125,17503.9250390625,0.03717085434020162,0.11077324066029548,-0.05682921511627903
2023-04-25,17769.25,17769.25,17807.44921875,17716.849609375,17761.55078125,297400,0.0014568576938982503,0.0014557975062981768,0.08965896025971909,17484.38515625,17504.8800390625,0.03599307338051205,0.16308173640985535,-0.05545514950166108
2023-04-26,17813.599609375,17813.599609375,17827.75,17711.19921875,17767.30078125,233000,0.0024958627615121465,0.002492753268886545,0.08667557373157167,17521.2201171875,17503.718046875,0.04314010165184534,-0.21654337592468054,-0.053097695182724225
2023-04-27,17915.05078125,17915.05078125,17931.599609375,17797.900390625,17813.099609375,241400,0.005695152810193838,0.005678996739265909,0.07919396622958143,17569.7201171875,17504.150078125,0.057243853236091935,0.036051502145922676,-0.047704941860465144
2023-04-28,18065.0,18065.0,18089.150390625,17885.30078125,17950.400390625,290300,0.008370013603697934,0.008335179280697748,0.08157893132501101,17623.68515625,17508.320078125,0.0635417339816422,0.2025683512841756,-0.03973421926910303
2023-05-02,18147.650390625,18147.650390625,18180.25,18101.75,18124.80078125,265200,0.004575166931912511,0.004564732669242972,0.07945399007108193,17683.48271484375,17515.855078125,0.07055051864961004,-0.08646228039958659,-0.0353408430232558
2023-05-03,18089.849609375,18089.849609375,18116.349609375,18042.400390625,18113.80078125,226200,-0.00318502836487633,-0.003190111363585117,0.08113339605868872,17733.940234375,17519.055078125,0.059081327860233346,-0.1470588235294118,-0.038413309800664486
2023-05-04,18255.80078125,18255.80078125,18267.44921875,18066.69921875,18081.0,226600,0.009173717607303677,0.009131894646700034,0.06863660657266084,17778.7427734375,17523.8541015625,0.05161657173922429,0.0017683465959328348,-0.029591985049833847
2023-05-05,18069.0,18069.0,18216.94921875,18055.44921875,18117.30078125,239700,-0.010232406865540389,-0.010285117822267788,0.08233962003846855,17812.290234375,17524.517109375,0.03856462009371109,0.05781112091791707,-0.03952159468438543
2023-05-08,18264.400390625,18264.400390625,18286.94921875,18100.30078125,18120.599609375,228400,0.010814123118324304,0.010756068652657526,0.08444818375744116,17847.65771484375,17530.9211328125,0.04028863493009949,-0.04714226115978304,-0.02913486295681067
2023-05-09,18265.94921875,18265.94921875,18344.19921875,18229.650390625,18303.400390625,245400,8.480038171931881e-05,8.479678637020549e-05,0.08469355808283227,17880.99765625,17539.348125,0.03788812603591363,0.07443082311733806,-0.02905253322259138
2023-05-10,18315.099609375,18315.099609375,18326.75,18211.94921875,18313.599609375,220500,0.0026908205008338015,0.0026872067245805376,0.084725318062853,17915.55009765625,17549.1161328125,0.039210555887650766,-0.10146699266503667,-0.026439887873754175
2023-05-11,18297.0,18297.0,18389.69921875,18270.400390625,18357.80078125,248900,-0.0009882342854272697,-0.0009887229108728535,0.08418450534697487,17944.28505859375,17563.9701171875,0.0324280253361926,0.12879818594104298,-0.02740199335548177
2023-05-12,18314.80078125,18314.80078125,18342.75,18194.55078125,18273.75,241700,0.0009728797753729701,0.0009724068345624825,0.08319160269602018,17969.405078125,17580.0411328125,0.028205091936369442,-0.0289272800321414,-0.026455772425249213
2023-05-15,18398.849609375,18398.849609375,18458.900390625,18287.900390625,18339.30078125,216100,0.004589120522186851,0.004578622613795238,0.08392267017695533,17997.94755859375,17598.702109375,0.03201983449489565,-0.10591642532064538,-0.021988060631229267
2023-05-16,18286.5,18286.5,18432.349609375,18264.349609375,18432.349609375,219500,-0.006106338807060685,-0.0061250587396132535,0.08303383034463843,18026.930078125,17616.578125,0.0327359413680286,0.01573345673299409,-0.027960132890365474
2023-05-17,18181.75,18181.75,18309.0,18115.349609375,18300.44921875,229900,-0.005728269488420423,-0.005744738948538704,0.08582568652132118,18053.01005859375,17634.134140625,0.029535400199756756,0.04738041002277904,-0.033528239202657795
2023-05-18,18129.94921875,18129.94921875,18297.19921875,18104.849609375,18287.5,272100,-0.002849053652701161,-0.0028531199312594804,0.08614128738233337,18078.57001953125,17647.7151171875,0.029014499822632045,0.18355806872553293,-0.03628176910299008
2023-05-19,18203.400390625,18203.400390625,18218.099609375,18060.400390625,18186.150390625,260900,0.0040513721791914925,0.004043187469679982,0.08651859752733461,18107.517578125,17665.3451171875,0.03284931998096563,-0.041161337743476634,-0.032377387873754104
2023-05-22,18314.400390625,18314.400390625,18335.25,18178.849609375,18201.099609375,262600,0.006097761825706316,0.0060792457091855085,0.08768901598271689,18142.03505859375,17679.7461328125,0.039170881765130616,0.006515906477577715,-0.02647705564784053
2023-05-23,18348.0,18348.0,18419.75,18324.19921875,18362.900390625,270400,0.001834600568861644,0.0018329197446846867,0.08581539196945538,18172.2650390625,17692.4771484375,0.03407461907326681,0.02970297029702973,-0.02469102990033223
2023-05-24,18285.400390625,18285.400390625,18392.599609375,18262.94921875,18294.80078125,232600,-0.0034117947119577385,-0.003417628155656871,0.08770357483121147,18198.07255859375,17703.0971484375,0.029047393144055134,-0.139792899408284,-0.028018583887043147
2023-05-25,18321.150390625,18321.150390625,18338.099609375,18202.400390625,18268.900390625,235900,0.001955111686716471,0.0019532029433287895,0.0876378835852342,18223.45009765625,17717.7281640625,0.028492320046470843,0.014187446259673164,-0.026118251661129577
2023-05-26,18499.349609375,18499.349609375,18508.55078125,18333.150390625,18368.349609375,198700,0.009726420827874671,0.009679423693686186,0.09129959290282202,18252.6650390625,17739.4571484375,0.032614969126212534,-0.15769393810936838,-0.016645867940199288
2023-05-29,18598.650390625,18598.650390625,18641.19921875,18581.25,18619.150390625,265300,0.005367798508963517,0.005353443226476252,0.08896795461663519,18279.34755859375,17768.344140625,0.02954056964433982,0.33517866129843976,-0.011367421096345476
2023-05-30,18633.849609375,18633.849609375,18662.44921875,18575.5,18606.650390625,234400,0.0018925684396833287,0.0018907797884415813,0.08823184471213041,18303.65751953125,17800.1551171875,0.026791304013723316,-0.11647191858273653,-0.009496366279069801
2023-05-31,18534.400390625,18534.400390625,18603.900390625,18483.849609375,18594.19921875,696500,-0.0053370195013254795,-0.005351312266430236,0.09001322187026024,18325.88505859375,17831.4001171875,0.02457459795683503,1.9714163822525599,-0.014782703488372073
2023-06-01,18487.75,18487.75,18580.30078125,18464.55078125,18579.400390625,265600,-0.0025169624936233204,-0.0025201353688439534,0.08582386117272565,18337.48251953125,17861.443125,0.012705507774177116,-0.618664752333094,-0.017262458471760778
2023-06-02,18534.099609375,18534.099609375,18573.69921875,18478.400390625,18550.849609375,270900,0.002507044360454902,0.002503906967370625,0.07565210884493151,18360.7375,17890.1241015625,0.025740196434500984,0.019954819277108404,-0.014798691860465119
2023-06-05,18593.849609375,18593.849609375,18640.150390625,18582.80078125,18612.0,256100,0.003223787573137793,0.0032186023111129003,0.06739865900990713,18377.2099609375,17922.2330859375,0.018037779051268688,-0.054632705795496506,-0.011622612126245824
2023-06-06,18599.0,18599.0,18622.75,18531.599609375,18600.80078125,220800,0.00027699431442118616,0.00027695595857881204,0.06737151118465917,18393.8625,17952.0630859375,0.018233423144969896,-0.1378367825068333,-0.011348837209302354
2023-06-07,18726.400390625,18726.400390625,18738.94921875,18636.0,18665.599609375,260100,0.006849851638528914,0.006826497990157328,0.0703609356499553,18414.4275390625,17983.5530859375,0.02245692297733748,0.1779891304347827,-0.004576723421926943
2023-06-08,18634.55078125,18634.55078125,18777.900390625,18615.599609375,18725.349609375,286500,-0.0049048192636628185,-0.004916887367083021,0.07323807616672025,18431.305078125,18014.70609375,0.018448422214024207,0.10149942329873118,-0.009459094684385327
2023-06-09,18563.400390625,18563.400390625,18676.650390625,18555.400390625,18655.900390625,221800,-0.00381819725413457,-0.003825505177262602,0.07514276945620649,18443.73505859375,18047.0730859375,0.013573699891374469,-0.2258289703315881,-0.013241175249169457
2023-06-12,18601.5,18601.5,18633.599609375,18559.75,18595.05078125,179500,0.0020524046550352004,0.0020503013499982166,0.07392642755181529,18453.867578125,18079.3891015625,0.011014296813521396,-0.19071235347159599,-0.011215946843853852
2023-06-13,18716.150390625,18716.150390625,18728.900390625,18631.80078125,18631.80078125,233200,0.0061635024393194016,0.00614458574708609,0.07204303883913739,18475.35009765625,18114.678125,0.023495496165203855,0.2991643454038997,-0.005121573920265798
2023-06-14,18755.900390625,18755.900390625,18769.69921875,18690.0,18744.599609375,261400,0.0021238341844009856,0.002121582036807868,0.06729675610713275,18504.0576171875,18148.1821484375,0.031578389903337056,0.12092624356775294,-0.003008617109634515
2023-06-15,18688.099609375,18688.099609375,18794.099609375,18669.05078125,18774.44921875,263000,-0.0036149041015322014,-0.0036214536561356998,0.06801561329768784,18531.96513671875,18174.749140625,0.03078609784785069,0.006120887528691554,-0.0066126453488372094
2023-06-16,18826.0,18826.0,18864.69921875,18710.5,18723.30078125,272800,0.0073790483520230765,0.007351956368470602,0.07061069449074055,18563.0951171875,18203.308125,0.03420237955627492,0.03726235741444861,0.0
2023-06-19,18755.44921875,18755.44921875,18881.44921875,18719.150390625,18873.30078125,219800,-0.0037475183921172883,-0.003754557931873424,0.07111378834414943,18585.14755859375,18227.27609375,0.024082078512970062,-0.19428152492668627,-0.0037475183921172883
2023-06-20,18816.69921875,18816.69921875,18839.69921875,18660.650390625,18752.349609375,211600,0.003265717567498605,0.0032603966930515953,0.07146465343256292,18608.58251953125,18251.6270703125,0.025544975951057314,-0.03730664240218384,-0.0004940391612663353
2023-06-21,18856.849609375,18856.849609375,18875.900390625,18794.849609375,18849.400390625,217500,0.0021337637466720683,0.0021314905059401927,0.06932871823939442,18637.15498046875,18276.283046875,0.03125166562078596,0.027882797731568987,0.0
2023-06-22,18771.25,18771.25,18886.599609375,18759.5,18853.599609375,252700,-0.004539443817404343,-0.004549778379793411,0.07257962212570027,18659.6599609375,18297.26203125,0.02456721329056477,0.16183908045977002,-0.004539443817404343
2023-06-23,18665.5,18665.5,18756.400390625,18647.099609375,18741.849609375,210600,-0.005633615236065759,-0.005649543898520234,0.06918163164526349,18667.96748046875,18314.3240234375,0.008981417948920711,-0.1666007123070835,-0.01014748557361711
2023-06-26,18691.19921875,18691.19921875,18722.05078125,18646.69921875,18682.349609375,171300,0.0013768299134766515,0.0013758829522746805,0.06684138421943514,18672.594921875,18331.5880078125,0.004976104511951629,-0.18660968660968658,-0.008784627021824698
2023-06-27,18817.400390625,18817.400390625,18829.25,18714.25,18748.55078125,222500,0.00675190341711196,0.006729211402828641,0.07052348270180575,18681.7724609375,18353.7990234375,0.00985039511951702,0.29889083479276124,-0.002092036557919341
2023-06-28,18972.099609375,18972.099609375,19011.25,18861.349609375,18908.150390625,398800,0.00822107281232487,0.008187463868637099,0.07200881745669306,18703.657421875,18380.0380078125,0.023615504657566122,0.7923595505617977,0.0
2023-06-30,19189.05078125,19189.05078125,19201.69921875,19024.599609375,19076.849609375,247900,0.01143527476356887,0.011370386219451868,0.07910626352847756,18738.7224609375,18411.4440234375,0.03793326831280175,-0.37838515546639917,0.0
2023-07-03,19322.55078125,19322.55078125,19345.099609375,19234.400390625,19246.5,226100,0.00695709243369369,0.006933003527425256,0.08111991068181425,18778.14501953125,18445.4060546875,0.04254057054253568,-0.08793868495361035,0.0
2023-07-04,19389.0,19389.0,19434.150390625,19300.0,19406.599609375,226900,0.003438946519135566,0.0034330468644171055,0.08116328577576888,18817.9025390625,18480.7050390625,0.04276416166257935,0.0035382574082265528,0.0
2023-07-05,19398.5,19398.5,19421.599609375,19339.599609375,19405.94921875,224400,0.0004899685388621844,0.0004898485434720244,0.08110357649366853,18857.8775390625,18513.80703125,0.04298618205279858,-0.011018069634200045,0.0
2023-07-06,19497.30078125,19497.30078125,19512.19921875,19373.0,19385.69921875,268300,0.00509321758125636,0.005080291021865595,0.07998425292767562,18896.42255859375,18548.368046875,0.041166501545643275,0.19563279857397498,0.0
2023-07-07,19331.80078125,19331.80078125,19523.599609375,19303.599609375,19422.80078125,237100,-0.00848835445771845,-0.008524585713268293,0.08500029294349924,18931.28505859375,18578.7320703125,0.03741705438381526,-0.11628773760715616,-0.00848835445771845
2023-07-10,19355.900390625,19355.900390625,19435.849609375,19327.099609375,19400.349609375,268200,0.0012466303397029588,0.0012458539412885826,0.08238567769815788,18970.91005859375,18607.5490625,0.042691531902755875,0.1311682834247152,-0.007252305958216576
2023-07-11,19439.400390625,19439.400390625,19515.099609375,19406.44921875,19427.099609375,251300,0.004313930032438185,0.004304651710725516,0.08275895262423234,19012.805078125,18635.0370703125,0.04504477545493635,-0.06301267710663683,-0.0029696618662559127
2023-07-12,19384.30078125,19384.30078125,19507.69921875,19361.75,19497.44921875,327900,-0.002834429471475497,-0.00283845407345589,0.08322601546443571,19046.21259765625,18659.770078125,0.035699135595730125,0.3048149621965779,-0.005795674040617427
2023-07-13,19413.75,19413.75,19567.0,19385.80078125,19495.19921875,310400,0.0015192303855748879,0.0015180775225879406,0.08321821685079953,19079.105078125,18686.2480859375,0.035074275064065796,-0.05336992985666367,-0.004285248619149806
2023-07-14,19564.5,19564.5,19595.349609375,19433.5,19493.44921875,291200,0.007765114931427508,0.007735121594226721,0.08330732957886665,19122.92509765625,18712.4220703125,0.046896175049567335,-0.061855670103092786,0.0
2023-07-17,19711.44921875,19711.44921875,19731.849609375,19562.94921875,19612.150390625,268700,0.007511013251041421,0.007482946045497489,0.08341409252122065,19167.19755859375,18745.2710546875,0.047033316623287025,-0.07726648351648346,0.0
2023-07-18,19749.25,19749.25,19819.44921875,19690.19921875,19787.5,286400,0.001917706853032497,0.0019158704007220429,0.08032834835520349,19216.88759765625,18774.968046875,0.05298730889668524,0.06587272050614068,0.0
2023-07-19,19833.150390625,19833.150390625,19851.69921875,19727.44921875,19802.94921875,259700,0.004248282371482448,0.00423928389630214,0.08051300519810724,19267.71015625,18806.3120703125,0.054018569360037016,-0.09322625698324027,0.0
2023-07-20,19979.150390625,19979.150390625,19991.849609375,19758.400390625,19831.69921875,274700,0.007361412439498949,0.007334449485705515,0.08218615717182792,19323.8251953125,18839.5930859375,0.05951687606884404,0.057758952637658734,0.0
2023-07-21,19745.0,19745.0,19887.400390625,19700.0,19800.44921875,312500,-0.011719737128305097,-0.011788954585924888,0.09404069201560025,19372.5126953125,18868.5530859375,0.05187454218552312,0.13760465962868573,-0.011719737128305097
2023-07-24,19672.349609375,19672.349609375,19782.75,19658.30078125,19748.44921875,265600,-0.0036794322929856182,-0.0036862180542648424,0.09201249586543753,19422.85517578125,18895.7040625,0.05394174328975909,-0.15008,-0.015356047442035559
2023-07-25,19680.599609375,19680.599609375,19729.349609375,19615.94921875,19729.349609375,369700,0.0004193703428323481,0.00041928243166748923,0.09224734729576695,19472.3251953125,18921.3390625,0.052934024138616476,0.3919427710843373,-0.014943116970083548
2023-07-26,19778.30078125,19778.30078125,19825.599609375,19716.69921875,19733.349609375,244700,0.004964339187534694,0.0049520574860006375,0.09139869893668189,19520.37021484375,18951.175078125,0.05106446005707199,-0.3381119826886665,-0.010052960483707407
2023-07-27,19659.900390625,19659.900390625,19867.55078125,19603.55078125,19850.900390625,334900,-0.0059863783008722304,-0.006004368496797154,0.09352367832071104,19554.76025390625,18980.7380859375,0.036253276938843726,0.3686146301593789,-0.015979157960080426
2023-07-28,19646.05078125,19646.05078125,19695.900390625,19563.099609375,19659.75,258700,-0.0007044597937843067,-0.0007047080421790248,0.0866727662966048,19577.61025390625,19011.0601171875,0.023815664735566067,-0.2275306061510899,-0.016672361079543396
2023-07-31,19753.80078125,19753.80078125,19772.75,19597.599609375,19666.349609375,295100,0.005484562836559181,0.005469577389253641,0.0855318766761491,19599.17275390625,19042.068125,0.02231848190656449,0.14070351758793964,-0.011279238854958629
2023-08-01,19733.55078125,19733.55078125,19795.599609375,19704.599609375,19784.0,298000,-0.0010251191770254131,-0.0010256449710540406,0.08538551113132606,19616.40029296875,19070.4511328125,0.017770425563463865,0.00982717722805826,-0.012292795467931605
2023-08-02,19526.55078125,19526.55078125,19678.25,19423.55078125,19655.400390625,290700,-0.010489749274959825,-0.010545154493387934,0.0945484984712871,19622.80283203125,19094.0221484375,0.00660106612624678,-0.02449664429530196,-0.02265359640054454
2023-08-03,19381.650390625,19381.650390625,19537.650390625,19296.44921875,19463.75,315700,-0.007420685416911321,-0.007448355676119346,0.09663412274344103,19617.0203125,19115.9471484375,-0.00593161032506706,0.08599931200550404,-0.02990617660500572
2023-08-04,19517.0,19517.0,19538.849609375,19436.44921875,19462.80078125,280800,0.006983389270114548,0.006959118337332752,0.09476208088327653,19626.2802734375,19139.864140625,0.00958002934365143,-0.11054798859676906,-0.023131633807704777
2023-08-07,19597.30078125,19597.30078125,19620.44921875,19524.80078125,19576.849609375,216600,0.004114401867602702,0.004105960861445235,0.09561001646733945,19638.35029296875,19161.8231640625,0.01247166940071276,-0.2286324786324786,-0.01911240477744136
2023-08-08,19570.849609375,19570.849609375,19634.400390625,19533.099609375,19627.19921875,260300,-0.0013497354646058168,-0.0013506471779916257,0.0948233217819958,19644.92275390625,19181.2671484375,0.006761999655781281,0.20175438596491224,-0.020436343551505143
2023-08-09,19632.55078125,19632.55078125,19645.5,19467.5,19578.80078125,266500,0.003152707884763739,0.0031477485221408875,0.09454495350288113,19657.33525390625,19201.241171875,0.012806755466781006,0.023818670764502503,-0.01734806548819201
2023-08-10,19543.099609375,19543.099609375,19623.599609375,19495.400390625,19605.55078125,312200,-0.004556268458015711,-0.004566679886024027,0.09624409183766101,19663.802734375,19221.41515625,0.006662783304359099,0.17148217636022522,-0.02182529150261625
2023-08-11,19428.30078125,19428.30078125,19557.75,19412.75,19554.25,235500,-0.005874136161590715,-0.005891456761763215,0.09448067250432132,19656.9927734375,19240.226171875,-0.006961548659562,-0.24567584881486226,-0.027571222930154238
2023-08-14,19434.55078125,19434.55078125,19465.849609375,19257.900390625,19383.94921875,243900,0.00032169565781225984,0.0003216439248586792,0.089916313102197,19643.1478515625,19258.2351953125,-0.014047594087430504,0.03566878980891719,-0.027258396815039165
2023-08-16,19465.0,19465.0,19482.75,19317.19921875,19369.0,0,0.0015667570139761278,0.0015655309306883672,0.08978926224445806,19628.9353515625,19275.658203125,-0.014392951631074569,-1.0,-0.025734347085462628
2023-08-17,19365.25,19365.25,19461.55078125,19326.25,19450.55078125,268700,-0.005124582584125403,-0.005137758290060533,0.08907995690275496,19605.54033203125,19290.983203125,-0.023591833945159513,inf,-0.030727051882699974
2023-08-18,19310.150390625,19310.150390625,19373.80078125,19253.599609375,19301.75,256100,-0.0028452826260957353,-0.0028493381372506382,0.08329580205004826,19572.09033203125,19302.658203125,-0.03348490736192267,-0.04689244510606627,-0.03348490736192267
2023-08-21,19393.599609375,19393.599609375,19425.94921875,19296.30078125,19320.650390625,262600,0.0043215209131937105,0.0043122099570484,0.0767913853425536,19554.5203125,19317.8391796875,-0.017796930393770616,0.025380710659898442,-0.02930809217617003
2023-08-22,19396.44921875,19396.44921875,19443.5,19381.30078125,19417.099609375,208700,0.00014693555773015454,0.00014692476375842436,0.07614808312937583,19540.72529296875,19334.50015625,-0.014024780776238255,-0.20525514089870522,-0.029165463019309668
2023-08-23,19444.0,19444.0,19472.05078125,19366.599609375,19439.19921875,225200,0.0024515199000461063,0.0024485198272942723,0.07688301332869098,19528.8953125,19351.35015625,-0.012021971589843972,0.07906085289889786,-0.026785442832249484
2023-08-24,19386.69921875,19386.69921875,19584.44921875,19369.0,19535.150390625,268300,-0.002946964680621278,-0.0029513155310064644,0.07438458982329457,19509.315234375,19364.7611328125,-0.0197995554234488,0.19138543516873896,-0.029653471758889327
2023-08-25,19265.80078125,19265.80078125,19339.55078125,19229.69921875,19297.400390625,466500,-0.006236153774081932,-0.0062556798015631025,0.07461383601941647,19489.61025390625,19374.959140625,-0.020045859925258314,0.7387253074916138,-0.03570470192314745
2023-08-28,19306.05078125,19306.05078125,19366.849609375,19249.69921875,19298.349609375,248200,0.002089194238900971,0.0020870149074536447,0.07542026775649845,19472.61025390625,19387.3181640625,-0.01730627716408495,-0.4679528403001072,-0.03369010174180598
2023-08-29,19342.650390625,19342.650390625,19377.900390625,19309.099609375,19374.849609375,307400,0.0018957584743610756,0.0018939637920959618,0.07244127694826512,19452.052734375,19397.651171875,-0.020813735805985112,0.2385173247381145,-0.031858211563324024
2023-08-30,19347.44921875,19347.44921875,19452.80078125,19334.75,19433.44921875,233000,0.0002480956863764039,0.00024806491573087567,0.07258828655618872,19432.74765625,19409.491171875,-0.019565741957947913,-0.24202992843201043,-0.03161801976181222
2023-08-31,19253.80078125,19253.80078125,19388.19921875,19223.650390625,19375.55078125,562600,-0.004840350603388277,-0.004852103039648143,0.06507037186684547,19419.11015625,19418.233203125,-0.013968160739473934,1.4145922746781117,-0.03630532806416842
2023-09-01,19435.30078125,19435.30078125,19458.55078125,19255.69921875,19258.150390625,333000,0.009426710188917609,0.009382556025202547,0.06922484147085499,19421.79267578125,19429.8022265625,0.002768102279409046,-0.4081052257376466,-0.027220857681225286
2023-09-04,19528.80078125,19528.80078125,19545.150390625,19432.849609375,19525.05078125,296800,0.004810833701642592,0.004799298621963187,0.06678376868059917,19422.38271484375,19444.9532421875,0.0006046411461801959,-0.10870870870870875,-0.022540978999103123
2023-09-05,19574.900390625,19574.900390625,19587.05078125,19525.75,19564.650390625,256800,0.0023605960187407238,0.002357814188949651,0.06564737539697434,19421.2626953125,19463.14125,-0.0011430344859753028,-0.13477088948787064,-0.0202335931256461
2023-09-06,19611.05078125,19611.05078125,19636.44921875,19491.5,19581.19921875,287600,0.0018467726478093027,0.0018450694598145603,0.06579216607809672,19423.27275390625,19481.53828125,0.0020541352407992264,0.1199376947040498,-0.018424187324188046
2023-09-07,19727.05078125,19727.05078125,19737.0,19550.05078125,19598.650390625,304900,0.005915032360780392,0.005897607236551244,0.06816165257270124,19427.99775390625,19499.7312890625,0.0048134346398966965,0.06015299026425591,-0.012618134627651378
2023-09-08,19819.94921875,19819.94921875,19867.150390625,19727.05078125,19774.80078125,288100,0.004709190366575022,0.004698136818212182,0.06742577471968603,19441.840234375,19516.68828125,0.014166105423839337,-0.05510003279763853,-0.00796836545910895
2023-09-11,19996.349609375,19996.349609375,20008.150390625,19865.349609375,19890.0,248800,0.008900143420050854,0.008860770587058942,0.06861240264917635,19470.24267578125,19532.8342578125,0.029238214629311088,-0.13641096841374523,0.0
2023-09-12,19993.19921875,19993.19921875,20110.349609375,19914.650390625,20110.150390625,328100,-0.0001575482868895195,-0.00015756069892455075,0.06873705897802806,19498.17509765625,19546.2472265625,0.02874511707463645,0.3187299035369775,-0.0001575482868895195
2023-09-13,20070.0,20070.0,20096.900390625,19944.099609375,19989.5,251400,0.003841345269944396,0.003833986143147051,0.06927163897470028,19528.42509765625,19559.8672265625,0.031081428204469574,-0.23377019201462967,0.0
2023-09-14,20103.099609375,20103.099609375,20167.650390625,20043.44921875,20127.94921875,275100,0.001649208239910216,0.0016478497893743786,0.06464107853822308,19565.317578125,19573.95921875,0.03810173425982111,0.09427207637231505,0.0
2023-09-15,20192.349609375,20192.349609375,20222.44921875,20129.69921875,20156.44921875,438200,0.004439613877174287,0.004429787863222843,0.06272877388560326,19609.4275390625,19587.8601953125,0.04568577669795393,0.5928753180661577,0.0
2023-09-18,20133.30078125,20133.30078125,20195.349609375,20115.69921875,20155.94921875,264900,-0.002924316846098174,-0.0029286010148227575,0.06477865964487353,19646.41259765625,19603.8901953125,0.038141509919459304,-0.395481515289822,-0.002924316846098174
2023-09-20,19901.400390625,19901.400390625,20050.650390625,19878.849609375,19980.75,378100,-0.011518249945432046,-0.011585098803333688,0.0804193804840889,19671.66015625,19614.8001953125,0.026033175772546935,0.42733106832767076,-0.014408883779177262
2023-09-21,19742.349609375,19742.349609375,19848.75,19709.94921875,19840.55078125,275100,-0.007991939166498319,-0.00802404589005525,0.08675225701123063,19686.57763671875,19620.8591796875,0.015344044917455335,-0.27241470510446975,-0.022285668023055205
2023-09-22,19674.25,19674.25,19798.650390625,19657.5,19744.849609375,246400,-0.003449417659114995,-0.0034553806166447805,0.08705629145484857,19700.95517578125,19626.6581640625,0.014832374402956372,-0.10432569974554706,-0.025658213105346328
2023-09-25,19674.55078125,19674.55078125,19734.150390625,19601.55078125,19678.19921875,188400,1.5288066889551644e-05,1.5287950028248088e-05,0.0831338016479643,19721.39267578125,19631.8741796875,0.021216351432316705,-0.23538961038961037,-0.02564331730293501
2023-09-26,19664.69921875,19664.69921875,19699.349609375,19637.44921875,19682.80078125,204900,-0.0005007261720755274,-0.0005008515772894238,0.08321301085335917,19739.32509765625,19633.8781640625,0.01857699648486988,0.08757961783439483,-0.026131203194898145
2023-09-27,19716.44921875,19716.44921875,19730.69921875,19554.0,19637.05078125,203600,0.002631619198663282,0.002628162551917123,0.0833676155082586,19758.0150390625,19633.9781640625,0.019325109050524647,-0.006344558321132232,-0.023568351372246776
2023-09-28,19523.55078125,19523.55078125,19766.650390625,19492.099609375,19761.80078125,352800,-0.009783629666773708,-0.009831803841213342,0.09176019277192711,19766.8201171875,19629.4641796875,0.009102055806371467,0.7328094302554027,-0.03312139701733807
2023-09-29,19638.30078125,19638.30078125,19726.25,19551.05078125,19581.19921875,243500,0.005877516917168757,0.005860311697675281,0.09142396330928013,19786.0451171875,19625.5671875,0.01997008301729397,-0.3098072562358276,-0.02743855167145892
2023-10-03,19528.75,19528.75,19623.19921875,19479.650390625,19622.400390625,221700,-0.005578424654468894,-0.005594042173129665,0.08859925269468888,19790.717578125,19616.5591796875,0.004808220865825552,-0.08952772073921966,-0.032863912432800846
2023-10-04,19436.099609375,19436.099609375,19457.80078125,19333.599609375,19446.30078125,277100,-0.004744307271330683,-0.004755597219883326,0.088569370207939,19786.08251953125,19610.381171875,-0.00474689526066574,0.2498872350022554,-0.03745230320541226
2023-10-05,19545.75,19545.75,19576.94921875,19487.30078125,19521.849609375,234900,0.005641584105285702,0.005625729970019748,0.0905765119374979,19784.625,19607.8491796875,-0.001489171849832771,-0.15229159148321902,-0.032022009418596564
2023-10-06,19653.5,19653.5,19675.75,19589.400390625,19621.19921875,159100,0.0055127073660514725,0.005497568008546022,0.09251043851635861,19786.7474609375,19607.3071875,0.002164556056862832,-0.3226905065985526,-0.026685830019742784
2023-10-09,19512.349609375,19512.349609375,19588.94921875,19480.5,19539.44921875,165100,-0.00718194675884698,-0.007207861089913015,0.09332531004644502,19776.01240234375,19601.9881640625,-0.010883591990297314,0.037712130735386484,-0.033676120568172374
2023-10-10,19689.849609375,19689.849609375,19717.80078125,19565.44921875,19565.599609375,216600,0.00909680297624016,0.0090556762901256,0.09775052713690732,19769.507421875,19602.5871484375,-0.006564073799539494,0.31193216232586307,-0.024885662625744986
2023-10-11,19811.349609375,19811.349609375,19839.19921875,19756.94921875,19767.0,213700,0.006170692128707245,0.00615173136873013,0.09480100500402953,19760.257421875,19605.893125,-0.009251688613869047,-0.013388734995383178,-0.01886853225952012
2023-10-12,19794.0,19794.0,19843.30078125,19772.650390625,19822.69921875,217900,-0.0008757409120068171,-0.0008761245971014768,0.0948044371645341,19750.2974609375,19606.697109375,-0.009963348865307475,0.019653720168460564,-0.019727749225877722
2023-10-13,19751.05078125,19751.05078125,19805.400390625,19635.30078125,19654.55078125,255000,-0.0021698099802970328,-0.002172167428733089,0.09355111212538464,19734.35,19607.047109375,-0.015891839499252658,0.17026158788435053,-0.021854753739015687
2023-10-16,19731.75,19731.75,19781.30078125,19691.849609375,19737.25,181000,-0.0009772027556287366,-0.0009776805295215437,0.0931027263969716,19715.78251953125,19611.15109375,-0.018472256348062044,-0.2901960784313725,-0.02281059996906698
2023-10-17,19811.5,19811.5,19849.75,19775.650390625,19843.19921875,185800,0.004041709427698992,0.004033563661320618,0.09281022998475708,19696.7400390625,19619.7480859375,-0.01886108435831446,0.026519337016574607,-0.01886108435831446
2023-10-18,19671.099609375,19671.099609375,19840.94921875,19659.94921875,19820.44921875,198900,-0.007086812741337156,-0.007112043473065063,0.09515037058125725,19673.62998046875,19622.830078125,-0.02295704896563433,0.07050592034445646,-0.02581423212670564
2023-10-19,19624.69921875,19624.69921875,19681.80078125,19512.349609375,19545.19921875,230300,-0.0023588102112444,-0.002361596586600212,0.08703534987718174,19659.794921875,19623.378046875,-0.01390360308540628,0.15786827551533444,-0.02811215146361412
2023-10-20,19542.650390625,19542.650390625,19593.80078125,19518.69921875,19542.150390625,198300,-0.004180896084593599,-0.004189660467809165,0.08375837550498043,19649.8099609375,19622.8140625,-0.010115271115205493,-0.13894919669995653,-0.0321755135642241
2023-10-23,19281.75,19281.75,19556.849609375,19257.849609375,19521.599609375,176000,-0.013350307425555652,-0.01344022395196905,0.09514307969365227,19630.1849609375,19615.798046875,-0.019949934559131854,-0.11245587493696418,-0.045096267992122296
2023-10-25,19122.150390625,19122.150390625,19347.30078125,19074.150390625,19286.44921875,225300,-0.008277236732921023,-0.008311683270009834,0.09848824708374547,19602.56494140625,19607.3790625,-0.02807689978626815,0.2801136363636363,-0.05300023223910122
2023-10-26,18857.25,18857.25,19041.69921875,18837.849609375,19027.25,300400,-0.013853064912347501,-0.013949914095014037,0.10793366811381011,19562.19248046875,19595.958046875,-0.041060847652330645,0.33333333333333326,-0.06611908149387102
2023-10-27,19047.25,19047.25,19076.150390625,18926.650390625,18928.75,205200,0.010075700327460302,0.010025278863763394,0.11517880468206243,19528.73251953125,19588.21203125,-0.033941163103222594,-0.3169107856191744,-0.05670957721746994
2023-10-30,19140.900390625,19140.900390625,19158.5,18940.0,19053.400390625,180100,0.004916740769664862,0.004904693073893485,0.11328739876782197,19509.6,19581.7300390625,-0.019599426093766192,-0.12231968810916183,-0.05207166273814057
2023-10-31,19079.599609375,19079.599609375,19233.69921875,19056.44921875,19232.94921875,206000,-0.0032026069828995363,-0.003207746304394414,0.11055501550079518,19481.66494140625,19576.01703125,-0.02844956791824016,0.14380899500277633,-0.05510750465034375
2023-11-01,18989.150390625,18989.150390625,19096.05078125,18973.69921875,19064.05078125,194100,-0.004740624572936891,-0.004751896973195711,0.11017540403783076,19454.6849609375,19569.59703125,-0.02763103677270695,-0.05776699029126209,-0.05958688523258204
2023-11-02,19133.25,19133.25,19175.25,19064.150390625,19120.0,245600,0.007588523257266999,0.007559875254064636,0.11381466586748291,19439.54248046875,19564.3900390625,-0.015581809903305932,0.265327150953117,-0.052450538439730465
2023-11-03,19230.599609375,19230.599609375,19276.25,19210.900390625,19241.0,189500,0.005087980838331285,0.005075080802081226,0.1134193802952629,19423.7849609375,19561.073046875,-0.016123729743038773,-0.22842019543973946,-0.0476294249359408
2023-11-06,19411.75,19411.75,19423.0,19309.69921875,19345.849609375,180700,0.00941990339899168,0.009375812778954773,0.11705830927153693,19411.6974609375,19560.428046875,-0.012300608034192417,-0.04643799472295518,-0.038658186118795235
2023-11-07,19406.69921875,19406.69921875,19423.5,19329.099609375,19404.05078125,198700,-0.000260191958478706,-0.0002602258142791332,0.11444003336526183,19406.41494140625,19560.828046875,-0.005414539650019368,0.09961261759822904,-0.038908319528116464
2023-11-08,19443.5,19443.5,19464.400390625,19401.5,19449.599609375,195000,0.0018962926582819506,0.0018944969651071763,0.1094116084482976,19394.0974609375,19564.38203125,-0.012511502843460254,-0.01862103673880222,-0.0370858084305018
2023-11-09,19395.30078125,19395.30078125,19463.900390625,19378.349609375,19457.400390625,208400,-0.002478937369815082,-0.0024820150223140987,0.10656956100072808,19373.29501953125,19566.16703125,-0.021000529309124882,0.06871794871794878,-0.039472812403908764
2023-11-10,19425.349609375,19425.349609375,19451.30078125,19329.44921875,19351.849609375,152200,0.001549283945833313,0.0015480850435944918,0.10697205627648633,19354.8625,19567.821015625,-0.018624350339749407,-0.2696737044145874,-0.0379846830526297
2023-11-13,19443.55078125,19443.55078125,19494.400390625,19414.75,19486.75,189300,0.0009369804014345284,0.0009365417093074231,0.10706624245439611,19339.4875,19569.743046875,-0.015568791929385095,0.24375821287779242,-0.037083293554770025
2023-11-15,19675.44921875,19675.44921875,19693.19921875,19579.650390625,19651.400390625,291500,0.011926753508604282,0.011856190289938534,0.1160722190947279,19336.6724609375,19578.176015625,-0.0028533090704068176,0.5398837823560485,-0.02559882334768071
2023-11-16,19765.19921875,19765.19921875,19875.25,19627.0,19674.69921875,282700,0.004561522280999375,0.004551150068331243,0.11633347127492114,19334.357421875,19584.773984375,-0.0023370659086894285,-0.030188679245283012,-0.02115407066974917
2023-11-17,19731.80078125,19731.80078125,19806.0,19667.44921875,19674.75,236800,-0.0016897597201204206,-0.0016911889743673853,0.11356883422069793,19337.39248046875,19588.833984375,0.0030858047125170707,-0.1623629288998939,-0.022808085093335206
2023-11-20,19694.0,19694.0,19756.44921875,19670.5,19731.150390625,173800,-0.0019157289123818977,-0.0019175662679732529,0.11344925655718194,19340.85751953125,19591.2159765625,0.003531304122296408,-0.26604729729729726,-0.02468011989766772
2023-11-21,19783.400390625,19783.400390625,19829.099609375,19754.05078125,19770.900390625,195000,0.0045394734754240496,0.004529201141300913,0.11322023641320993,19352.89501953125,19594.66296875,0.012319209277544596,0.12197928653624857,-0.020252681171889497
2023-11-22,19811.849609375,19811.849609375,19825.55078125,19703.849609375,19784.0,184500,0.0014380348265852216,0.0014370018446946907,0.10030944099638925,19379.4,19596.3589453125,0.027492297606545035,-0.05384615384615388,-0.018843770406161142
2023-11-23,19802.0,19802.0,19875.150390625,19786.75,19828.44921875,170000,-0.0004971574875239915,-0.0004972811112830416,0.09395425142488521,19413.39248046875,19595.9999609375,0.03555298935983209,-0.07859078590785906,-0.019331559572134505
2023-11-24,19794.69921875,19794.69921875,19832.849609375,19768.849609375,19809.599609375,145900,-0.00036868908443588033,-0.0003687570669664962,0.07413894986972713,19460.26494140625,19591.966953125,0.04971293368598295,-0.1417647058823529,-0.019693121321571083
2023-11-28,19889.69921875,19889.69921875,19916.849609375,19800.0,19844.650390625,229600,0.004799264638990497,0.004787784883390938,0.06918393961659233,19502.38740234375,19589.896953125,0.044229440929792974,0.5736806031528443,-0.014988369183370542
2023-11-29,20096.599609375,20096.599609375,20104.650390625,19956.30078125,19976.55078125,236200,0.010402389113554511,0.010348656573869122,0.07453606331806735,19550.17236328125,19590.4289453125,0.04992968978711643,0.028745644599303066,-0.004741894918238954
2023-11-30,20133.150390625,20133.150390625,20158.69921875,20015.849609375,20108.5,486600,0.0018187545137213768,0.0018171025823992028,0.07156453796286727,19602.84990234375,19591.0299609375,0.05521870494244152,1.0601185436071128,-0.0029317647473038333
2023-12-01,20267.900390625,20267.900390625,20291.55078125,20183.69921875,20194.099609375,265800,0.0066929416105065975,0.00667064331563437,0.06716672309174523,19666.78740234375,19592.5409765625,0.06734108549855522,-0.4537607891491985,0.0
2023-12-04,20686.80078125,20686.80078125,20702.650390625,20507.75,20601.94921875,381100,0.020668169003769332,0.020457480483773903,0.08988302558085029,19744.46494140625,19603.6109765625,0.08119638750604308,0.43378480060195646,0.0
2023-12-05,20855.099609375,20855.099609375,20864.05078125,20711.150390625,20808.900390625,421000,0.008135565760247543,0.008102650447744338,0.09104147049420803,19825.68994140625,19622.6849609375,0.08447474509365005,0.1046969299396483,0.0
2023-12-06,20937.69921875,20937.69921875,20961.94921875,20852.150390625,20950.75,359200,0.003960643244200535,0.003952820545223537,0.08884627589901492,19901.98740234375,19646.591953125,0.07860956476103387,-0.14679334916864606,0.0
2023-12-07,20901.150390625,20901.150390625,20941.25,20850.80078125,20932.400390625,275000,-0.0017455990623970186,-0.0017471243957791426,0.08989446886475519,19976.7099609375,19671.1299609375,0.07700697346981711,-0.23440979955456576,-0.0017455990623970186
2023-12-08,20969.400390625,20969.400390625,21006.099609375,20862.69921875,20934.099609375,292400,0.003265370504707432,0.0032600507599202964,0.08965920833117001,20053.00498046875,19697.026953125,0.07847868905418265,0.06327272727272737,0.0
2023-12-11,20997.099609375,20997.099609375,21026.099609375,20923.69921875,20965.30078125,212900,0.001320935183362959,0.001320063516009915,0.08711834077813002,20133.094921875,19723.6749609375,0.0825869547572835,-0.2718878248974008,0.0
2023-12-12,20906.400390625,20906.400390625,21037.900390625,20867.150390625,21018.55078125,244900,-0.004319607014175553,-0.004328963470418101,0.09166248427995527,20207.1474609375,19747.473984375,0.07624319824520542,0.15030530765617667,-0.004319607014175553
2023-12-13,20926.349609375,20926.349609375,20950.0,20769.5,20929.75,260300,0.0009542158562574343,0.0009537608817135473,0.09165568436514296,20281.28740234375,19775.5299609375,0.07626173042194062,0.06288280930992252,-0.0033695129954239844
2023-12-14,21182.69921875,21182.69921875,21210.900390625,21074.44921875,21110.400390625,334400,0.012250087289956912,0.012175662163725103,0.0920401212317137,20356.64990234375,19806.4179296875,0.07660562070235444,0.2846715328467153,0.0
2023-12-15,21456.650390625,21456.650390625,21492.30078125,21235.30078125,21287.44921875,508800,0.012932779200891975,0.012849864921501506,0.09761430793923362,20441.2224609375,19844.9759375,0.085577238719174,0.5215311004784688,0.0
2023-12-18,21418.650390625,21418.650390625,21482.80078125,21365.349609375,21434.80078125,249700,-0.0017710126840955187,-0.0017725827811074615,0.09767882212916368,20525.56494140625,19884.626953125,0.08548888305105518,-0.5092374213836478,-0.0017710126840955187
2023-12-19,21453.099609375,21453.099609375,21505.05078125,21337.75,21477.650390625,249800,0.0016083748565725031,0.001607082806947435,0.0955767935155724,20613.519921875,19922.7739453125,0.0893216009634914,0.0004004805766919528,-0.0001654862797947354
2023-12-20,21150.150390625,21150.150390625,21593.0,21087.349609375,21543.5,363900,-0.01412146609423337,-0.014222122733049722,0.11593173318684849,20681.857421875,19952.706953125,0.06908569674643394,0.4567654123298639,-0.014284615465138928
2023-12-21,21255.05078125,21255.05078125,21288.349609375,20976.80078125,21033.94921875,277500,0.004959794076523361,0.004947534816775346,0.11583703831361465,20754.01748046875,19987.5609765625,0.0728453526717705,-0.23742786479802147,-0.009395670139784928
2023-12-22,21349.400390625,21349.400390625,21390.5,21232.44921875,21295.849609375,284700,0.004438926556610712,0.004429103580375731,0.11488950500527997,20831.3875,20020.7519921875,0.07814364158292086,0.025945945945945903,-0.0049984502728748215
2023-12-26,21441.349609375,21441.349609375,21477.150390625,21329.44921875,21365.19921875,219500,0.004306875934107168,0.004297627887901326,0.11385362291749387,20913.72001953125,20053.3519921875,0.0831864315000681,-0.2290129961362838,-0.0007131020439558045
2023-12-27,21654.75,21654.75,21675.75,21495.80078125,21497.650390625,256500,0.0099527499207277,0.009903547502138933,0.11575809691285957,21001.97255859375,20090.5669921875,0.08874195440754007,0.16856492027334857,0.0
2023-12-28,21778.69921875,21778.69921875,21801.44921875,21678.0,21715.0,393100,0.005723881307796219,0.0057075621422148105,0.11366910801137801,21086.0775390625,20131.1199609375,0.08370070768540883,0.5325536062378167,0.0
2023-12-29,21731.400390625,21731.400390625,21770.30078125,21676.900390625,21737.650390625,270900,-0.0021717930740454694,-0.0021741548367498844,0.11556174728901367,21165.9900390625,20171.11296875,0.07938399947303942,-0.3108623759857543,-0.0021717930740454694
2024-01-01,21741.900390625,21741.900390625,21834.349609375,21680.849609375,21727.75,154000,0.00048317180721269004,0.0004830551173010514,0.11562421458474531,21239.6900390625,20209.7209765625,0.07272583600626947,-0.4315245478036176,-0.0016896706160172137
2024-01-02,21665.80078125,21665.80078125,21755.599609375,21555.650390625,21751.349609375,263700,-0.003500136051024061,-0.0035062758581720864,0.09915513301163388,21288.6400390625,20249.615,0.0473248623773348,0.7123376623376623,-0.005183892590003847
2024-01-03,21517.349609375,21517.349609375,21677.0,21500.349609375,21661.099609375,311900,-0.00685186637566948,-0.006875448193459907,0.10177301174360995,21321.7525390625,20287.4680078125,0.03175482315616929,0.18278346605991658,-0.01200023962634078
2024-01-04,21658.599609375,21658.599609375,21685.650390625,21564.55078125,21605.80078125,339200,0.006564470186349425,0.006543017882762483,0.10298775621994062,21357.79755859375,20329.7869921875,0.034430735826953995,0.08752805386341778,-0.0055145446552474775
2024-01-05,21710.80078125,21710.80078125,21749.599609375,21629.19921875,21705.75,309300,0.002410182228605562,0.0024072823978970102,0.102200220997038,21398.280078125,20378.3680078125,0.038737120947570425,-0.08814858490566035,-0.003117653484168814
2024-01-08,21513.0,21513.0,21763.94921875,21492.900390625,21747.599609375,231500,-0.00911070868564301,-0.009152465005292239,0.10926325719688576,21425.46005859375,20426.185,0.025923469400585875,-0.25153572583252504,-0.012199958137134814
2024-01-09,21544.849609375,21544.849609375,21724.44921875,21517.849609375,21653.599609375,228600,0.0014804820050666745,0.001479387172036867,0.10926550223266493,21452.84755859375,20479.9369921875,0.026086936300260932,-0.012526997840172749,-0.010737537950552656
2024-01-10,21618.69921875,21618.69921875,21641.849609375,21448.650390625,21529.30078125,217000,0.0034277152411805734,0.003421854015216792,0.1074296199545177,21488.4625,20531.3659765625,0.03407084982665953,-0.05074365704286965,-0.007346627931857919
2024-01-11,21647.19921875,21647.19921875,21726.5,21593.75,21688.0,212500,0.0013183031833516878,0.001317434984659037,0.10740498298536005,21524.50498046875,20581.491953125,0.03444698300615512,-0.020737327188940058,-0.0060380098314957165
2024-01-12,21894.55078125,21894.55078125,21928.25,21715.150390625,21773.55078125,294700,0.011426492637705898,0.011361703346499745,0.10638538975671694,21560.09755859375,20637.7909765625,0.03360532834596919,0.3868235294117648,0.0
2024-01-15,22097.44921875,22097.44921875,22115.55078125,21963.55078125,22053.150390625,345500,0.009267074694848665,0.009224398809286917,0.1020128746582298,21592.1375,20699.956953125,0.029864811909550593,0.172378690193417,0.0
2024-01-16,22032.30078125,22032.30078125,22124.150390625,21969.80078125,22080.5,292400,-0.0029482333845447517,-0.002952587985615914,0.10259488680860258,21622.82001953125,20757.93796875,0.028650282787826553,-0.1536903039073806,-0.0029482333845447517
2024-01-17,21571.94921875,21571.94921875,21851.5,21550.44921875,21647.25,456000,-0.020894393512082443,-0.021115770473744744,0.13005416057649472,21628.7625,20804.7649609375,0.005539973781833574,0.5595075239398084,-0.023781025348125095
2024-01-18,21462.25,21462.25,21539.400390625,21285.55078125,21414.19921875,387300,-0.0050852715087356115,-0.0050982455047793645,0.12022495473572875,21644.36748046875,20845.7749609375,0.014756377785064778,-0.1506578947368421,-0.028745363886209296
2024-01-19,21622.400390625,21622.400390625,21670.599609375,21575.0,21615.19921875,343100,0.00746195718645537,0.007434254509367264,0.12169633744107174,21662.7349609375,20890.088984375,0.017282932567681986,-0.11412341853860053,-0.021497903374381955
2024-01-23,21238.80078125,21238.80078125,21750.25,21192.599609375,21716.69921875,449700,-0.01774084294273448,-0.017900098054810153,0.13775462182949397,21657.20498046875,20925.995,-0.005180455064375811,0.31069658991547655,-0.038857355389753545
2024-01-24,21453.94921875,21453.94921875,21482.349609375,21137.19921875,21185.25,407500,0.010129971071150878,0.010079006802925212,0.14176172874312953,21657.8349609375,20967.16796875,0.0005876313573791592,-0.0938403380031132,-0.029121008204602283
2024-01-25,21352.599609375,21352.599609375,21459.0,21247.05078125,21454.599609375,418100,-0.004724053755400193,-0.004735247364061254,0.1377033871870561,21642.72744140625,21005.71296875,-0.01395307683649083,0.026012269938650245,-0.03370749275183238
2024-01-29,21737.599609375,21737.599609375,21763.25,21429.599609375,21433.099609375,376700,0.018030591452244726,0.01786996821930258,0.15130805362004235,21640.6724609375,21051.5939453125,-0.0018871471138925955,-0.09901937335565658,-0.01628466733027545
2024-01-30,21522.099609375,21522.099609375,21813.05078125,21501.80078125,21775.75,375100,-0.009913698102483215,-0.009963166019046519,0.1552038950225754,21630.207421875,21088.526953125,-0.009631260640722172,-0.004247411733474871,-0.02603692415714698
2024-01-31,21725.69921875,21725.69921875,21741.349609375,21448.849609375,21487.25,410600,0.009460025419002926,0.009415559590485083,0.1591311230292503,21629.39736328125,21127.736953125,-0.0007451589596089159,0.09464142895227945,-0.01682320870250331
2024-02-01,21697.44921875,21697.44921875,21832.94921875,21658.75,21780.650390625,332500,-0.0013003033741542103,-0.00130114950214822,0.15868543523133669,21630.97978515625,21167.049921875,0.001460755492932897,-0.19020944958597175,-0.018101636801617582
2024-02-02,21853.80078125,21853.80078125,22126.80078125,21805.55078125,21812.75,442800,0.007205988175093214,0.007180149098767169,0.15836554254977492,21647.80234375,21210.2459375,0.015636273889810814,0.33172932330827076,-0.01102608880726652
2024-02-05,21771.69921875,21771.69921875,21964.30078125,21726.94921875,21921.05078125,440800,-0.0037568550808078083,-0.0037639297855089193,0.15761150036704027,21653.45732421875,21250.0119140625,0.005221926228602625,-0.004516711833784992,-0.014741520470317293
2024-02-06,21929.400390625,21929.400390625,21951.400390625,21737.55078125,21825.19921875,371000,0.007243402101531293,0.007217294659854949,0.15939518199502706,21664.3873046875,21292.3629296875,0.01006870320342057,-0.15834845735027225,-0.0076048971291404754
2024-02-07,21930.5,21930.5,22053.30078125,21860.150390625,22045.05078125,346300,5.014315737827957e-05,5.014190025218764e-05,0.15529775645198995,21685.2623046875,21334.9329296875,0.01940687026449117,-0.0665768194070081,-0.007555135305315708
2024-02-08,21717.94921875,21717.94921875,22011.05078125,21665.30078125,22009.650390625,491100,-0.009692017110872975,-0.009739290405751649,0.1598404217991087,21693.91728515625,21373.3979296875,0.008034384667956918,0.4181345654057176,-0.017173927915534626
2024-02-09,21782.5,21782.5,21804.44921875,21629.900390625,21727.0,349200,0.0029722318898448563,0.0029678235415700974,0.1597346698531019,21702.10732421875,21411.2539453125,0.007576810223065333,-0.28894318875992675,-0.014252740921914198
2024-02-12,21616.05078125,21616.05078125,21831.69921875,21574.75,21800.80078125,287400,-0.0076414194307357075,-0.007670764664605448,0.16220038976101428,21700.54990234375,21441.64296875,-0.0014389130522262095,-0.17697594501718217,-0.021785249181227928
2024-02-13,21743.25,21743.25,21766.80078125,21543.349609375,21664.30078125,365800,0.005884480011507653,0.005867234081485647,0.1581863171446634,21692.98486328125,21473.8449609375,-0.00691043094519983,0.2727905358385525,-0.016028964033072968
2024-02-14,21840.05078125,21840.05078125,21870.849609375,21530.19921875,21578.150390625,359100,0.004451992284961959,0.004442111482625561,0.15523182004769126,21680.11494140625,21505.28796875,-0.011648332572322118,-0.018316019682886875,-0.011648332572322118
2024-02-15,21910.75,21910.75,21953.849609375,21794.80078125,21906.55078125,345400,0.0032371361888359207,0.003231907943473083,0.15553318736198382,21674.03740234375,21529.766953125,-0.005516935451128302,-0.038150932887775046,-0.008448903622395587
2024-02-16,22040.69921875,22040.69921875,22068.650390625,21968.94921875,22020.30078125,343900,0.005930843022260657,0.005913324803860001,0.13584723134199417,21697.47490234375,21553.4789453125,0.021729607985196298,-0.004342790966994747,-0.0025681697212295296
2024-02-19,22122.25,22122.25,22186.650390625,22021.05078125,22103.44921875,0,0.0037000088082788096,0.0036931806134258504,0.1341220478540316,21730.47490234375,21577.1699609375,0.030751668627473805,-1.0,0.0
2024-02-20,22196.94921875,22196.94921875,22215.599609375,22045.849609375,22099.19921875,295700,0.0033766555730090353,0.003370967472487328,0.13250920493445772,21759.20234375,21603.0859375,0.026571926231377718,inf,0.0
2024-02-21,22055.05078125,22055.05078125,22249.400390625,21997.94921875,22248.849609375,364500,-0.006392700010330099,-0.006413220819374543,0.11561770355806275,21800.01484375,21624.7989453125,0.0384320192277805,0.23266824484274595,-0.006392700010330099
2024-02-22,22217.44921875,22217.44921875,22252.5,21875.25,22081.55078125,343500,0.0073633218581414805,0.007336344949249518,0.11342900897852583,21838.18984375,21649.2059375,0.03558785341641091,-0.057613168724279795,0.0
2024-02-23,22212.69921875,22212.69921875,22297.5,22186.099609375,22290.0,226000,-0.0002137959201901074,-0.000213818777795819,0.11111296160966544,21881.19482421875,21675.3319140625,0.04028079133733997,-0.34206695778748175,-0.0002137959201901074
2024-02-26,22122.05078125,22122.05078125,22202.150390625,22075.150390625,22169.19921875,207800,-0.004080928508836235,-0.004089278221713085,0.09572282858189035,21900.4173828125,21699.2459375,0.017685999318397316,-0.08053097345132743,-0.004293851943160565
2024-02-27,22198.349609375,22198.349609375,22218.25,22085.650390625,22090.19921875,252200,0.003448994348646428,0.003443060208267885,0.0870207763140671,21934.2298828125,21719.5589453125,0.0314211908816473,0.2136669874879693,-0.0008596670656000338
2024-02-28,21951.150390625,21951.150390625,22229.150390625,21915.849609375,22214.099609375,203000,-0.011135927809948543,-0.011198396451173726,0.09286608259664662,21945.50244140625,21729.4489453125,0.010377165291896695,-0.19508326724821567,-0.011986021685165493
2024-02-29,21982.80078125,21982.80078125,22060.55078125,21860.650390625,21935.19921875,360200,0.0014418556686905948,0.0014408171929075416,0.09266422407893023,21959.77001953125,21740.731953125,0.013151387502887246,0.7743842364532019,-0.010561448129786766
2024-03-01,22338.75,22338.75,22353.30078125,22047.75,22048.30078125,351500,0.016192168700068565,0.0160624736924449,0.10544464877759435,21984.01748046875,21758.4449609375,0.022190612223667472,-0.024153248195446952,0.0
2024-03-04,22405.599609375,22405.599609375,22440.900390625,22358.30078125,22403.5,298800,0.0029925402887358565,0.0029880715530739466,0.10403033265583748,22015.7125,21783.5539453125,0.029115797726944503,-0.14992887624466567,0.0
2024-03-05,22356.30078125,22356.30078125,22416.900390625,22269.150390625,22371.25,296200,-0.00220029050703785,-0.0022027147028049303,0.10244765361944921,22037.05751953125,21805.5789453125,0.0194670343475285,-0.00870147255689424,-0.00220029050703785
2024-03-06,22474.05078125,22474.05078125,22497.19921875,22224.349609375,22327.5,312300,0.005266971542034149,0.0052531495595052715,0.10349150945680495,22064.23505859375,21828.071953125,0.024785152242311037,0.054355165428764396,0.0
2024-03-07,22493.55078125,22493.55078125,22525.650390625,22430.0,22505.30078125,379900,0.0008676673462120199,0.0008672911404987264,0.09509671235373351,22103.01513671875,21849.1159765625,0.035712467815809834,0.2164585334614153,0.0
2024-03-11,22332.650390625,22332.650390625,22526.599609375,22307.25,22517.5,277900,-0.007153178801771132,-0.007178885448103384,0.10007021954248298,22130.52265625,21862.673984375,0.02525653118902782,-0.26849170834430114,-0.007153178801771132
2024-03-12,22335.69921875,22335.69921875,22452.55078125,22256.0,22334.44921875,299200,0.0001365188668460693,0.00013650954899359894,0.09452608399981233,22166.505078125,21873.813984375,0.03329231804563637,0.07664627563871895,-0.00701763647878928
2024-03-13,21997.69921875,21997.69921875,22446.75,21905.650390625,22432.19921875,493300,-0.015132725270416536,-0.015248393356596964,0.11038108930627057,22179.2275390625,21879.1399609375,0.011702446448897952,0.6487299465240641,-0.022044165784324665
2024-03-14,22146.650390625,22146.650390625,22204.599609375,21917.5,21982.55078125,426700,0.006771215952804832,0.006748394232673185,0.11174601152119977,22194.55751953125,21887.2349609375,0.014038411011306762,-0.135009122237989,-0.015422215638544956
2024-03-15,22023.349609375,22023.349609375,22120.900390625,21931.69921875,22064.849609375,661500,-0.005567468627318717,-0.005583024746448362,0.11346147755476596,22200.1875,21894.3859375,0.005139012100224827,0.5502695101945161,-0.020903821564132397
2024-03-18,22055.69921875,22055.69921875,22123.69921875,21916.55078125,21990.099609375,356300,0.0014688778023679294,0.001467800056624233,0.11160385457309474,22200.9375,21905.1529296875,0.0006805591715184356,-0.46137566137566133,-0.019465648921244583
2024-03-19,21817.44921875,21817.44921875,21978.30078125,21793.099609375,21946.44921875,344200,-0.010802196640288697,-0.010860963960358783,0.1170969944522247,22185.6974609375,21908.329921875,-0.013778019019313081,-0.033960145944428866,-0.03005757379415519
2024-03-20,21839.099609375,21839.099609375,21930.900390625,21710.19921875,21843.900390625,312400,0.0009923428906801757,0.0009918508439663014,0.11630351348081586,22167.80498046875,21910.8958984375,-0.016121567240993673,-0.09238814642649618,-0.029095058323140854
2024-03-21,22011.94921875,22011.94921875,22080.94921875,21941.30078125,21989.900390625,353200,0.0079146856998078,0.007883528864675105,0.11822837145223816,22165.64990234375,21920.8748828125,-0.0019542717415388378,0.1306017925736236,-0.0214106508653783
2024-03-22,22096.75,22096.75,22180.69921875,21883.30078125,21932.19921875,388700,0.0038524885010076115,0.0038450866714008036,0.11594416376809023,22159.61494140625,21931.912890625,-0.005432631692396939,0.10050962627406568,-0.017640646650628478
2024-03-26,22004.69921875,22004.69921875,22073.19921875,21947.55078125,21947.900390625,328400,-0.00416580634029895,-0.004174507484794188,0.11676709402727614,22149.21494140625,21939.632890625,-0.009364012808692146,-0.1551324929251351,-0.02173296547326331
2024-03-27,22123.650390625,22123.650390625,22193.599609375,22052.849609375,22053.94921875,409100,0.005405716783151604,0.005391158338500764,0.1177155381318809,22149.294921875,21949.1619140625,7.230836737592838e-05,0.24573690621193656,-0.016444730946318153
2024-03-28,22326.900390625,22326.900390625,22516.0,22163.599609375,22163.599609375,410500,0.009187001078543977,0.009145057280234776,0.12160113117815328,22155.7224609375,21957.80890625,0.005791006246505415,0.0034221461745294057,-0.007408807628714431
2024-04-01,22462.0,22462.0,22529.94921875,22427.75,22455.0,0,0.006050979178091831,0.006032745520934439,0.11522766730696597,22181.26494140625,21965.099921875,0.023272111041304555,-1.0,-0.0014026589913185283
2024-04-02,22453.30078125,22453.30078125,22497.599609375,22388.150390625,22458.80078125,289500,-0.0003872860275131451,-0.00038736104211539534,0.11534919832091975,22204.78994140625,21973.519921875,0.021403096206071615,inf,-0.0017894017886029845
2024-04-03,22434.650390625,22434.650390625,22521.099609375,22346.5,22385.69921875,309600,-0.0008306302403686683,-0.0008309754048160305,0.10088558783434531,22209.5849609375,21990.7739453125,0.004293006127245258,0.0694300518134714,-0.0026185456977338983
2024-04-04,22514.650390625,22514.650390625,22619.0,22303.80078125,22592.099609375,401000,0.003565912488363576,0.0035595696965144527,0.1011141356627137,22215.0375,22011.821953125,0.004867121753098225,0.295219638242894,0.0
2024-04-05,22513.69921875,22513.69921875,22537.599609375,22427.599609375,22486.400390625,242200,-4.224679746289706e-05,-4.22476898839797e-05,0.1007111305167329,22222.907421875,22029.6479296875,0.007040450879602034,-0.39600997506234414,-4.224679746289706e-05
2024-04-08,22666.30078125,22666.30078125,22697.30078125,22550.349609375,22578.349609375,227600,0.006778164752814453,0.006755296273493474,0.10181603271149488,22232.519921875,22058.1979296875,0.008554310118423114,-0.06028075970272506,0.0
2024-04-09,22642.75,22642.75,22768.400390625,22612.25,22765.099609375,232400,-0.0010390218270411866,-0.0010395619844089984,0.10193131366077998,22239.9798828125,22081.9739453125,0.006632977612159419,0.02108963093145877,-0.0010390218270411866
2024-04-10,22753.80078125,22753.80078125,22775.69921875,22673.69921875,22720.25,276800,0.0049044741142307835,0.004892486360835239,0.09910322665199575,22261.03740234375,22109.99796875,0.01885805684764552,0.1910499139414803,0.0
2024-04-12,22519.400390625,22519.400390625,22726.44921875,22503.75,22677.400390625,357200,-0.010301592814249916,-0.01035502147176367,0.10691275194921722,22270.2224609375,22125.633984375,0.008224554336798695,0.29046242774566466,-0.010301592814249916
2024-04-15,22272.5,22272.5,22427.44921875,22259.55078125,22339.05078125,355500,-0.010963897188301042,-0.011024443666037696,0.09950244168423966,22283.9625,22140.6419921875,0.01249225105395424,-0.004759238521836462,-0.021152544398059914
2024-04-16,22147.900390625,22147.900390625,22213.75,22079.44921875,22125.30078125,317300,-0.005594325260972033,-0.005610032105390299,0.09907751841727681,22284.025,22149.086015625,5.644194394882618e-05,-0.10745428973277071,-0.026628535445571977
2024-04-18,21995.849609375,21995.849609375,22326.5,21961.69921875,22212.349609375,456900,-0.0068652458503182245,-0.006888920065700564,0.10015657372801304,22282.65,22155.0540234375,-0.001248674724225185,0.4399621809013552,-0.03331096985342252
2024-04-19,22147.0,22147.0,22179.55078125,21777.650390625,21861.5,362500,0.0068717686886063944,0.006848265696137249,0.10302673625281504,22287.2150390625,22160.9180078125,0.004139555057605326,-0.2066097614357627,-0.02666810644444184
2024-04-22,22336.400390625,22336.400390625,22375.650390625,22198.150390625,22336.900390625,279300,0.008551965982977361,0.008515605079627573,0.0982680812075856,22313.16259765625,22172.21203125,0.02378606072010525,-0.2295172413793104,-0.018344205200607755
2024-04-23,22368.0,22368.0,22447.55078125,22349.44921875,22447.05078125,231500,0.0014147135985376202,0.0014137138340638612,0.09826904100230133,22339.6076171875,22180.9840234375,0.02421804928248772,-0.17114214106695314,-0.01695544339862176
2024-04-24,22402.400390625,22402.400390625,22476.44921875,22384.0,22421.55078125,235900,0.0015379287654238016,0.001536747364098986,0.09507124706881921,22359.13017578125,22190.42203125,0.01773814613121183,0.01900647948164136,-0.01544359089733116
2024-04-25,22570.349609375,22570.349609375,22625.94921875,22305.25,22316.900390625,475000,0.0074969296067168845,0.007468967297299811,0.09741213190697263,22382.81015625,22207.4700390625,0.0214329984895969,1.013565069944892,-0.008062440804446624
2024-04-26,22419.94921875,22419.94921875,22620.400390625,22385.55078125,22620.400390625,329900,-0.006663626980883297,-0.006685928069119567,0.0995858054287988,22403.57265625,22220.2190234375,0.01887096914490738,-0.30547368421052634,-0.014672342687253703
2024-04-29,22643.400390625,22643.400390625,22655.80078125,22441.900390625,22475.55078125,292000,0.00996662256880243,0.009917283345523465,0.10349152530190307,22429.56015625,22240.766015625,0.02349295847760491,-0.11488329796908159,-0.0048519538202150825
2024-04-30,22604.849609375,22604.849609375,22783.349609375,22568.400390625,22679.650390625,361900,-0.00170251731563964,-0.0017039682453004383,0.09947794462452256,22443.4576171875,22257.9980078125,0.012449073265302424,0.23938356164383556,-0.006546210600461122
2024-05-02,22648.19921875,22648.19921875,22710.5,22567.849609375,22567.849609375,445900,0.0019177127972140884,0.0019158763335262374,0.09756106500841094,22452.767578125,22274.1609765625,0.008289520913097759,0.23210831721470027,-0.00464105155508876
2024-05-03,22475.849609375,22475.849609375,22794.69921875,22348.05078125,22766.349609375,438100,-0.007609859296553445,-0.0076389620148829334,0.1016594943053407,22453.89501953125,22285.46296875,0.0010042544900048522,-0.017492711370262426,-0.01221559310232001
2024-05-06,22442.69921875,22442.69921875,22588.80078125,22409.44921875,22561.599609375,320300,-0.0014749338156797576,-0.0014760226012829026,0.10175938679925961,22454.2974609375,22293.50296875,0.00035876770909526456,-0.26888838164802553,-0.01367250972665457
2024-05-07,22302.5,22302.5,22499.05078125,22232.05078125,22489.75,297800,-0.006246985595782073,-0.0062665796554610105,0.1031911370471612,22443.68994140625,22297.10796875,-0.009422770815634696,-0.07024664377146428,-0.019834083351115916
2024-05-08,22302.5,22302.5,22368.650390625,22185.19921875,22231.19921875,277400,0.0,0.0,0.10319358703537926,22433.12998046875,22299.218984375,-0.009380920332013098,-0.06850235057085297,-0.019834083351115916
2024-05-09,21957.5,21957.5,22307.75,21932.400390625,22224.80078125,331300,-0.01546911781190452,-0.015590012996666094,0.11250243789135256,22397.68994140625,22297.26796875,-0.031271127480860694,0.19430425378514782,-0.03499638539097094
2024-05-10,22055.19921875,22055.19921875,22131.30078125,21950.30078125,21990.94921875,265800,0.0044494691449390444,0.004439599522660019,0.11452009958114402,22368.31240234375,22294.02296875,-0.02594873773062023,-0.19770600664050708,-0.03070263158301334
2024-05-13,22104.05078125,22104.05078125,22131.650390625,21821.05078125,22027.94921875,278200,0.0022149680905385605,0.002212518664983643,0.11297828053859399,22335.82490234375,22291.85,-0.028555668841726778,0.04665161775771254,-0.028555668841726778
2024-05-14,22217.849609375,22217.849609375,22270.05078125,22081.25,22112.900390625,230200,0.005148324587705533,0.005135117275633606,0.11012611615087908,22320.74736328125,22293.7659765625,-0.013390710943420037,-0.17253774263120059,-0.023554358106037565
2024-05-15,22200.55078125,22200.55078125,22297.55078125,22151.75,22255.599609375,231900,-0.0007786004689536163,-0.0007789037357247285,0.10313780362300858,22317.14990234375,22293.81,-0.0032304060500617515,0.00738488271068638,-0.02431461914072386
2024-05-16,22403.849609375,22403.849609375,22432.25,22054.55078125,22319.19921875,368900,0.009157377676264788,0.00911570311987133,0.10602589020830398,22329.94736328125,22302.863984375,0.011556364903029026,0.5907718844329453,-0.015379899614985315
2024-05-17,22466.099609375,22466.099609375,22502.150390625,22345.650390625,22415.25,242700,0.0027785403439750667,0.0027746873362616406,0.10249375896403497,22353.45986328125,22312.5299609375,0.021379033242688195,-0.34209812957441044,-0.012644092942576735
2024-05-21,22529.05078125,22529.05078125,22591.099609375,22404.55078125,22404.55078125,347600,0.002802051667603722,0.002798133238882937,0.10044672275858466,22372.56240234375,22316.3359765625,0.017250678703661926,0.4322208487845076,-0.009877470676688094
2024-05-22,22597.80078125,22597.80078125,22629.5,22483.150390625,22576.599609375,290300,0.0030516154749500313,0.0030469687473969323,0.09672185279469751,22385.632421875,22320.18,0.011702887934204265,-0.16484464902186424,-0.006855997444108364
2024-05-23,22967.650390625,22967.650390625,22993.599609375,22577.44921875,22614.099609375,369800,0.01636661960848307,0.01623413013834582,0.11157827986869687,22415.61494140625,22332.4069921875,0.026808404444966127,0.2738546331381331,0.0
2024-05-24,22957.099609375,22957.099609375,23026.400390625,22908.0,22930.75,261900,-0.0004593757337192361,-0.00045948127907615604,0.1117523685046149,22443.34990234375,22342.06796875,0.024760704615480966,-0.2917793401838832,-0.0004593757337192361
2024-05-27,22932.44921875,22932.44921875,23110.80078125,22871.19921875,23038.94921875,260000,-0.0010737589261899938,-0.0010743358183047916,0.10951143910884222,22461.4548828125,22350.8459375,0.016043154653864855,-0.0072546773577701895,-0.0015326414011146428
2024-05-28,22888.150390625,22888.150390625,22998.55078125,22858.5,22977.150390625,217900,-0.0019317094176221072,-0.00193357757447097,0.10646201722232806,22484.86494140625,22361.9559375,0.02088323962319416,-0.16192307692307695,-0.0034613902009084097
2024-05-29,22704.69921875,22704.69921875,22825.5,22685.44921875,22762.75,269900,-0.008015115627261094,-0.0080474093408375,0.105674336788713,22487.9298828125,22369.3359375,0.0027071388160577747,0.23864157870582847,-0.011448762385478095
2024-05-30,22488.650390625,22488.650390625,22705.75,22417.0,22617.44921875,373400,-0.009515599658179275,-0.00956116224385675,0.11103265823136169,22482.119921875,22379.1549609375,-0.00514045528981566,0.38347536124490555,-0.020855420204215602
2024-05-31,22530.69921875,22530.69921875,22653.75,22465.099609375,22568.099609375,572100,0.0018697799732139142,0.0018680341105537352,0.11102036576361551,22476.244921875,22386.8359375,-0.0051880504434420605,0.5321371183717194,-0.019024635278032442
2024-06-03,23263.900390625,23263.900390625,23338.69921875,23062.30078125,23337.900390625,569400,0.03254231769535276,0.03202403067452011,0.1561532219033976,22515.6474609375,22411.646953125,0.035062113110122084,-0.004719454640797038,0.0
2024-06-04,21884.5,21884.5,23179.5,21281.44921875,23179.5,1006100,-0.05929359941641077,-0.06112419596275757,0.27253473510094983,22487.7375,22408.22296875,-0.024872196223333365,0.7669476642079383,-0.05929359941641077
2024-06-05,22620.349609375,22620.349609375,22670.400390625,21791.94921875,22128.349609375,638500,0.033624236760035675,0.03307130264902321,0.29757064328117155,22503.62998046875,22424.2809765625,0.01425174798228901,-0.36537123546367156,-0.027663064681507255
2024-06-06,22821.400390625,22821.400390625,22910.150390625,22642.599609375,22798.599609375,480400,0.008888049244237806,0.008848783029735371,0.2989461456944538,22529.575,22443.9269921875,0.023266467464409857,-0.24761158966327335,-0.019020886118405134
2024-06-07,23290.150390625,23290.150390625,23320.19921875,22789.05078125,22821.849609375,473600,0.020539931466807104,0.02033183181806326,0.2994602636094319,22596.20751953125,22469.491015625,0.06069226417511109,-0.014154870940882636,0.0
2024-06-10,23259.19921875,23259.19921875,23411.900390625,23227.150390625,23319.150390625,304400,-0.0013289382574128705,-0.0013298220789751808,0.29977872971758046,22656.40751953125,22492.74,0.05459030263378595,-0.3572635135135135,-0.0013289382574128705
2024-06-11,23264.849609375,23264.849609375,23389.44921875,23206.650390625,23283.75,305200,0.0002429314342191624,0.00024290193115634738,0.29989901975113004,22714.4474609375,22517.9430078125,0.052515208167620564,0.0026281208935610145,-0.0010863296640705178
2024-06-12,23322.94921875,23322.94921875,23441.94921875,23295.94921875,23344.44921875,295600,0.002497312914139238,0.002494199810096445,0.29974462932144397,22769.70244140625,22541.928984375,0.04973926949747165,-0.03145478374836175,0.0
2024-06-13,23398.900390625,23398.900390625,23481.05078125,23353.900390625,23480.94921875,268300,0.0032564994745150067,0.0032512085635553246,0.29951419965878906,22829.619921875,22563.368984375,0.053978372932400154,-0.09235453315290931,0.0
2024-06-14,23465.599609375,23465.599609375,23490.400390625,23334.25,23464.94921875,223100,0.0028505279152657437,0.0028464728647632507,0.29853839554253314,22882.707421875,22583.4409765625,0.04739140899944738,-0.16846813268729033,0.0
2024-06-18,23557.900390625,23557.900390625,23579.05078125,23499.69921875,23570.80078125,272200,0.003933450786960613,0.0039257349959185015,0.2985898508378074,22937.2974609375,22605.53296875,0.04859770054586576,0.22008068130883007,0.0
2024-06-19,23516.0,23516.0,23664.0,23412.900390625,23629.849609375,328800,-0.0017786131162043084,-0.0017801967265448713,0.2989453798936285,22986.644921875,22627.1599609375,0.043807847402581146,0.20793534166054362,-0.0017786131162043084
2024-06-20,23567.0,23567.0,23624.0,23442.599609375,23586.150390625,280300,0.0021687361796223215,0.0021663878659495613,0.29892643422582715,23035.1048828125,22648.206953125,0.042889094745634404,-0.14750608272506083,0.0
2024-06-21,23501.099609375,23501.099609375,23667.099609375,23398.19921875,23661.150390625,609900,-0.00279629951309035,-0.0028002164622532473,0.29459372655637417,23061.77734375,22667.9549609375,0.023226111930358506,1.17588298251873,-0.00279629951309035
2024-06-24,23537.849609375,23537.849609375,23558.099609375,23350.0,23382.30078125,239400,0.00156375661610908,0.0015625352218749532,0.2945348166878512,23090.81484375,22685.3859375,0.025297185179387283,-0.6074766355140186,-0.0012369156288454253
2024-06-25,23721.30078125,23721.30078125,23754.150390625,23562.05078125,23577.099609375,298100,0.007793879853915442,0.007763664467508334,0.295279928372981,23130.257421875,22706.956953125,0.03439892333240269,0.24519632414369252,0.0
2024-06-26,23868.80078125,23868.80078125,23889.900390625,23670.44921875,23723.099609375,287800,0.006218040121837909,0.006198787876631016,0.29536695184938916,23179.28994140625,22729.256953125,0.04284533148762759,-0.03455216370345526,0.0
2024-06-27,24044.5,24044.5,24087.44921875,23805.400390625,23881.55078125,515200,0.007361040898544724,0.007334080659762657,0.29339963684432063,23246.27998046875,22759.7589453125,0.05900984498149908,0.7901320361362056,0.0
2024-06-28,24010.599609375,24010.599609375,24174.0,23985.80078125,24085.900390625,354800,-0.0014099020825968367,-0.0014108969297394127,0.2902300131006608,23322.37744140625,22794.5209375,0.06767632527136724,-0.3113354037267081,-0.0014099020825968367
2024-07-01,24141.94921875,24141.94921875,24164.0,23992.69921875,23992.94921875,0,0.005470484349075377,0.00545557559691747,0.2902788461114146,23402.93994140625,22834.4019140625,0.07151353734548649,-1.0,0.0
2024-07-04,24302.150390625,24302.150390625,24401.0,24281.0,24369.94921875,251200,0.0006444070008029268,0.0006441994597673961,0.08346018359703694,23650.12744140625,22959.0669140625,0.07434901804315963,inf,0.0
2024-07-05,24323.849609375,24323.849609375,24363.0,24168.849609375,24213.349609375,298400,0.0008928929498506211,0.0008924945580705119,0.08156252002266737,23725.24990234375,22998.18390625,0.06583510183569641,0.1878980891719746,0.0
2024-07-08,24320.55078125,24320.55078125,24344.599609375,24240.55078125,24329.44921875,266300,-0.00013562113637344275,-0.0001356303337513403,0.051214483828557957,23776.769921875,23036.5469140625,0.0442418951077177,-0.10757372654155495,-0.00013562113637344275
2024-07-09,24433.19921875,24433.19921875,24443.599609375,24331.900390625,24351.0,250500,0.004631820986013446,0.00462112711188291,0.05017495047481285,23835.469921875,23073.80390625,0.050474652586216306,-0.05933158092377022,0.0
2024-07-10,24324.44921875,24324.44921875,24461.05078125,24141.80078125,24459.849609375,292300,-0.004450911197766749,-0.004460845993233708,0.055436456096738015,23888.44990234375,23111.89390625,0.04554508742442143,0.16686626746506983,-0.004450911197766749
2024-07-11,24315.94921875,24315.94921875,24402.650390625,24193.75,24396.55078125,306400,-0.0003494426502141934,-0.0003495037195243165,0.056168768942509655,23938.09990234375,23145.3448828125,0.042576090643017706,0.04823811152925073,-0.004798798509776048
2024-07-12,24502.150390625,24502.150390625,24592.19921875,24331.150390625,24387.94921875,325800,0.007657573644356042,0.007628403248955412,0.05942882270340309,23993.26240234375,23183.2908984375,0.04714965154696027,0.0633159268929504,0.0
2024-07-15,24586.69921875,24586.69921875,24635.05078125,24522.75,24587.599609375,305400,0.003450669707641296,0.0034447298074261035,0.0595391460757264,24049.3173828125,23222.0608984375,0.04777630352676332,-0.06261510128913439,0.0
2024-07-16,24613.0,24613.0,24661.25,24587.650390625,24615.900390625,283200,0.0010697158254551198,0.0010691440871768358,0.059389194362991976,24102.07236328125,23264.80390625,0.044787506181785286,-0.07269155206286837,0.0
2024-07-18,24800.849609375,24800.849609375,24837.75,24504.44921875,24543.80078125,350900,0.007632129743428306,0.007603152387120198,0.060399493692144396,24166.31484375,23311.9669140625,0.05463725163186761,0.23905367231638408,0.0
2024-07-19,24530.900390625,24530.900390625,24854.80078125,24508.150390625,24853.80078125,343800,-0.010884676251089243,-0.010944347737899481,0.07736629819560223,24214.50986328125,23356.534921875,0.040900428167564895,-0.020233684810487373,-0.010884676251089243
2024-07-22,24509.25,24509.25,24595.19921875,24362.30078125,24445.75,324200,-0.0008825762723847497,-0.0008829659721330775,0.07607570780952824,24264.9173828125,23400.669921875,0.04289800934347898,-0.057009889470622466,-0.01175764596648221
2024-07-23,24479.05078125,24479.05078125,24582.55078125,24074.19921875,24568.900390625,436400,-0.0012321559717249908,-0.0012329157000276177,0.0769795023462388,24311.97744140625,23451.1009375,0.039986710234571454,0.3460826650215916,-0.012975314684516182
2024-07-24,24413.5,24413.5,24504.25,24307.25,24444.94921875,366600,-0.002677831825905974,-0.00268142363114976,0.07544927038207665,24346.58740234375,23498.266953125,0.02918049162367753,-0.15994500458295147,-0.015618400799808807
2024-07-25,24406.099609375,24406.099609375,24426.150390625,24210.80078125,24230.94921875,391800,-0.0003031269840456652,-0.0003031729363163769,0.0735131314539224,24373.45234375,23544.3079296875,0.022510507882200326,0.06873977086743044,-0.01591679342512442
2024-07-26,24834.849609375,24834.849609375,24861.150390625,24410.900390625,24423.349609375,383800,0.01756732976027453,0.01741480789992859,0.09136815273287631,24412.96982421875,23596.6479296875,0.03287028673397252,-0.020418580908626804,0.0
2024-07-29,24836.099609375,24836.099609375,24999.75,24774.599609375,24943.30078125,355000,5.03324972633834e-05,5.0331230625744864e-05,0.09087175172682886,24454.24482421875,23649.35890625,0.034380649106225736,-0.07503908285565397,0.0
2024-07-30,24857.30078125,24857.30078125,24971.75,24798.650390625,24839.400390625,385000,0.0008536433743000504,0.0008532792280141148,0.08980459893377604,24490.01240234375,23698.4279296875,0.029631060691007294,0.08450704225352124,0.0
2024-07-31,24951.150390625,24951.150390625,24984.599609375,24856.5,24886.69921875,333600,0.00377553501085659,0.0037684255675633532,0.08976203128261935,24531.37744140625,23748.1289453125,0.034293895652893314,-0.13350649350649346,0.0
2024-08-01,25010.900390625,25010.900390625,25078.30078125,24956.400390625,25030.94921875,431300,0.0023946791656728195,0.002391816490734086,0.08783701751442745,24567.5974609375,23797.7659375,0.02982728637823473,0.2928657074340528,0.0
2024-08-02,24717.69921875,24717.69921875,24851.900390625,24686.849609375,24789.0,345000,-0.011722935491954689,-0.011792190883304469,0.09968141021986272,24588.37490234375,23840.16390625,0.017099261647451014,-0.2000927428703918,-0.011722935491954689
2024-08-05,24055.599609375,24055.599609375,24350.05078125,23893.69921875,24302.849609375,487000,-0.02678645789462286,-0.02715175314145156,0.14075770965739554,24574.96240234375,23861.922890625,-0.011028270783939198,0.41159420289855064,-0.038195377468620895
2024-08-06,23992.55078125,23992.55078125,24382.599609375,23960.400390625,24189.849609375,312300,-0.0026209626510589334,-0.0026244033870099497,0.14093660181386874,24558.56240234375,23882.6319140625,-0.013486536672223437,-0.3587268993839836,-0.04071623146189152
2024-08-07,24297.5,24297.5,24337.69921875,24184.900390625,24289.400390625,317600,0.012710162480444431,0.012630066341245293,0.14763912234948684,24551.77744140625,23909.9329296875,-0.005553886641494921,0.01697086135126491,-0.0285235788989191
2024-08-08,24117.0,24117.0,24340.5,24079.69921875,24248.55078125,311900,-0.007428747813561065,-0.007456478381555143,0.14913995156188317,24541.40498046875,23934.509921875,-0.00852842409233634,-0.017947103274559173,-0.03574043223809997
2024-08-09,24367.5,24367.5,24419.75,24311.19921875,24386.849609375,215100,0.010386864037815746,0.010333291215294636,0.15395771639940034,24543.98251953125,23967.7659375,0.0021200398465319736,-0.3103558832959282,-0.02572479921059423
2024-08-12,24347.0,24347.0,24472.80078125,24212.099609375,24320.05078125,279900,-0.0008412844977941925,-0.0008416385761983504,0.15138286518773664,24536.225,24004.9329296875,-0.006332113228901037,0.3012552301255229,-0.026544441833603605
2024-08-13,24139.0,24139.0,24359.94921875,24116.5,24342.349609375,239700,-0.008543146999630324,-0.00857984886239657,0.15342276948573677,24513.8400390625,24037.0989453125,-0.018209000515554408,-0.1436227224008575,-0.03486081576462641
2024-08-14,24143.75,24143.75,24196.5,24099.69921875,24184.400390625,303300,0.00019677699987563635,0.0001967576418212346,0.15330404810751466,24490.3775390625,24054.6959375,-0.019065128184292846,0.265331664580726,-0.03467089857149008
2024-08-16,24541.150390625,24541.150390625,24563.900390625,24204.5,24334.849609375,271600,0.016459762490292462,0.016325768935141063,0.16261209057924056,24477.392578125,24107.8289453125,-0.010471383958226554,-0.10451697988789976,-0.01878181083700925
2024-08-19,24572.650390625,24572.650390625,24638.80078125,24522.94921875,24636.349609375,243600,0.0012835584110202358,0.0012827353541420893,0.1579475775709012,24479.480078125,24146.8749609375,0.001701935083310513,-0.1030927835051546,-0.017522359977263036
2024-08-20,24698.849609375,24698.849609375,24734.30078125,24607.19921875,24648.900390625,238300,0.005135759339910173,0.0051226163083365125,0.15889516998110764,24488.96005859375,24184.4239453125,0.0077358388924588795,-0.021756978653530323,-0.012476591261263326
2024-08-21,24770.19921875,24770.19921875,24787.94921875,24654.5,24680.55078125,257100,0.0028887826964991703,0.0028846181820890576,0.15901116234915147,24503.51748046875,24214.024921875,0.011893779709914565,0.07889215274863615,-0.009623850725710925
2024-08-22,24811.5,24811.5,24867.349609375,24784.44921875,24863.400390625,220300,0.001667357653657442,0.0016659691560852782,0.1585726641952731,24523.41748046875,24245.0709375,0.016302455608577127,-0.14313496693893424,-0.007972539473218743
2024-08-23,24823.150390625,24823.150390625,24858.400390625,24771.650390625,24845.400390625,206800,0.00046955607782672715,0.0004694458708691634,0.15852453063322838,24544.27001953125,24276.236953125,0.01708797341340862,-0.061280072628234206,-0.007506726949757292
2024-08-26,25010.599609375,25010.599609375,25043.80078125,24874.69921875,24906.099609375,210300,0.007551387144671073,0.007523018148105455,0.14837681868616587,24553.05751953125,24309.9899609375,0.007076749115229486,0.016924564796905184,-1.2026006473320194e-05
2024-08-27,25017.75,25017.75,25073.099609375,24973.650390625,25024.80078125,223300,0.0002858944102370753,0.0002858535502177548,0.14837281042429773,24562.1400390625,24342.366953125,0.007313966101039071,0.061816452686638046,0.0
2024-08-28,25052.349609375,25052.349609375,25129.599609375,24964.650390625,25030.80078125,220400,0.0013830024432652799,0.0013820469762269526,0.14840778745874061,24571.89248046875,24374.101953125,0.007846742083602587,-0.012987012987012991,0.0
2024-08-29,25151.94921875,25151.94921875,25192.900390625,24998.5,25035.30078125,354000,0.00397565940632294,0.003967777356455909,0.14846963730436988,24581.932421875,24405.9829296875,0.008047678162384386,0.6061705989110708,0.0
2024-08-30,25235.900390625,25235.900390625,25268.349609375,25199.400390625,25249.69921875,638200,0.003337760073577778,0.003332202116407902,0.14867428224088167,24593.182421875,24440.3809375,0.008996077569615846,0.8028248587570621,0.0
2024-09-02,25278.69921875,25278.69921875,25333.650390625,25235.5,25333.599609375,222800,0.001695950113232314,0.0016945136137639853,0.14148139652412842,24621.232421875,24474.614921875,0.022696287184142294,-0.6508931369476654,0.0
2024-09-03,25279.849609375,25279.849609375,25321.69921875,25235.80078125,25313.400390625,212100,4.550829989491412e-05,4.550726442364936e-05,0.09454678690578558,24682.444921875,24510.189921875,0.05089251649844062,-0.048025134649910206,0.0
2024-09-04,25198.69921875,25198.69921875,25216.0,25083.80078125,25089.94921875,253800,-0.0032100820170585243,-0.003215245383183467,0.0949922381690068,24742.75234375,24543.4069140625,0.05027178846038316,0.19660537482319662,-0.0032100820170585243
2024-09-05,25145.099609375,25145.099609375,25275.44921875,25127.75,25250.5,222200,-0.0021270784221717465,-0.0021293438665674616,0.08822496484282134,24785.13232421875,24571.882890625,0.03488423127379359,-0.12450748620961383,-0.00533033234303848
2024-09-06,24852.150390625,24852.150390625,25168.75,24801.30078125,25093.69921875,311700,-0.011650350298901935,-0.011718747382249265,0.09512853004006867,24821.88984375,24591.5498828125,0.03048266329249083,0.40279027902790276,-0.016918582402934423
2024-09-09,24936.400390625,24936.400390625,24957.5,24753.150390625,24823.400390625,254400,0.003390048695012693,0.003384315433638339,0.08960956403215005,24850.33486328125,24609.387890625,0.023346686801066996,-0.18383060635226178,-0.013585888526118195
2024-09-10,25041.099609375,25041.099609375,25130.5,24896.80078125,24999.400390625,251300,0.0041986500501236534,0.0041898603137641086,0.08990280516439299,24885.03984375,24629.997890625,0.028508629784983697,-0.01218553459119498,-0.009444280867535682
2024-09-11,24918.44921875,24918.44921875,25113.69921875,24885.150390625,25034.0,279200,-0.004897963449619458,-0.004909997784499106,0.08532385120210839,24924.0123046875,24645.527890625,0.03229003764654714,0.11102268205332266,-0.014295986574658026
2024-09-12,25388.900390625,25388.900390625,25433.349609375,24941.44921875,25059.650390625,380100,0.01887963282727112,0.018703624424743968,0.10446167389175517,24986.26982421875,24670.82890625,0.051572369272586016,0.36138968481375366,0.0
2024-09-13,25356.5,25356.5,25430.5,25292.44921875,25430.44921875,250800,-0.0012761636040355961,-0.0012769785942554214,0.09147336201615042,25027.0373046875,24692.22890625,0.03322377298524981,-0.34017363851618,-0.0012761636040355961
2024-09-16,25383.75,25383.75,25445.69921875,25336.19921875,25406.650390625,168700,0.0010746751326089488,0.0010740980826790941,0.0914869909375903,25067.59228515625,24713.8608984375,0.033008226482742486,-0.3273524720893142,-0.0002028599327169589
2024-09-17,25418.55078125,25418.55078125,25441.650390625,25352.25,25416.900390625,216000,0.0013709866056039743,0.0013700476615561017,0.09054842391175412,25103.57734375,24735.754921875,0.029139056403737262,0.2803793716656786,0.0
2024-09-18,25377.55078125,25377.55078125,25482.19921875,25285.55078125,25402.400390625,215700,-0.0016129951842196455,-0.0016142974615182065,0.0910009997203952,25133.944921875,24756.894921875,0.02451944601399325,-0.001388888888888884,-0.0016129951842196455
2024-09-19,25415.80078125,25415.80078125,25611.94921875,25376.05078125,25487.05078125,314500,0.0015072376499098983,0.0015061029073179838,0.09099217207223274,25164.1599609375,24776.546953125,0.024355673024605506,0.45804357904496995,-0.0001081887013806293
2024-09-20,25790.94921875,25790.94921875,25849.25,25426.599609375,25525.94921875,533100,0.014760441377741573,0.014652566289984728,0.10265548767558806,25212.54990234375,24805.876953125,0.03898775187256298,0.6950715421303657,0.0
2024-09-23,25939.05078125,25939.05078125,25956.0,25847.349609375,25872.55078125,209200,0.005742385099666292,0.005725960454112572,0.1015449795871144,25258.9724609375,24838.338984375,0.03712230759661517,-0.607578315513037,0.0
2024-09-24,25940.400390625,25940.400390625,26011.55078125,25886.849609375,25921.44921875,384100,5.2030021699067674e-05,5.20286681844374e-05,0.10159528926181643,25305.10498046875,24867.103984375,0.03687983094502911,0.8360420650095601,0.0
2024-09-25,26004.150390625,26004.150390625,26032.80078125,25871.349609375,25899.44921875,278500,0.0024575565157058943,0.0024545416621303915,0.10160658487243576,25352.69501953125,24895.4530078125,0.037992475599726516,-0.27492840406144237,0.0
2024-09-26,26216.05078125,26216.05078125,26250.900390625,25998.400390625,26005.400390625,370900,0.008148714241454025,0.008115692736807522,0.10378879039570665,25405.90009765625,24927.5140234375,0.04230692234805988,0.33177737881508085,0.0
2024-09-27,26178.94921875,26178.94921875,26277.349609375,26151.400390625,26248.25,490300,-0.0014152231703233875,-0.0014162255444679923,0.10439088599084659,25453.0525390625,24955.076015625,0.03736933549140731,0.3219196548935024,-0.0014152231703233875
2024-09-30,25810.849609375,25810.849609375,26134.69921875,25794.099609375,26061.30078125,343100,-0.014060900852023384,-0.014160691857076434,0.11884348541319865,25479.66005859375,24980.675,0.021051335989246134,-0.3002243524372833,-0.015456224709665456
2024-10-01,25796.900390625,25796.900390625,25907.599609375,25739.19921875,25788.44921875,247400,-0.0005404401234794243,-0.0005405862138807384,0.11892682197891215,25505.51259765625,25006.4280078125,0.020453079794361395,-0.27892742640629553,-0.015988311669154265
2024-10-03,25250.099609375,25250.099609375,25639.44921875,25230.30078125,25452.849609375,423400,-0.021196375260987388,-0.02142424417261006,0.14270016732538132,25508.0826171875,25021.848984375,0.0020398033318622666,0.7113985448666127,-0.036845792676212685
2024-10-04,25014.599609375,25014.599609375,25485.05078125,24966.80078125,25181.900390625,374900,-0.009326695880144675,-0.009370461848646757,0.14646698808526856,25501.5576171875,25033.8709765625,-0.0051898780290114965,-0.11454888993859236,-0.045828839053603354
2024-10-07,24795.75,24795.75,25143.0,24694.349609375,25084.099609375,374300,-0.008748875168602677,-0.008787371273170997,0.14377011827107267,25498.73759765625,25041.663984375,-0.0022694370401957764,-0.001600426780474784,-0.05417676343020417
2024-10-08,25013.150390625,25013.150390625,25044.0,24756.80078125,24832.19921875,333200,0.00876764730346924,0.008729434677965052,0.146716697615265,25502.57509765625,25045.23,0.003077829951305011,-0.10980496927598182,-0.04588411888053434
2024-10-09,24981.94921875,24981.94921875,25234.05078125,24947.69921875,25065.80078125,290600,-0.0012473907279866303,-0.0012481693673798233,0.1460005906300947,25499.617578125,25048.1469921875,-0.002362132316380161,-0.1278511404561825,-0.04707427418406751
2024-10-10,24998.44921875,24998.44921875,25134.05078125,24979.400390625,25067.05078125,261400,0.0006604768849507447,0.0006602588660852999,0.14491066476892495,25503.617578125,25050.9699609375,0.0032104726621511315,-0.10048176187198898,-0.04644488876909114
2024-10-11,24964.25,24964.25,25028.650390625,24920.05078125,24985.30078125,210500,-0.0013680536120755926,-0.0013689902517646816,0.12728828471834205,25482.38505859375,25051.231953125,-0.01672582837741976,-0.1947207345065034,-0.047749403283323666
2024-10-14,25127.94921875,25127.94921875,25159.75,25017.5,25023.44921875,206400,0.006557345754428789,0.006535939888908111,0.1299290848929729,25470.95751953125,25053.5729296875,-0.009013498757714955,-0.019477434679334937,-0.04150516687579131
2024-10-15,25057.349609375,25057.349609375,25212.05078125,25008.150390625,25186.30078125,257200,-0.0028096049048969007,-0.0028135592532655376,0.13005594449437358,25454.6375,25060.3659375,-0.012858635569015564,0.24612403100775193,-0.04419815866025545
2024-10-16,24971.30078125,24971.30078125,25093.400390625,24908.44921875,25008.55078125,226800,-0.0034340754096676696,-0.003439985380697183,0.13018715217278376,25432.275,25078.6799609375,-0.017595416979079515,-0.11819595645412129,-0.04748045426011527
2024-10-17,24749.849609375,24749.849609375,25029.5,24728.900390625,25027.400390625,252800,-0.008868227322834543,-0.008907784090014885,0.13326493931237174,25400.88994140625,25093.8259375,-0.024734505598498213,0.11463844797178124,-0.055927614121179636
2024-10-18,24854.05078125,24854.05078125,24886.19921875,24567.650390625,24664.94921875,290900,0.004210173941240125,0.004201335956550517,0.13434389930464555,25372.80244140625,25104.956953125,-0.022102392320230146,0.15071202531645578,-0.05195290516350837
2024-10-21,24781.099609375,24781.099609375,24978.30078125,24679.599609375,24956.150390625,242000,-0.00293518237799828,-0.002939498473548445,0.1207832353312366,25322.3099609375,25118.2389453125,-0.039155193583989556,-0.16809900309384673,-0.05473559628978486
2024-10-22,24472.099609375,24472.099609375,24882.0,24445.80078125,24798.650390625,279500,-0.012469180337869368,-0.012547572909439223,0.12268823482453879,25248.96240234375,25120.3309375,-0.05655377231210723,0.1549586776859504,-0.06652226860661614
2024-10-23,24435.5,24435.5,24604.25,24378.099609375,24378.150390625,284600,-0.001495564743491773,-0.0014966842167451323,0.12231478454178482,25173.7173828125,25122.1009375,-0.05801376879166753,0.018246869409660027,-0.06791834499052274
2024-10-24,24399.400390625,24399.400390625,24480.650390625,24341.19921875,24412.69921875,216700,-0.0014773427748562273,-0.0014784351216731097,0.12078069770434065,25093.4798828125,25127.3089453125,-0.061711302845662064,-0.23858046380885456,-0.06929534908912705
2024-10-25,24180.80078125,24180.80078125,24440.25,24073.900390625,24418.05078125,372600,-0.008959220549493163,-0.00899959570008371,0.11466652227519178,24991.7173828125,25128.0499609375,-0.07763373732307666,0.7194277803414859,-0.07763373732307666
2024-10-28,24339.150390625,24339.150390625,24492.599609375,24134.900390625,24251.099609375,278600,0.0065485676346082045,0.006527218917237164,0.12040117169104646,24899.72744140625,25124.0099609375,-0.0702777950616632,-0.2522812667740204,-0.07159355946805612
2024-10-29,24466.849609375,24466.849609375,24484.5,24140.849609375,24328.849609375,332000,0.0052466588480091225,0.0052329430871703615,0.11757963535587064,24832.52744140625,25121.8939453125,-0.052071125915662764,0.1916726489590812,-0.06672252760229036
2024-10-30,24340.849609375,24340.849609375,24498.19921875,24307.30078125,24371.44921875,285200,-0.005149825253829232,-0.00516313130612327,0.11761222271001598,24759.72490234375,25114.7339453125,-0.05644285783183289,-0.14096385542168677,-0.07152874349847405
2024-10-31,24205.349609375,24205.349609375,24372.44921875,24172.599609375,24349.849609375,287000,-0.005566773640794054,-0.00558232586918934,0.09598164792861014,24707.48740234375,25103.436953125,-0.04137607439822133,0.006311360448807868,-0.07669733281540159
2024-11-01,24304.349609375,24304.349609375,24368.25,24280.19921875,24302.75,38800,0.004090004961616156,0.004081663627652918,0.09435457748831948,24671.97490234375,25093.2939453125,-0.028393418687133853,-0.864808362369338,-0.07292102032554304
2024-11-04,23995.349609375,23995.349609375,24316.75,23816.150390625,24315.75,285500,-0.0127137736646451,-0.012795285302364113,0.0994298703176185,24631.9548828125,25076.7379296875,-0.03227974110986764,6.358247422680412,-0.08470769264237421
2024-11-05,24213.30078125,24213.30078125,24229.05078125,23842.75,23916.5,289500,0.00908305881860727,0.009042055940529129,0.09986754284414184,24591.96240234375,25060.791953125,-0.031977163887152216,0.014010507880910739,-0.0763940387784261
2024-11-06,24484.05078125,24484.05078125,24537.599609375,24204.05078125,24308.75,351100,0.011181870759630508,0.011119815807918394,0.10965643612486742,24567.06748046875,25050.11796875,-0.01993032781950843,0.21278065630397247,-0.0660663962872221
2024-11-07,24199.349609375,24199.349609375,24503.349609375,24179.05078125,24489.599609375,322200,-0.011628025706147627,-0.011696159889418445,0.11576690015178955,24527.1125,25033.05796875,-0.03196596726390688,-0.08231273141555118,-0.07692620023902941
2024-11-08,24148.19921875,24148.19921875,24276.150390625,24066.650390625,24207.69921875,298700,-0.002113709312467793,-0.0021159463488489003,0.11577540557679822,24486.3099609375,25012.98296875,-0.03268877619996591,-0.0729360645561763,-0.0788773099256792
2024-11-11,24141.30078125,24141.30078125,24336.80078125,24004.599609375,24087.25,273400,-0.00028567088740283353,-0.00028571169910344984,0.11183418902821853,24436.9775390625,24991.0909765625,-0.03926498055654226,-0.08470036826247074,-0.07914044786195962
2024-11-12,23883.44921875,23883.44921875,24242.0,23839.150390625,24225.80078125,255800,-0.010680930776533315,-0.010738381367723213,0.11605442375518486,24378.28251953125,24963.1859765625,-0.046848545792959495,-0.06437454279444033,-0.08897608499325538
2024-11-13,23559.05078125,23559.05078125,23873.599609375,23509.599609375,23822.44921875,304600,-0.013582562322921432,-0.013675649189030194,0.12276538200421487,24307.67001953125,24928.77,-0.05655492328458933,0.19077404222048466,-0.10135012409650634
2024-11-14,23532.69921875,23532.69921875,23675.900390625,23484.150390625,23542.150390625,257700,-0.0011185324376894457,-0.0011191584619590343,0.12081681338297799,24246.8125,24895.45,-0.04917809238582016,-0.15397242284963886,-0.10235529313282998
2024-11-18,23453.80078125,23453.80078125,23606.80078125,23350.400390625,23605.30078125,263300,-0.0033527151631265184,-0.003358348106569627,0.11818907935030368,24176.8,24861.6240234375,-0.0563389047654298,0.021730694606131085,-0.1053648401526438
2024-11-19,23518.5,23518.5,23780.650390625,23464.80078125,23529.55078125,297500,0.002758581406631766,0.002754783503889256,0.11987975706880925,24113.67001953125,24834.951015625,-0.050950104284207876,0.12988985947588305,-0.10289691623496999
2024-11-21,23349.900390625,23349.900390625,23507.30078125,23263.150390625,23488.44921875,420300,-0.007168807933116472,-0.007194627306794726,0.1154200528398933,24057.56005859375,24803.221015625,-0.04585627047382956,0.4127731092436975,-0.10932807593868799
2024-11-22,23907.25,23907.25,23956.099609375,23359.0,23411.80078125,367600,0.023869464111237804,0.02358904203763299,0.14770493521484748,24031.14755859375,24780.5440234375,-0.02161813754578379,-0.12538662859862004,-0.08806821441241941
2024-11-25,24221.900390625,24221.900390625,24351.55078125,24135.44921875,24253.55078125,687200,0.013161295867362366,0.013075438521712217,0.15600232860635996,24022.27255859375,24766.613046875,-0.007274768935231712,0.869423286180631,-0.07606601037144911
2024-11-26,24194.5,24194.5,24343.30078125,24125.400390625,24343.30078125,230700,-0.0011312238174179257,-0.0011318641340202825,0.15269131942481962,24022.95751953125,24742.7250390625,0.0005665328817654469,-0.664289871944121,-0.07711118650623894
2024-11-27,24274.900390625,24274.900390625,24354.55078125,24145.650390625,24204.80078125,295000,0.003323085437806128,0.0033175761911502914,0.15129813429203923,24019.74501953125,24721.093046875,-0.002639779900647121,0.27871694841785866,-0.07404434812940364
2024-11-28,23914.150390625,23914.150390625,24345.75,23873.349609375,24274.150390625,366700,-0.014861029054492936,-0.0149725605075969,0.15861795162744544,23992.11005859375,24691.7010546875,-0.02258971741659055,0.24305084745762717,-0.0878050019750245
2024-11-29,24131.099609375,24131.099609375,24188.44921875,23927.150390625,23927.150390625,282100,0.009072001940535257,0.009031098528695802,0.16181588461745186,23981.62255859375,24665.95203125,-0.008617201263147911,-0.2307062994273248,-0.07952956718279547
2024-12-02,24276.05078125,24276.05078125,24301.69921875,24008.650390625,24140.849609375,220400,0.006006820004948565,0.005988850983542634,0.1621443801833433,23985.1576171875,24643.92203125,0.0029208903410185005,-0.2187167671038639,-0.07400046697298546
2024-12-03,24457.150390625,24457.150390625,24481.349609375,24280.0,24367.5,339500,0.007460011144599932,0.007432322879372628,0.1636523097048144,23992.79765625,24624.7490234375,0.006286972649169664,0.5403811252268602,-0.06709250013670953
2024-12-04,24467.44921875,24467.44921875,24573.19921875,24366.30078125,24488.75,348000,0.00042109681465385407,0.0004210081782723239,0.15616433899755872,24016.40263671875,24598.2790234375,0.019674629336950744,0.025036818851251752,-0.06669965576015047
2024-12-05,24708.400390625,24708.400390625,24857.75,24295.55078125,24539.150390625,361500,0.009847825562885104,0.009799651742121284,0.1567056681510599,24041.1576171875,24573.666015625,0.020447423250876673,0.0387931034482758,-0.057508676772295875
2024-12-06,24677.80078125,24677.80078125,24751.05078125,24620.5,24729.44921875,226700,-0.0012384293961259507,-0.0012391968835286232,0.15220886399702,24050.8451171875,24548.4140234375,0.007913314742361788,-0.37289073305670817,-0.05867588573257465
2024-12-09,24619.0,24619.0,24705.0,24580.05078125,24633.900390625,248100,-0.0023827399277279726,-0.002385583169878571,0.14585539010899184,24071.82763671875,24520.711015625,0.017341391293525632,0.09439788266431415,-0.06091881628457285
2024-12-10,24610.05078125,24610.05078125,24677.80078125,24510.650390625,24652.650390625,261000,-0.0003635086213900074,-0.00036357470666444975,0.14551347038554932,24094.92021484375,24488.591015625,0.019125714440080932,0.051995163240628806,-0.06126018039103842
2024-12-11,24641.80078125,24641.80078125,24691.75,24583.849609375,24620.5,187300,0.0012901233029631864,0.0012892918089711122,0.1454438512854201,24119.94521484375,24457.848046875,0.020732105719370564,-0.28237547892720305,-0.060049090274341466
2024-12-12,24548.69921875,24548.69921875,24675.25,24527.94921875,24604.44921875,266100,-0.003778196379659149,-0.003785351792322941,0.13997590139808178,24153.20771484375,24432.6050390625,0.027854016976649243,0.4207154297917779,-0.06360040939852418
2024-12-13,24768.30078125,24768.30078125,24792.30078125,24180.80078125,24498.349609375,310100,0.008945547808588916,0.008905773422254015,0.13039819443769013,24213.67021484375,24412.033046875,0.0513284686733817,0.16535137166478764,-0.05522380209285549
2024-12-16,24668.25,24668.25,24781.25,24601.75,24753.400390625,187600,-0.004039468921733236,-0.004047649614185296,0.13188291474367628,24270.44775390625,24400.3960546875,0.04825416628557577,-0.39503386004514673,-0.059040196182294724
2024-12-17,24336.0,24336.0,24624.099609375,24303.44921875,24584.80078125,264900,-0.013468730047733413,-0.01356025614827435,0.14230597790100746,24314.55771484375,24386.8240625,0.037614339227067584,0.4120469083155651,-0.07171372976568358
2024-12-18,24198.849609375,24198.849609375,24394.44921875,24149.849609375,24297.94921875,235300,-0.005635699812006956,-0.005651640286891943,0.14470246450648613,24348.5751953125,24374.8860546875,0.02892827388545194,-0.11174027935069841,-0.0769452725243317
2024-12-19,23951.69921875,23951.69921875,24004.900390625,23870.30078125,23877.150390625,271100,-0.010213311567061067,-0.01026582529903898,0.14751251488333353,24378.66513671875,24353.65703125,0.02577307903063364,0.1521461963450914,-0.08637271804948932
2024-12-20,23587.5,23587.5,24065.80078125,23537.349609375,23960.69921875,442700,-0.01520556915080562,-0.015322359236337606,0.13342708285140517,24362.67763671875,24325.768046875,-0.013374603938135943,0.632976761342678,-0.10026494086325033
2024-12-23,23753.44921875,23753.44921875,23869.55078125,23647.19921875,23738.19921875,189800,0.0070354729729729115,0.007010839504245724,0.12670610042709748,24339.255078125,24300.868046875,-0.019339984242372377,-0.5712672238536255,-0.0939348791718575
2024-12-24,23727.650390625,23727.650390625,23867.650390625,23685.150390625,23769.099609375,177700,-0.0010861087115143775,-0.0010866989549987555,0.12670546720094011,24315.91259765625,24276.1360546875,-0.019295691556965422,-0.06375131717597471,-0.09491896439278835
2024-12-26,23750.19921875,23750.19921875,23854.5,23653.599609375,23775.80078125,177700,0.0009503186263191132,0.0009498673594489271,0.12591806407445388,24289.6775390625,24248.5810546875,-0.021614967041332922,0.0,-0.09405884902632256
2024-12-27,23813.400390625,23813.400390625,23938.849609375,23800.599609375,23801.400390625,176800,0.002661079652128029,0.002657545248501766,0.11524136386087618,24284.6400390625,24223.7020703125,-0.004212986802972329,-0.005064715813168252,-0.09164806746344123
2024-12-30,23644.900390625,23644.900390625,23915.349609375,23599.30078125,23796.900390625,364900,-0.007075847935867907,-0.007101000468431965,0.11227059877109591,24260.330078125,24197.1740625,-0.02014824134085913,1.0639140271493215,-0.09807542761032162
2024-12-31,23644.80078125,23644.80078125,23689.849609375,23460.44921875,23560.599609375,193600,-4.212721278373799e-06,-4.2127301519090045e-06,0.10928577475686048,24228.767578125,24175.0730859375,-0.026002993884308268,-0.4694436832008769,-0.09807922716715922
2025-01-01,23742.900390625,23742.900390625,23822.80078125,23562.80078125,23637.650390625,154900,0.004148887118253564,0.004140304217561321,0.10637605525777297,24193.055078125,24152.850078125,-0.02920413820057255,-0.199896694214876,-0.09433725969106777
2025-01-02,24188.650390625,24188.650390625,24226.69921875,23751.55078125,23783.0,283200,0.018774033191665485,0.018599976157659907,0.12805271061857118,24179.11513671875,24141.00109375,-0.011394683018749241,0.828276307295029,-0.07733431734405316
2025-01-03,24004.75,24004.75,24196.44921875,23976.0,24196.400390625,312300,-0.007602755327609123,-0.007631803596810856,0.12421691193525099,24143.9326171875,24131.6541015625,-0.0284781847266804,0.1027542372881356,-0.08434911877846785
2025-01-06,23616.05078125,23616.05078125,24089.94921875,23551.900390625,24045.80078125,278100,-0.016192595996625703,-0.016325128725884954,0.13496380390093698,24090.8451171875,24115.2651171875,-0.04302449839074429,-0.10951008645533145,-0.09917588357204232
2025-01-07,23707.900390625,23707.900390625,23795.19921875,23637.80078125,23679.900390625,262300,0.0038892874268343647,0.0038817437019732417,0.1366715349181043,24045.29013671875,24101.4351171875,-0.037007986082903455,-0.05681409564904716,-0.09567231966222978
2025-01-08,23688.94921875,23688.94921875,23751.849609375,23496.150390625,23746.650390625,266400,-0.0007993610384197103,-0.0007996806978147784,0.1366158800162908,23999.23505859375,24091.5980859375,-0.03742786110794105,0.015630956919557848,-0.09639520397585633
2025-01-09,23526.5,23526.5,23689.5,23503.05078125,23674.75,269200,-0.006857594959147506,-0.006881216315863482,0.13715767599374346,23943.47001953125,24075.345078125,-0.04526052260347124,0.010510510510510551,-0.1025917596701329
2025-01-10,23431.5,23431.5,23596.599609375,23344.349609375,23551.900390625,261000,-0.004037999702463213,-0.004046174437066828,0.13719785825407507,23887.61005859375,24054.6380859375,-0.04550950780710594,-0.03046062407132244,-0.1062154938775729
2025-01-13,23085.94921875,23085.94921875,23340.94921875,23047.25,23195.400390625,316500,-0.014747275302477436,-0.014857097422370331,0.13731889108042944,23803.49248046875,24029.540078125,-0.06792357608050237,0.21264367816091956,-0.11939638005044917
2025-01-14,23176.05078125,23176.05078125,23264.94921875,23134.150390625,23165.900390625,311200,0.003902874499386977,0.003895278043635164,0.13978416204623362,23728.88251953125,24008.9541015625,-0.0604906800745898,-0.016745655608214838,-0.11595949463808031
2025-01-15,23213.19921875,23213.19921875,23293.650390625,23146.44921875,23250.44921875,228000,0.0016028803979861728,0.0016015971562733668,0.13504490453836157,23672.74248046875,23987.13109375,-0.046137441701594395,-0.26735218508997427,-0.11454248344100981
2025-01-16,23311.80078125,23311.80078125,23391.650390625,23272.05078125,23377.25,299400,0.004247650725383689,0.004238654922064901,0.13640574911130815,23628.3900390625,23973.4601171875,-0.0366566527931701,0.3131578947368421,-0.11078136917850157
2025-01-17,23203.19921875,23203.19921875,23292.099609375,23100.349609375,23277.099609375,272900,-0.004658651792672774,-0.004669537131428157,0.13324557903294817,23590.9650390625,23953.2580859375,-0.03125039243203487,-0.08851035404141616,-0.11492392914705607
2025-01-20,23344.75,23344.75,23391.099609375,23170.650390625,23290.400390625,301500,0.006100485537167577,0.006081952909099664,0.1254138586155411,23578.8275390625,23930.4720703125,-0.010291467938526755,0.10480029314767325,-0.10952453537752471
2025-01-21,23024.650390625,23024.650390625,23426.30078125,22976.849609375,23421.650390625,312900,-0.013711845677293555,-0.013806721311582606,0.13050671983870754,23542.38759765625,23906.9780859375,-0.030681810519952446,0.037810945273631935,-0.12173459752784443
2025-01-22,23155.349609375,23155.349609375,23169.55078125,22981.30078125,23099.150390625,276000,0.0056764909144164655,0.0056604403518015324,0.13300367626097848,23513.77255859375,23887.12109375,-0.024119572390366995,-0.11792905081495686,-0.11674913195026482
2025-01-23,23205.349609375,23205.349609375,23270.80078125,23090.650390625,23128.30078125,275600,0.0021593282262408753,0.0021570002277194853,0.13333357962700196,23486.530078125,23868.4020703125,-0.02294084375279093,-0.0014492753623188692,-0.11484190342003331
2025-01-24,23092.19921875,23092.19921875,23347.30078125,23050.0,23183.900390625,264300,-0.004876047658393667,-0.00488797436469754,0.13315795795135946,23450.47001953125,23852.5770703125,-0.03028551823950887,-0.04100145137880984,-0.11915797648417026
2025-01-27,22829.150390625,22829.150390625,23007.44921875,22786.900390625,22940.150390625,257400,-0.011391241935562957,-0.011456619090824587,0.1364289535448007,23409.68251953125,23837.9790625,-0.034500039607840205,-0.026106696935300766,-0.12919186108104996
2025-01-28,22957.25,22957.25,23137.94921875,22857.650390625,22960.44921875,361900,0.005611229817278129,0.005595545512054291,0.13880955776404122,23375.30498046875,23826.470078125,-0.02907830721903215,0.4059829059829059,-0.12430555648681951
2025-01-29,23163.099609375,23163.099609375,23183.349609375,22976.5,23026.75,226300,0.008966649288351114,0.008926687592645893,0.1423719087675706,23346.31494140625,23820.6560546875,-0.02441996435612126,-0.3746891406465874,-0.11645351152807892
2025-01-30,23249.5,23249.5,23322.05078125,23139.19921875,23169.5,361900,0.003730087599762788,0.003723148074350194,0.12341195805750312,23299.357421875,23815.2760546875,-0.03882607650524372,0.5992045956694654,-0.11315780572761591
2025-01-31,23508.400390625,23508.400390625,23546.80078125,23277.400390625,23296.75,304900,0.011135740150325812,0.011074194280356322,0.1297497520309407,23274.53994140625,23818.4460546875,-0.020677141373061536,-0.15750207239568936,-0.10328216149785385
2025-02-01,23482.150390625,23482.150390625,23632.44921875,23318.30078125,23528.599609375,281000,-0.0011166221250199504,-0.001117246011978889,0.11655409241312382,23267.844921875,23809.9440625,-0.005669889172634668,-0.0783863561823549,-0.10428345647622539
2025-02-03,23361.05078125,23361.05078125,23381.599609375,23222.0,23319.349609375,329700,-0.005157091976693451,-0.005170435671733403,0.11669177481133652,23250.50244140625,23792.7270703125,-0.014630127664622572,0.17330960854092536,-0.10890274907622344
2025-02-04,23739.25,23739.25,23762.75,23423.150390625,23509.900390625,376700,0.016189306820631133,0.016059657410686868,0.1310354458241337,23253.01748046875,23783.6220703125,0.0021233859208151795,0.1425538368213528,-0.09447650227399751
2025-02-05,23696.30078125,23696.30078125,23807.30078125,23680.44921875,23801.75,267000,-0.001809207062143936,-0.0018108456539069108,0.12866406312621761,23261.50751953125,23772.050078125,0.007217426359636958,-0.2912131669763738,-0.09611478178102062
2025-02-06,23603.349609375,23603.349609375,23773.55078125,23556.25,23761.94921875,307000,-0.003922602634608197,-0.003930316218479903,0.12861209164604667,23270.1,23765.8340625,0.007334127536649415,0.14981273408239693,-0.09966036431938985
2025-02-07,23559.94921875,23559.94921875,23694.5,23443.19921875,23649.5,368100,-0.0018387386257991967,-0.0018404311807618838,0.11584410486484943,23293.8,23754.4110546875,0.020531969273112072,0.1990228013029316,-0.10131585358385375
2025-02-10,23381.599609375,23381.599609375,23568.599609375,23316.30078125,23543.80078125,234200,-0.007570033692307909,-0.0075988318246352615,0.11919177852255981,23304.07744140625,23736.52203125,0.008869018715272015,-0.3637598478674273,-0.10811892285096691
2025-02-11,23071.80078125,23071.80078125,23390.05078125,22986.650390625,23383.55078125,268000,-0.013249684936046169,-0.013338245144624153,0.12868270729436954,23297.00751953125,23708.8150390625,-0.006091294705547923,0.14432109308283514,-0.11993606612361318
2025-02-12,23045.25,23045.25,23144.69921875,22798.349609375,23050.80078125,279700,-0.0011507892904301098,-0.001151451956867338,0.127575816224166,23283.67998046875,23680.3710546875,-0.01143415662098446,0.04365671641791047,-0.12094883427361192
2025-02-13,23031.400390625,23031.400390625,23235.5,22992.19921875,23055.75,265700,-0.0006009745771905495,-0.0006011552347958088,0.12665805049393883,23275.0900390625,23646.8310546875,-0.007404100895973542,-0.05005362888809439,-0.12147712167626312
2025-02-14,22929.25,22929.25,23133.69921875,22774.849609375,23096.44921875,254500,-0.004435266153706374,-0.00444513112662715,0.12504587779611231,23254.3150390625,23611.8600390625,-0.017798434337484847,-0.04215280391418896,-0.12537360446374912
2025-02-17,22959.5,22959.5,22974.19921875,22725.44921875,22809.900390625,207400,0.0013192755977626813,0.001318406118349223,0.11549797852176627,23251.05751953125,23578.6700390625,-0.002829593045700629,-0.1850687622789784,-0.12421973120295904
2025-02-18,22945.30078125,22945.30078125,22992.5,22801.5,22963.650390625,210600,-0.0006184463402948426,-0.0006186376571162799,0.1134467060211915,23240.555078125,23545.3750390625,-0.009071287269182826,0.015429122468659573,-0.12476135430509905
2025-02-19,22932.900390625,22932.900390625,23049.94921875,22814.849609375,22847.25,207000,-0.0005404326900405598,-0.0005405787764224007,0.11302607053057158,23226.9326171875,23511.19703125,-0.011740793538397298,-0.017094017094017144,-0.12523436188081938
2025-02-20,22913.150390625,22913.150390625,22923.849609375,22812.75,22821.099609375,240800,-0.0008612081186238907,-0.0008615791713867465,0.11189356472943712,23217.98017578125,23478.4860546875,-0.007753649898344039,0.16328502415458934,-0.1259877171502608
2025-02-21,22795.900390625,22795.900390625,22921.0,22720.30078125,22857.19921875,242800,-0.005117148798882476,-0.005130286241460248,0.10567488264151631,23216.31767578125,23439.038046875,-0.0014564711971783995,0.008305647840531671,-0.1304601680536539
2025-02-24,22553.349609375,22553.349609375,22668.05078125,22518.80078125,22609.349609375,214300,-0.010640105330068539,-0.010697116011174177,0.10982740173864991,23196.12265625,23396.7400390625,-0.01759358767382857,-0.11738056013179576,-0.13971216345425308
2025-02-25,22547.55078125,22547.55078125,22625.30078125,22513.900390625,22516.44921875,250300,-0.00025711604818956513,-0.00025714910818764225,0.10360457835351052,23165.34521484375,23360.9710546875,-0.026574544793472432,0.16798880074661682,-0.1399333572630913
2025-02-27,22545.05078125,22545.05078125,22613.30078125,22508.400390625,22568.94921875,289200,-0.00011087678764998277,-0.00011088293493540093,0.10199759101961267,23130.12275390625,23327.895078125,-0.03029954273210178,0.15541350379544538,-0.14002871868960287
2025-02-28,22124.69921875,22124.69921875,22450.349609375,22104.849609375,22433.400390625,551300,-0.018644959666695105,-0.01882096814125905,0.1079930214250844,23060.9376953125,23291.355078125,-0.058859860683111886,0.9062932226832643,-0.15606284854415142
2025-03-03,22119.30078125,22119.30078125,22261.55078125,22004.69921875,22194.55078125,282400,-0.00024400049223838316,-0.0002440302652016664,0.10824268552534058,22992.79521484375,23261.99109375,-0.058037683376693794,-0.4877562125884274,-0.15626876962452485
2025-03-04,22082.650390625,22082.650390625,22105.05078125,21964.599609375,21974.44921875,253300,-0.0016569416451024388,-0.001658315891150207,0.10802183117823594,22928.8751953125,23228.5751171875,-0.054723582538978355,-0.1030453257790368,-0.15766678303740744
2025-03-05,22337.30078125,22337.30078125,22394.900390625,22067.80078125,22073.05078125,305900,0.011531695069225467,0.01146571185468711,0.0981564623891975,22858.777734375,23200.768125,-0.059056171477616215,0.20765890248716934,-0.14795325323271513
2025-03-06,22544.69921875,22544.69921875,22556.44921875,22245.849609375,22476.349609375,372100,0.009284847776867,0.00924200854408832,0.10740301747658275,22801.19765625,23176.658125,-0.04859836871294354,0.2164105916966328,-0.14004212889020606
2025-03-07,22552.5,22552.5,22633.80078125,22464.75,22508.650390625,289800,0.00034601398645017767,0.00034595413741610534,0.10771511114863912,22748.65517578125,23151.4401171875,-0.04452120681030858,-0.22117710292932002,-0.13974457143904417
2025-03-10,22460.30078125,22460.30078125,22676.75,22429.05078125,22521.849609375,293900,-0.004088203913091726,-0.004096583464717347,0.10789136369328618,22693.67275390625,23127.748125,-0.04667448249951467,0.014147688060731634,-0.1432614710483454
2025-03-11,22497.900390625,22497.900390625,22522.099609375,22314.69921875,22345.94921875,347900,0.0016740474556060647,0.0016726478000064651,0.10697000457645048,22649.48779296875,23104.8101171875,-0.037794643374000625,0.18373596461381414,-0.14182725009383412
2025-03-12,22470.5,22470.5,22577.400390625,22329.55078125,22536.349609375,369700,-0.0012179087892316698,-0.001218651042867137,0.09810476082505418,22619.42275390625,23079.362109375,-0.026062152102954372,0.06266168439206665,-0.14287242622862395
2025-03-13,22397.19921875,22397.19921875,22558.05078125,22377.349609375,22541.5,287500,-0.003262089461738671,-0.00326742167482874,0.09834366352839918,22587.02021484375,23043.5330859375,-0.028120796313773955,-0.22234243981606705,-0.14566845305438925
2025-03-17,22508.75,22508.75,22577.0,22353.150390625,22353.150390625,251100,0.004980568336268254,0.004968206335327962,0.10091672902822345,22560.8876953125,23013.6130859375,-0.022692948833356485,-0.12660869565217392,-0.14141339640299677
2025-03-18,22834.30078125,22834.30078125,22857.80078125,22599.19921875,22662.25,272600,0.01446329899483545,0.014359703182661372,0.11399559768029799,22556.140234375,22997.9780859375,-0.004140964870198549,0.08562325766626833,-0.12899540164221313
2025-03-19,22907.599609375,22907.599609375,22940.69921875,22807.94921875,22874.94921875,324000,0.0032100316461272094,0.0032048904937790478,0.11452595762571711,22553.54521484375,22981.9720703125,-0.002260519202290978,0.18855465884079248,-0.12619944931756233
2025-03-20,23190.650390625,23190.650390625,23216.69921875,22973.94921875,23036.599609375,313700,0.012356195589090069,0.012280480863664548,0.12263651588246993,22565.8126953125,22972.00609375,0.010692804235344244,-0.03179012345679011,-0.11540259880747561
2025-03-21,23350.400390625,23350.400390625,23402.69921875,23132.80078125,23168.25,541000,0.0068885519512889015,0.0068649342763162065,0.12457953263565369,22586.6876953125,22968.4841015625,0.018205285545594307,0.7245776219317819,-0.1093090036533857
2025-03-24,23658.349609375,23658.349609375,23708.75,23433.5,23515.400390625,311900,0.013188177230298859,0.013101970335000056,0.13161897953710916,22623.94765625,22973.02109375,0.03252277430409145,-0.42347504621072085,-0.0975624129361351
2025-03-25,23668.650390625,23668.650390625,23869.599609375,23601.400390625,23751.5,338200,0.00043539728764163677,0.0004353025297464832,0.12930657380407384,22667.58515625,22984.6751171875,0.03828539276996157,0.08432189804424506,-0.09716949405846165
2025-03-26,23486.849609375,23486.849609375,23736.5,23451.69921875,23700.94921875,278600,-0.007681079328545448,-0.007710730752587225,0.12584255137043798,22714.26015625,22990.89109375,0.041390747546074635,-0.17622708456534597,-0.10410420679482946
2025-03-27,23591.94921875,23591.94921875,23646.44921875,23412.19921875,23433.94921875,510300,0.004474827877002596,0.004464845602965276,0.12582161971504574,22766.480078125,22998.46609375,0.04631981751066716,0.8316582914572865,-0.1000952273245056
2025-03-28,23519.349609375,23519.349609375,23649.19921875,23450.19921875,23600.400390625,295400,-0.0030773044101545244,-0.003082049047667123,0.12700189448315052,22815.19501953125,23002.6170703125,0.043215641320945464,-0.421124828532236,-0.1028645082501789
2025-04-01,23165.69921875,23165.69921875,23565.150390625,23136.400390625,23341.099609375,314300,-0.015036571865236992,-0.015150767296533939,0.11941904512618895,22867.24501953125,23001.8670703125,0.04705148710531559,0.06398104265402837,-0.11635435054472976
2025-04-02,23332.349609375,23332.349609375,23350.0,23158.44921875,23192.599609375,341000,0.0071938424586863725,0.007168090205371445,0.12022131241870483,22927.8974609375,23001.6190625,0.054841192319843746,0.08495068405981554,-0.10999754295324504
2025-04-03,23250.099609375,23250.099609375,23306.5,23145.80078125,23150.30078125,283200,-0.0035251486188494496,-0.003531376595912815,0.12129467868317143,22986.269921875,23006.128046875,0.052867259957420254,-0.16950146627565987,-0.11313493388547602
2025-04-04,22904.44921875,22904.44921875,23214.69921875,22857.44921875,23190.400390625,466800,-0.014866619775066536,-0.014978235581472139,0.13148184532285556,23014.62734375,23001.1100390625,0.025390195666616266,0.6483050847457628,-0.12631961961518978
2025-04-07,22161.599609375,22161.599609375,22254.0,21743.650390625,21758.400390625,647100,-0.03243254628305536,-0.032970136904421674,0.1754826584962032,22995.47236328125,22980.2350390625,-0.016992890686090112,0.38624678663239065,-0.15465529898861752
2025-04-08,22535.849609375,22535.849609375,22697.19921875,22270.849609375,22446.75,468300,0.016887318902814252,0.01674631338889978,0.18629685735080498,22994.63984375,22969.108046875,-0.0007382946735394746,-0.27630968938340283,-0.14037969343983414
2025-04-09,22399.150390625,22399.150390625,22468.69921875,22353.25,22460.30078125,383800,-0.006065856008070525,-0.006084328049671031,0.1870036334063336,22991.58232421875,22960.508046875,-0.0027225989188910393,-0.18043988896006835,-0.14559402644104158
2025-04-11,22828.55078125,22828.55078125,22923.900390625,22695.400390625,22695.400390625,402200,0.019170387409190415,0.018988950673859396,0.19894584382713099,23008.11484375,22957.9340625,0.014696944376319854,0.04794163626889003,-0.12921473292318975
2025-04-15,23328.55078125,23328.55078125,23368.349609375,23207.0,23368.349609375,388300,0.02190239778210845,0.02166598602930882,0.2121215142859194,23051.0173828125,22961.2430859375,0.0381856559155338,-0.03455992043759326,-0.110142447620874
2025-04-16,23437.19921875,23437.19921875,23452.19921875,23273.05078125,23344.099609375,348400,0.004657316201027051,0.004646504460063537,0.21143653723513872,23103.0173828125,22964.9970703125,0.04643437734524225,-0.10275560133917072,-0.10599809962557227
2025-04-17,23851.650390625,23851.650390625,23872.349609375,23298.55078125,23401.849609375,505300,0.017683476937954135,0.017528943393621495,0.21815715480703815,23170.16240234375,22971.8620703125,0.05966126020436491,0.4503444316877152,-0.09018903763781405
2025-04-21,24125.55078125,24125.55078125,24189.55078125,23903.650390625,23949.150390625,406100,0.011483498464016417,0.011418063566753105,0.21634963995827936,23234.72490234375,22984.730078125,0.05654869892316938,-0.19631901840490795,-0.0797412248489825
2025-04-22,24167.25,24167.25,24242.599609375,24072.0,24185.400390625,440900,0.0017284255654137493,0.0017269335569158489,0.2163720655129336,23297.707421875,23000.8540625,0.054988318815799575,0.08569317901994578,-0.07815062605521517
2025-04-23,24328.94921875,24328.94921875,24359.30078125,24119.94921875,24357.599609375,415000,0.006690840652122221,0.006668556323176313,0.21397197266444085,23354.62236328125,23012.648046875,0.04908438568782736,-0.058743479246994745,-0.07198267878889197
2025-04-24,24246.69921875,24246.69921875,24347.849609375,24216.150390625,24277.900390625,358800,-0.0033807460922566923,-0.0033864737270896763,0.21422623405969915,23399.4373046875,23023.656015625,0.03838473058838243,-0.13542168674698796,-0.07512006972112295
2025-04-25,24039.349609375,24039.349609375,24365.44921875,23847.849609375,24289.0,387700,-0.00855166336268387,-0.008588438645809417,0.2129929847360858,23418.4873046875,23032.376015625,0.016104250984989354,0.08054626532887399,-0.08302933153577041
2025-04-28,24328.5,24328.5,24355.099609375,24054.05078125,24070.25,320500,0.012028211882747275,0.011956447831200931,0.21662734374264017,23451.47978515625,23047.74703125,0.02787863264211987,-0.17332989424812995,-0.07199981404521827
2025-04-29,24335.94921875,24335.94921875,24457.650390625,24290.75,24370.69921875,357600,0.0003061930965739812,0.00030614622903455367,0.2140212317853887,23493.934765625,23066.8340234375,0.036152128680386086,0.11575663026521066,-0.07171566679465957
2025-04-30,24334.19921875,24334.19921875,24396.150390625,24198.75,24342.05078125,424500,-7.191007773188485e-05,-7.191266338548166e-05,0.2138709932938644,23531.047265625,23092.0819921875,0.031462003970832875,0.18708053691275173,-0.07178241979321764
2025-05-02,24346.69921875,24346.69921875,24589.150390625,24238.5,24311.900390625,421100,0.0005136803511647248,0.0005135484625769229,0.2132182260180395,23572.41474609375,23118.1109765625,0.03517740171884731,-0.008009422850412284,-0.07130561266065982
2025-05-05,24461.150390625,24461.150390625,24526.400390625,24400.650390625,24419.5,291500,0.004700890697612925,0.004689876016656186,0.20380970946374458,23637.1873046875,23146.7059765625,0.055921090904369475,-0.30776537639515555,-0.06693992185429098
2025-05-06,24379.599609375,24379.599609375,24509.650390625,24331.80078125,24500.75,302400,-0.0033338898599493128,-0.0033394596535795407,0.20418112704484737,23689.5498046875,23175.71296875,0.04488403515003103,0.03739279588336197,-0.07005064138754447
2025-05-07,24414.400390625,24414.400390625,24449.599609375,24220.0,24233.30078125,330100,0.0014274549954715887,0.001426437150093386,0.2030923692717206,23747.76484375,23204.8109765625,0.05007723841236911,0.09160052910052907,-0.06872318053005755
2025-05-08,24273.80078125,24273.80078125,24447.25,24150.19921875,24431.5,411400,-0.005758880297096702,-0.005775526588332327,0.19509174837301113,23816.232421875,23231.3809765625,0.0597853958164174,0.2462890033323235,-0.07408629225684582
2025-05-09,24008.0,24008.0,24164.25,23935.75,23935.75,335600,-0.0109501096942064,-0.011010503428714508,0.15244752835974934,23908.55244140625,23252.88296875,0.08331530318975355,-0.18424890617403988,-0.08422514892400279
2025-05-12,24924.69921875,24924.69921875,24944.80078125,24378.849609375,24420.099609375,368700,0.038183073090219954,0.0374721401846667,0.18883763681991486,24027.994921875,23293.1139453125,0.10600219875363526,0.09862932061978547,-0.04925805085118273
2025-05-13,24578.349609375,24578.349609375,24973.80078125,24547.5,24864.05078125,423000,-0.01389583907654357,-0.013993290077199355,0.1969292638201991,24136.9548828125,23328.7629296875,0.09728936949600042,0.14727420667209112,-0.06246940797987399
2025-05-14,24666.900390625,24666.900390625,24767.55078125,24535.55078125,24613.80078125,345500,0.0036027960647213586,0.003596321541244558,0.1894955177023995,24228.87236328125,23371.0339453125,0.0805285288142299,-0.18321513002364065,-0.059091676452388
2025-05-15,25062.099609375,25062.099609375,25116.25,24494.44921875,24694.44921875,500800,0.01602143814146184,0.015894449466611917,0.18331428609088637,24315.5498046875,23421.324921875,0.0743101808758011,0.4494934876989869,-0.04401697194988341
2025-05-16,25019.80078125,25019.80078125,25070.0,24953.05078125,25064.650390625,432700,-0.0016877607536591732,-0.0016891866264205442,0.1842045771965432,24394.6798828125,23470.819921875,0.06752519990673211,-0.13598242811501593,-0.04563044258579063
2025-05-19,24945.44921875,24945.44921875,25062.94921875,24916.650390625,25005.349609375,255300,-0.0029717088137536374,-0.002976133107706799,0.1774028394449982,24449.36982421875,23527.234921875,0.04585841273922586,-0.409983822509822,-0.048466551011136616
2025-05-20,24683.900390625,24683.900390625,25010.349609375,24669.69921875,24996.19921875,414800,-0.010484831354666824,-0.010540184450815589,0.179449683626923,24477.2873046875,23578.5269140625,0.02314349688583861,0.6247551899725812,-0.05844321875210934
2025-05-21,24813.44921875,24813.44921875,24946.19921875,24685.349609375,24744.25,332700,0.00524831270888626,0.0052345883147392296,0.1800318170764753,24509.597265625,23633.142890625,0.026738632601971624,-0.1979267116682739,-0.05350163433094801
2025-05-22,24609.69921875,24609.69921875,24737.5,24462.400390625,24733.94921875,403300,-0.008211272774042211,-0.008245170966734258,0.18192791545208842,24523.634765625,23678.590859375,0.01153975033922272,0.21220318605350164,-0.061273590591641613
2025-05-23,24853.150390625,24853.150390625,24909.05078125,24614.05078125,24639.5,270500,0.009892488718005854,0.009843878373448323,0.18415610548735695,24553.95732421875,23724.7598828125,0.025011700207260734,-0.3292834118522192,-0.05198725017727546
2025-05-26,25001.150390625,25001.150390625,25079.19921875,24900.5,24919.349609375,302800,0.005954979456279652,0.0059373186446142635,0.18107138683132648,24602.04736328125,23773.732890625,0.04000943440145788,0.11940850277264325,-0.04634185372778987
2025-05-27,24826.19921875,24826.19921875,25062.900390625,24704.099609375,24956.650390625,525700,-0.0069977248703164685,-0.00702232377173064,0.17970380571848668,24626.93232421875,23821.050859375,0.020457456018661224,0.7361294583883751,-0.05301529105573888
2025-05-28,24752.44921875,24752.44921875,24864.25,24737.05078125,24832.5,684400,-0.0029706520659956714,-0.002975073210803887,0.1802514880355788,24647.75732421875,23866.1418359375,0.017114598500193257,0.3018832033479171,-0.05582845313783047
2025-05-29,24833.599609375,24833.599609375,24892.599609375,24677.30078125,24825.099609375,345400,0.003278479228775888,0.003273116733106363,0.18041594893438728,24672.72734375,23913.403828125,0.020522573442244285,-0.4953243717124488,-0.05273300633304179
2025-05-30,24750.69921875,24750.69921875,24863.94921875,24717.400390625,24812.599609375,853900,-0.00333823496911434,-0.0033438193068198903,0.18107672095634056,24692.92734375,23960.473828125,0.01659362513045992,1.4722061378112334,-0.05589520613638854
2025-06-02,24716.599609375,24716.599609375,24754.400390625,24526.150390625,24669.69921875,311100,-0.0013777230725331435,-0.001378673005562118,0.1806386088782563,24705.6998046875,24004.6308203125,0.01044305826466374,-0.6356716243119803,-0.057195921093783686
2025-06-03,24542.5,24542.5,24845.099609375,24502.150390625,24786.30078125,349300,-0.007043833380258491,-0.007068758288164619,0.182173774423677,24713.84482421875,24038.7948046875,0.006681832074155958,0.12279009964641596,-0.0638368759358271
2025-06-04,24620.19921875,24620.19921875,24644.25,24530.44921875,24560.44921875,280900,0.003165904807986175,0.0031609038835467354,0.18241572979571,24724.134765625,24073.046796875,0.008429403337057773,-0.19582021185227594,-0.060873072600293066
2025-06-05,24750.900390625,24750.900390625,24899.849609375,24613.099609375,24691.19921875,388400,0.005308696762106768,0.005294655304090157,0.18166006306543012,24747.98974609375,24104.251796875,0.01965491987326229,0.38269846920612327,-0.05588753252159895
2025-06-06,25003.05078125,25003.05078125,25029.5,24671.44921875,24748.69921875,335600,0.01018752395450262,0.010135980900817266,0.17864110030517524,24797.74228515625,24137.3048046875,0.04144663367419188,-0.1359423274974253,-0.0462693641434182
2025-06-09,25103.19921875,25103.19921875,25160.099609375,25077.150390625,25160.099609375,279200,0.004005448710087123,0.003997448256890138,0.12066855824020532,24806.66728515625,24166.201796875,0.007161570875275469,-0.16805721096543502,-0.042449244998255975
2025-06-10,25104.25,25104.25,25199.30078125,25055.44921875,25196.05078125,307300,4.18584595869298e-05,4.18575835460567e-05,0.10816823136067637,24832.9623046875,24194.9137890625,0.021396896007387145,0.10064469914040108,-0.04240916339867529
2025-06-11,25141.400390625,25141.400390625,25222.400390625,25081.30078125,25134.150390625,301200,0.0014798446727146697,0.001478750781646587,0.10776973836085207,24856.6873046875,24228.0048046875,0.019236304216817546,-0.01985030914415875,-0.04099207770049029
2025-06-12,24888.19921875,24888.19921875,25196.19921875,24825.900390625,25164.44921875,328300,-0.010071084662786611,-0.010122141121121413,0.09915196845392402,24847.99228515625,24253.9298046875,-0.0069387798043843985,0.08997343957503312,-0.05065032767825173
2025-06-13,24718.599609375,24718.599609375,24754.349609375,24473.0,24473.0,318700,-0.006814458847919758,-0.006837783295332098,0.1017264188214467,24832.9322265625,24277.9148046875,-0.012038511997294665,-0.02924154736521478,-0.05711963195257441
2025-06-16,24946.5,24946.5,24967.099609375,24703.599609375,24732.349609375,305800,0.00921979376770854,0.00917755091754434,0.1069821801350592,24832.984765625,24313.5308203125,4.212316406038141e-05,-0.04047693755883275,-0.04842646941155593
2025-06-17,24853.400390625,24853.400390625,24982.05078125,24813.69921875,24977.849609375,242400,-0.0037319707924959866,-0.0037389519699400583,0.10062837645334732,24841.459765625,24343.9518359375,0.0068668240155584925,-0.2073250490516677,-0.051977714034624256
2025-06-18,24812.05078125,24812.05078125,24947.55078125,24750.44921875,24788.349609375,237600,-0.0016637405234334324,-0.0016651260767121068,0.09914875737834634,24841.38984375,24375.190859375,-5.6358045496640585e-05,-0.01980198019801982,-0.05355497712890289
2025-06-19,24793.25,24793.25,24863.099609375,24733.400390625,24803.25,274600,-0.0007577278241026608,-0.0007580150449296773,0.0943388277501494,24850.5673828125,24412.966875,0.007458473166147117,0.1557239057239057,-0.05427212485671573
2025-06-20,25112.400390625,25112.400390625,25136.19921875,24783.650390625,24787.650390625,574700,0.01287247095983779,0.012790324902965947,0.09873978158599354,24863.5298828125,24471.982890625,0.010431273135408814,1.0928623452294248,-0.042098270248024594
2025-06-23,24971.900390625,24971.900390625,25057.0,24824.849609375,24939.75,248500,-0.0055948454872697395,-0.005610555258512813,0.09884331940180713,24862.0673828125,24520.70390625,-0.0011699461641960784,-0.5676004872107187,-0.047457582417975375
2025-06-24,25044.349609375,25044.349609375,25317.69921875,24999.69921875,25179.900390625,450200,0.0029012296868362597,0.0028970292423300638,0.0957988548927883,24872.97490234375,24573.607890625,0.008787103845531163,0.8116700201207243,-0.04469403807811556
2025-06-25,25244.75,25244.75,25266.80078125,25125.05078125,25150.349609375,260600,0.008001820520425307,0.00796997571939643,0.09846860493061789,24897.58994140625,24621.931875,0.019888972476997724,-0.4211461572634385,-0.037049851228724506
2025-06-26,25549.0,25549.0,25565.30078125,25259.900390625,25268.94921875,428900,0.012052010814129765,0.011979963629751521,0.1057345664445043,24933.3599609375,24666.340859375,0.02880776052920364,0.6458173445894091,-0.025444365622265375
2025-06-27,25637.80078125,25637.80078125,25654.19921875,25523.55078125,25576.650390625,564000,0.003475704773181043,0.00346967847107354,0.10442094547299506,24977.7150390625,24710.352890625,0.03584147480681965,0.3149918395896478,-0.02205709795212829
2025-06-30,25517.05078125,25517.05078125,25669.349609375,25473.30078125,25661.650390625,271000,-0.004709842354665206,-0.004720968611190444,0.10640874595868828,25017.73759765625,24743.6608984375,0.03238516561846927,-0.5195035460992907,-0.026663054852637535
2025-07-01,25541.80078125,25541.80078125,25593.400390625,25501.80078125,25551.349609375,260700,0.0009699396772837598,0.0009694695897414579,0.1014392461488094,25067.70263671875,24771.9858984375,0.04071715518997654,-0.03800738007380078,-0.02571897673017287
2025-07-02,25453.400390625,25453.400390625,25608.099609375,25378.75,25588.30078125,309800,-0.0034610085397696055,-0.0034670116851196766,0.10314327552483929,25109.3626953125,24797.70890625,0.0338421783053835,0.1883390870732642,-0.029090971671845267
2025-07-03,25405.30078125,25405.30078125,25587.5,25384.349609375,25505.099609375,293400,-0.00188971251922454,-0.0018915002785163046,0.10294244252853083,25142.08271484375,24819.2359375,0.026439457971107583,-0.05293737895416395,-0.030925710617705104
2025-07-04,25461.0,25461.0,25470.25,25331.650390625,25428.849609375,193500,0.0021924250859925998,0.0021900252291445488,0.0976282669099732,25164.98017578125,24843.521953125,0.018315733658126998,-0.3404907975460123,-0.02880108783547297
2025-07-07,25461.30078125,25461.30078125,25489.80078125,25407.25,25450.44921875,196100,1.1813410706551508e-05,1.181334092876479e-05,0.09697809479841239,25182.88525390625,24871.9609765625,0.014265176298028592,0.013436692506459957,-0.028789614663845775
2025-07-08,25522.5,25522.5,25548.05078125,25424.150390625,25427.849609375,210400,0.0024036171315751087,0.0024007330644550996,0.09712448300955921,25203.79775390625,24895.8409765625,0.01666052560821374,0.07292197858235605,-0.026455196743288112
2025-07-09,25476.099609375,25476.099609375,25548.69921875,25424.349609375,25514.599609375,239100,-0.00181801902732881,-0.0018196736296237606,0.09753537826340317,25220.53271484375,24918.643984375,0.013312672068768627,0.13640684410646386,-0.028225119719565872
2025-07-10,25355.25,25355.25,25524.05078125,25340.44921875,25511.650390625,219600,-0.004743646446198069,-0.004754933244868607,0.09132832365448149,25243.88525390625,24939.065,0.01876595317905272,-0.081555834378921,-0.03283487617691272
2025-07-11,25149.849609375,25149.849609375,25322.44921875,25129.0,25255.5,250000,-0.008100901810276007,-0.00813389240519248,0.09289284098172473,25265.44775390625,24955.1280078125,0.017446376688606602,0.1384335154826959,-0.040669785879327014
2025-07-14,25082.30078125,25082.30078125,25151.099609375,25001.94921875,25149.5,259500,-0.002685854157148504,-0.0026894675348791744,0.0882424588376432,25272.23779296875,24967.551015625,0.005443680726755273,0.038000000000000034,-0.04324640692300119
2025-07-15,25195.80078125,25195.80078125,25245.19921875,25088.44921875,25089.5,241300,0.004525103218794291,0.004514895720960817,0.08813095900359434,25289.3578125,24983.8750390625,0.013776802580067082,-0.07013487475915225,-0.03891699815937544
2025-07-16,25212.05078125,25212.05078125,25255.30078125,25121.05078125,25196.599609375,228800,0.0006449487413033861,0.0006447408512447503,0.08769463104823702,25309.3578125,24999.828046875,0.016121198667796932,-0.05180273518441769,-0.03829714888705016
2025-07-17,25111.44921875,25111.44921875,25238.349609375,25101.0,25230.75,243400,-0.003990217351728331,-0.003998199509757984,0.0891992887260631,25325.2677734375,25016.581015625,0.012834106813346402,0.06381118881118875,-0.04213455229076768
2025-07-18,24968.400390625,24968.400390625,25144.599609375,24918.650390625,25108.55078125,317000,-0.0056965580472427835,-0.005712845317742711,0.07940743265582449,25318.0677734375,25035.7890234375,-0.005734218862397444,0.3023829087921117,-0.04759108841509163
2025-07-21,25090.69921875,25090.69921875,25111.400390625,24882.30078125,24999.0,305200,0.004898144302865282,0.004886187422514114,0.07881426035485804,25324.00771484375,25039.1090234375,0.0047573002561551725,-0.037223974763406886,-0.0429260521308138
2025-07-22,25060.900390625,25060.900390625,25182.0,25035.55078125,25166.650390625,483700,-0.0011876443882732346,-0.0011883501967580668,0.07831826613147577,25324.83525390625,25048.7600390625,0.000660858896643246,0.584862385321101,-0.044062715634163196
2025-07-23,25219.900390625,25219.900390625,25233.5,25085.5,25139.349609375,271500,0.006344544590244583,0.006324502693684897,0.07629830891180099,25323.5927734375,25059.8200390625,-0.00098434761187971,-0.4387016745916891,-0.03799772890802677
2025-07-24,25062.099609375,25062.099609375,25246.25,25018.69921875,25243.30078125,338700,-0.006256994627491075,-0.006276651657225533,0.06477306474498182,25299.24775390625,25059.8200390625,-0.019057512647266073,0.24751381215469603,-0.04401697194988341
2025-07-25,24837.0,24837.0,25010.349609375,24806.349609375,25010.349609375,278100,-0.008981674037030651,-0.009022252428611252,0.06850716950863256,25259.20771484375,25056.1640234375,-0.03123515890004336,-0.1789193976970771,-0.05260329989276313
2025-07-28,24680.900390625,24680.900390625,24889.19921875,24646.599609375,24782.44921875,262100,-0.006284962329387578,-0.006304795850755804,0.06968874467746985,25217.4001953125,25050.873046875,-0.032768300607819656,-0.05753326141675652,-0.05855765246392319
2025-07-29,24821.099609375,24821.099609375,24847.150390625,24598.599609375,24609.650390625,284700,0.005680474234370125,0.005664401180259817,0.07390843748310802,25181.36513671875,25053.61703125,-0.028216537199055258,0.08622663105684847,-0.05320981346559961
2025-07-30,24855.05078125,24855.05078125,24902.30078125,24771.94921875,24890.400390625,243900,0.001367835124523431,0.001366900490246142,0.07413381702974771,25151.44765625,25054.4490625,-0.023507649280344656,-0.1433087460484721,-0.051914760592903675
2025-07-31,24768.349609375,24768.349609375,24956.5,24635.0,24642.25,346300,-0.0034882717656889994,-0.003494369971240235,0.07455230329729588,25119.60009765625,25057.6220703125,-0.025071585546631026,0.4198441984419845,-0.055221939564993994
2025-08-01,24565.349609375,24565.349609375,24784.150390625,24535.05078125,24734.900390625,263400,-0.008195943742782208,-0.008229715141942045,0.07726460934157214,25074.817578125,25051.8660546875,-0.035177345376261715,-0.2393878140340745,-0.06296528739773422
2025-08-04,24722.75,24722.75,24736.25,24554.0,24596.05078125,259300,0.006407415043054421,0.006386974825463857,0.08238151665562883,25037.8900390625,25046.298046875,-0.029006796926647094,-0.015565679574791158,-0.05696131708434227
2025-08-05,24649.55078125,24649.55078125,24733.099609375,24590.30078125,24720.25,251800,-0.0029608040671041946,-0.0029651959185494695,0.0812299205967137,24994.242578125,25042.765078125,-0.03420312346948773,-0.02892402622445045,-0.05975346985215557
2025-08-06,24574.19921875,24574.19921875,24671.400390625,24539.19921875,24641.349609375,225100,-0.003056914228121266,-0.003061596134311999,0.08136556860324694,24949.14755859375,25039.200078125,-0.03540182384485213,-0.10603653693407467,-0.06262772284810614
2025-08-07,24596.150390625,24596.150390625,24634.19921875,24344.150390625,24464.19921875,616700,0.0008932609229541644,0.0008928622028389917,0.08111657390597918,24911.192578125,25034.45109375,-0.029938557473304317,1.7396712572190136,-0.061790404822665734
2025-08-08,24363.30078125,24363.30078125,24585.5,24337.5,24544.25,312600,-0.009466912735407229,-0.00951200879308063,0.08273823702703169,24871.86513671875,25026.703125,-0.03127449429486062,-0.4931084806226691,-0.07067235318773135
2025-08-11,24585.05078125,24585.05078125,24600.849609375,24347.44921875,24371.5,241100,0.009101804471857822,0.009060632685991908,0.09078622137486643,24847.00263671875,25024.0721484375,-0.01982473634841797,-0.2287268074216251,-0.062213794656154286
2025-08-12,24487.400390625,24487.400390625,24702.599609375,24465.650390625,24563.349609375,237000,-0.003971941790719136,-0.003979850901478695,0.0889291776875076,24811.5826171875,25022.97015625,-0.0281158117090754,-0.017005391953546223,-0.06593862687591945
2025-08-13,24619.349609375,24619.349609375,24664.55078125,24535.25,24586.19921875,236000,0.005388453516712133,0.0053739877432256436,0.09192373047486889,24781.94755859375,25022.9531640625,-0.02350864580662304,-0.00421940928270037,-0.06090548058508405
2025-08-14,24631.30078125,24631.30078125,24673.650390625,24596.900390625,24607.25,270200,0.00048543816407109475,0.00048532037708285097,0.09148339164135132,24757.94013671875,25020.561171875,-0.019120698025723137,0.14491525423728824,-0.060449608265690014
2025-08-18,24876.94921875,24876.94921875,25022.0,24852.849609375,24938.19921875,363100,0.009973019276634965,0.009923616908863717,0.09736898267773966,24753.367578125,25018.039140625,-0.003662676440791879,0.3438193930421909,-0.05107945409755388
2025-08-19,24980.650390625,24980.650390625,25012.650390625,24873.94921875,24891.349609375,252300,0.004168564680625764,0.004159900285259885,0.09690043647376406,24747.86513671875,25015.5881640625,-0.004386040706381045,-0.3051500963921785,-0.0471238174251849
2025-08-20,25050.55078125,25050.55078125,25088.69921875,24929.69921875,24965.80078125,287100,0.0027981813736617234,0.002794273751954044,0.09740237877048179,24747.34765625,25014.5141796875,-0.00041297835327858134,0.13793103448275867,-0.04445749703969826
2025-08-21,25083.75,25083.75,25153.650390625,25054.900390625,25142.0,226500,0.0013252889742787488,0.0013244115539841486,0.09466071778336807,24740.54013671875,25013.361171875,-0.005398530070150898,-0.21107628004179724,-0.0431911270960702
2025-08-22,24870.099609375,24870.099609375,25084.849609375,24859.150390625,25064.150390625,210200,-0.008517482060098724,-0.008553963109247331,0.0968958777769118,24730.94013671875,25012.9991796875,-0.007660970269553036,-0.07196467991169975,-0.05134072950597268
2025-08-25,24967.75,24967.75,25021.55078125,24894.349609375,24949.150390625,213000,0.003926417350905487,0.003918729092601476,0.09237851809845593,24737.47763671875,25017.9821875,0.005264323388493031,0.013320647002854402,-0.04761589728620752
2025-08-26,24712.05078125,24712.05078125,24919.650390625,24689.599609375,24899.5,750500,-0.010241179872034878,-0.010293981565065833,0.09710430199106468,24739.03515625,25013.293203125,0.001262125373547196,2.523474178403756,-0.05736943418936602
2025-08-28,24500.900390625,24500.900390625,24702.650390625,24481.599609375,24695.80078125,326600,-0.008544430103923584,-0.00858114302373062,0.09934581358121843,24723.0251953125,25006.243203125,-0.012900283379430166,-0.5648234510326449,-0.06542367517275693
2025-08-29,24426.849609375,24426.849609375,24572.44921875,24404.69921875,24466.69921875,325500,-0.0030223697933294824,-0.003026946376657732,0.0993874335636251,24701.61513671875,24998.5391796875,-0.01722793389736399,-0.003368034292712818,-0.06824831042647572
2025-09-01,24625.05078125,24625.05078125,24635.599609375,24432.69921875,24432.69921875,229300,0.008114070174605414,0.008081328102276956,0.10373063170040217,24694.4501953125,24995.1751953125,-0.005785562235069541,-0.29554531490015357,-0.060688011831969035
2025-09-02,24579.599609375,24579.599609375,24756.099609375,24522.349609375,24653.0,271600,-0.0018457290617897026,-0.0018474345185382894,0.09964499552707803,24695.1626953125,24984.5191796875,0.000580085373365069,0.18447448757086793,-0.06242172726661821
2025-09-03,24715.05078125,24715.05078125,24737.05078125,24533.19921875,24616.5,340300,0.0055107151470170646,0.005495586709857895,0.09893836867029841,24694.777734375,24979.3821875,-0.0003114224246898445,0.25294550810014726,-0.057255000477552165
2025-09-04,24734.30078125,24734.30078125,24980.75,24708.19921875,24980.75,314100,0.0007788776228048189,0.0007785744550393448,0.0983487554689528,24699.015234375,24973.1812109375,0.0034381965315353202,-0.07699089039083162,-0.05652071749341303
2025-09-05,24741.0,24741.0,24832.349609375,24621.599609375,24818.849609375,210100,0.00027084730671167456,0.0002708106342015157,0.09760427971780379,24707.3552734375,24963.1062109375,0.0067876385214102886,-0.33110474371219356,-0.056265178670807714
2025-09-08,24773.150390625,24773.150390625,24885.5,24751.55078125,24802.599609375,213200,0.0012994782193525012,0.0012986346282709543,0.09764548035357695,24716.2052734375,24947.58921875,0.007196248079027301,0.0147548786292242,-0.05503881582564596
2025-09-09,24868.599609375,24868.599609375,24891.80078125,24814.0,24864.099609375,226900,0.003852930178235292,0.0038455266535053208,0.09102412173489954,24741.47021484375,24932.2051953125,0.020740162946798923,0.06425891181988752,-0.051397946361879665
2025-09-10,24973.099609375,24973.099609375,25035.69921875,24915.05078125,24991.0,244100,0.0042020862308871365,0.004193282121674665,0.08687102970508905,24760.87265625,24921.326171875,0.015783934374500097,0.07580431908329666,-0.04741183873369559
2025-09-11,25005.5,25005.5,25037.30078125,24940.150390625,24945.5,224600,0.0012974116602184615,0.0012965707489705478,0.08503373005541363,24786.77763671875,24910.60015625,0.021157803650458273,-0.07988529291274071,-0.04617593974588263
2025-09-12,25114.0,25114.0,25139.44921875,25038.05078125,25074.44921875,225700,0.004339045410009845,0.004329658895022681,0.08440738113616167,24811.51015625,24903.8121484375,0.02009193575270718,0.004897595725734671,-0.04203725383528012
2025-09-15,25069.19921875,25069.19921875,25138.44921875,25048.75,25118.900390625,185400,-0.0017838966811339896,-0.001785489719644452,0.0849721027134139,24833.405078125,24897.0901171875,0.017778128787795833,-0.178555604785113,-0.043746160398813405
2025-09-16,25239.099609375,25239.099609375,25261.400390625,25070.44921875,25073.599609375,240100,0.006777256391098607,0.0067543940269436074,0.08115804036434457,24851.51259765625,24892.652109375,0.014557668926382883,0.2950377562028048,-0.037265382952863635
2025-09-17,25330.25,25330.25,25346.5,25275.349609375,25276.599609375,268900,0.003611475529465391,0.003604969810507005,0.08086971147141397,24868.992578125,24890.03109375,0.013994816144026423,0.11995002082465644,-0.033788490442028474
2025-09-18,25423.599609375,25423.599609375,25448.94921875,25329.75,25441.05078125,272200,0.0036853015416349333,0.0036785274558399,0.08123426229439608,24887.64501953125,24888.0530859375,0.014891841356407198,0.012272220156191782,-0.030227709676309056
2025-09-19,25327.05078125,25327.05078125,25428.75,25286.30078125,25410.19921875,380400,-0.0037976065391384095,-0.0038048357551339826,0.08276994514782708,24899.81005859375,24885.072109375,0.009699537798375513,0.3975018368846437,-0.033910523267517534
2025-09-22,25202.349609375,25202.349609375,25331.69921875,25151.05078125,25238.099609375,254500,-0.004923635718664832,-0.00493579674708062,0.07841243128184008,24916.42255859375,24882.0141015625,0.013359415732888902,-0.3309674027339643,-0.03866719592258383
2025-09-23,25169.5,25169.5,25261.900390625,25084.650390625,25209.0,299200,-0.0013034343973540308,-0.001304284606843299,0.07772540910545152,24926.51005859375,24882.407109375,0.008080423746633203,0.17563850687622784,-0.03992023016672308
2025-09-24,25056.900390625,25056.900390625,25149.849609375,25027.44921875,25108.75,244400,-0.00447365300760838,-0.004483689738311146,0.06941197713161096,24943.7525390625,24881.8991015625,0.013954714338668017,-0.1831550802139037,-0.044215293916581744
2025-09-25,24890.849609375,24890.849609375,25092.69921875,24878.30078125,25034.5,342500,-0.006626948212322681,-0.006649003929024595,0.06625512504378589,24963.25,24875.800078125,0.01591570973037415,0.4013911620294599,-0.050549229665926565
2025-09-26,24654.69921875,24654.69921875,24868.599609375,24629.44921875,24818.55078125,291500,-0.009487437927231501,-0.009532730366893805,0.07471053465432535,24974.64248046875,24864.653046875,0.009327834453426664,-0.1489051094890511,-0.059557084914433234
2025-09-29,24634.900390625,24634.900390625,24791.30078125,24606.19921875,24728.55078125,394400,-0.0008030448049409777,-0.0008033674181471517,0.06914547107322076,24975.1349609375,24855.1220703125,0.0003999833122172447,0.3530017152658662,-0.060312302711736265
2025-09-30,24611.099609375,24611.099609375,24731.80078125,24587.69921875,24691.94921875,303000,-0.0009661407544825362,-0.0009666077692868598,0.06890021257339375,24976.7099609375,24847.9760546875,0.0012815505744847577,-0.23174442190669375,-0.06122017329257223
2025-10-01,24836.30078125,24836.30078125,24867.94921875,24605.94921875,24620.55078125,308900,0.009150390492475902,0.009108779315782467,0.07370427093473671,24982.7724609375,24842.8880859375,0.004905917494290035,0.019471947194719563,-0.05262997129174052
2025-10-03,24894.25,24894.25,24904.80078125,24747.55078125,24759.55078125,365900,0.0023332467769816567,0.0023305289834215856,0.07405839556960092,24990.769921875,24839.555078125,0.006466696599373822,0.18452573648429915,-0.05041952322564791
2025-10-06,25077.650390625,25077.650390625,25095.94921875,24881.650390625,24916.55078125,268800,0.007367178791287232,0.007340173682814145,0.0781325020009318,25007.60244140625,24836.710078125,0.013606983979022713,-0.2653730527466521,-0.04342379407653563
2025-10-07,25108.30078125,25108.30078125,25220.900390625,25076.30078125,25085.30078125,288000,0.0012222193924698033,0.0012214730903828323,0.07812482310625365,25024.3599609375,24837.6341015625,0.013528775522705816,0.0714285714285714,-0.042254648087280744
2025-10-08,25046.150390625,25046.150390625,25192.5,25008.5,25079.75,227400,-0.0024752925801897474,-0.0024783611817054724,0.07794233866336038,25033.2375,24841.817109375,0.0071395568724772485,-0.2104166666666667,-0.04462534805058149
2025-10-09,25181.80078125,25181.80078125,25199.25,25024.30078125,25074.30078125,286300,0.005416017571936882,0.005401403691044332,0.0788440316495829,25043.67255859375,24851.8351171875,0.00835703917973607,0.25901495162708876,-0.03945102214784035
2025-10-10,25285.349609375,25285.349609375,25330.75,25156.849609375,25167.650390625,232900,0.0041120501676790155,0.004103618794970308,0.07988255452529416,25057.6650390625,24861.1201171875,0.01119152224010711,-0.1865176388403772,-0.03550119656239936
2025-10-13,25227.349609375,25227.349609375,25267.30078125,25152.30078125,25177.30078125,234300,-0.0022938183927065925,-0.0022964532241035664,0.07919109872707843,25063.33251953125,24868.56609375,0.004513403256152015,0.006011163589523472,-0.037713581657467965
2025-10-14,25145.5,25145.5,25310.349609375,25060.55078125,25277.55078125,292100,-0.003244479132464395,-0.0032497538671527296,0.07985200188474277,25067.14755859375,24876.1091015625,0.0030436066419279317,0.24669227486128897,-0.040835699861234254
2025-10-15,25323.55078125,25323.55078125,25365.150390625,25159.349609375,25181.94921875,289900,0.007080820872521931,0.007055869574947451,0.080189072657903,25071.3701171875,24891.273125,0.003346045349558846,-0.007531667237247519,-0.03404402926463379
2025-10-16,25585.30078125,25585.30078125,25625.400390625,25376.849609375,25394.900390625,372800,0.010336228211479837,0.010283174673804386,0.08718516765981339,25084.12265625,24908.524140625,0.0100690195023736,0.28596067609520515,-0.024059687908871474
2025-10-17,25709.849609375,25709.849609375,25781.5,25508.599609375,25546.849609375,422100,0.004867983737610659,0.0048561734175648985,0.08785209953351962,25098.43515625,24929.7301171875,0.01125922388639422,0.13224248927038618,-0.019308826340733276
2025-10-20,25843.150390625,25843.150390625,25926.19921875,25788.5,25824.599609375,301100,0.005184813729964155,0.0051714188632333265,0.08771521632514175,25124.24013671875,24955.109140625,0.02037740650629072,-0.2866619284529732,-0.014224125278689992
2025-10-21,25868.599609375,25868.599609375,25934.349609375,25825.80078125,25901.19921875,42500,0.0009847568259027106,0.000984272270986046,0.08486492652521663,25157.55263671875,24980.558125,0.026436027208834645,-0.858850880106277,-0.013253375757247943
2025-10-23,25891.400390625,25891.400390625,26104.19921875,25862.44921875,26057.19921875,448400,0.0008814076368377499,0.0008810194252249848,0.08432670929484642,25193.64765625,25011.1201171875,0.02868155468424094,9.550588235294118,-0.012383649747016556
2025-10-24,25795.150390625,25795.150390625,25944.150390625,25718.19921875,25935.099609375,284900,-0.0037174505259611745,-0.0037243774174138414,0.08366283960326323,25230.56015625,25035.322109375,0.02946294188391385,-0.3646297948260482,-0.016055064667712338
2025-10-27,25966.05078125,25966.05078125,26005.94921875,25827.0,25843.19921875,266300,0.006625291500029773,0.00660344071508198,0.07977849254325964,25284.32021484375,25064.8951171875,0.04319664409807977,-0.06528606528606529,-0.009536142651157875
2025-10-28,25936.19921875,25936.19921875,26041.69921875,25810.05078125,25939.94921875,395200,-0.001149638146805021,-0.0011502994876563522,0.0682651602952293,25348.39521484375,25091.232109375,0.051977920664528554,0.4840405557641758,-0.01067481768459777
2025-10-29,26053.900390625,26053.900390625,26097.849609375,25960.30078125,25982.0,321900,0.0045381040946781415,0.004527837947802368,0.06742655681563599,25419.34521484375,25119.6841015625,0.057601207128891385,-0.18547570850202433,-0.0061851570237638764
2025-10-30,25877.849609375,25877.849609375,26032.05078125,25845.25,25984.400390625,257400,-0.0067571756478100875,-0.006780108726120027,0.0745188385798675,25482.68271484375,25139.702109375,0.05147067868180355,-0.20037278657968316,-0.012900538479155066
2025-10-31,25722.099609375,25722.099609375,25953.75,25711.19921875,25863.80078125,334400,-0.006018660837397216,-0.006036845980053782,0.07610556212273674,25526.97265625,25154.53109375,0.03566548963659377,0.2991452991452992,-0.018841555350826544
2025-11-03,25763.349609375,25763.349609375,25803.099609375,25645.5,25696.849609375,23300,0.0016036793506921665,0.001602394830084992,0.07607605920150264,25570.42763671875,25168.7870703125,0.03491166069975993,-0.930322966507177,-0.0172680918133854
2025-11-04,25597.650390625,25597.650390625,25787.400390625,25578.400390625,25744.75,305100,-0.006431586779760301,-0.006452358545521922,0.07827358398032508,25596.42763671875,25179.065078125,0.020735594918190436,12.094420600858369,-0.02358861736212714
2025-11-06,25509.69921875,25509.69921875,25679.150390625,25491.55078125,25593.349609375,371900,-0.0034359080045569534,-0.0034418242922323408,0.07985361426777239,25616.49755859375,25191.8570703125,0.015986682690998677,0.2189446083251394,-0.02694347704747313
2025-11-07,25492.30078125,25492.30078125,25551.25,25318.44921875,25433.80078125,305600,-0.0006820322478444663,-0.0006822649376453303,0.0791289209030785,25638.805078125,25202.3480859375,0.01781313230443593,-0.17827372949717668,-0.0276071329751022
2025-11-10,25574.349609375,25574.349609375,25653.44921875,25503.5,25503.5,243600,0.0032185728871263475,0.0032134043686110675,0.0778424680104527,25658.43251953125,25219.5940625,0.015588592393967593,-0.20287958115183247,-0.024477415657660817
2025-11-11,25694.94921875,25694.94921875,25715.80078125,25449.25,25617.0,297700,0.0047156471705849246,0.004704563337770722,0.07821180441365184,25678.9125,25243.4750390625,0.016199088234996495,0.22208538587848925,-0.01987719534296517
2025-11-12,25875.80078125,25875.80078125,25934.55078125,25781.150390625,25834.30078125,312600,0.0070384090258497345,0.007013755040664786,0.08027254419824144,25711.33505859375,25272.4540625,0.025704292441169674,0.05005038629492775,-0.012978690148225946
2025-11-13,25879.150390625,25879.150390625,26010.69921875,25808.400390625,25906.099609375,385200,0.00012944949620363744,0.00012944111834060272,0.07862895326322966,25748.017578125,25297.5360546875,0.029176210082320964,0.23224568138195778,-0.012850920736923288
2025-11-14,25910.05078125,25910.05078125,25940.19921875,25740.80078125,25767.900390625,518900,0.001194026471448284,0.0011933141887742222,0.07577540741451572,25777.342578125,25324.145078125,0.023160259201653988,0.34709241952232617,-0.011672238605017315
2025-11-17,26013.44921875,26013.44921875,26024.19921875,25906.349609375,25948.19921875,281800,0.0039906690408659795,0.003982727442351947,0.06866442569913801,25798.75,25350.113046875,0.016734156895812813,-0.4569281171709385,-0.007728149605389922
2025-11-18,25910.05078125,25910.05078125,26029.849609375,25876.5,26021.80078125,280000,-0.003974806902018679,-0.003982727442351953,0.0689576091828783,25808.76005859375,25373.628046875,0.007786944494688752,-0.0063875088715400485,-0.011672238605017315
2025-11-19,26052.650390625,26052.650390625,26074.650390625,25856.19921875,25918.099609375,250100,0.005503640675154298,0.005488550984983714,0.06925792527163746,25819.23505859375,25399.8610546875,0.008106596789995146,-0.10678571428571426,-0.006232837737019659
2025-11-20,26192.150390625,26192.150390625,26246.650390625,26063.19921875,26132.099609375,240400,0.005354541588221684,0.005340256999340202,0.07143405909226637,25835.41259765625,25428.2410546875,0.012507471843691942,-0.038784486205517776,-0.0009116701376735703
2025-11-21,26068.150390625,26068.150390625,26179.19921875,26052.19921875,26109.55078125,235600,-0.0047342428227803435,-0.0047454848460117445,0.073911946242297,25844.25009765625,25452.2320703125,0.0068265909658560275,-0.019966722129783676,-0.005641596892647871
2025-11-24,25959.5,25959.5,26142.80078125,25912.150390625,26122.80078125,464700,-0.004167936312968079,-0.00417664636992243,0.07425843778829806,25852.467578125,25471.960078125,0.006371337514462949,0.9724108658743633,-0.009786019389064093
2025-11-25,25884.80078125,25884.80078125,26032.599609375,25857.5,25998.5,260500,-0.002877529180069005,-0.002881677226487561,0.07117825647560809,25848.405078125,25489.54609375,-0.0031290857698957897,-0.43942328383903595,-0.01263538901278427
2025-11-26,26205.30078125,26205.30078125,26215.150390625,25842.94921875,25842.94921875,275300,0.012381783530362567,0.012305756174877891,0.08362483798272598,25861.86015625,25511.372109375,0.010375520338595345,0.056813819577735014,-0.00041005413399974877
2025-11-27,26215.55078125,26215.55078125,26310.44921875,26141.900390625,26261.25,240300,0.0003911422381892571,0.0003910657620054032,0.08227098439660212,25869.94267578125,25534.299140625,0.006204460299662706,-0.12713403559753,-1.907228530229066e-05
2025-11-28,26202.94921875,26202.94921875,26280.75,26172.400390625,26237.44921875,202500,-0.0004806903583736144,-0.0004808059270205712,0.07799925054064474,25886.19765625,25553.5761328125,0.012562852566282201,-0.1573033707865169,-0.0004997534758122146
2025-12-01,26175.75,26175.75,26325.80078125,26124.19921875,26325.80078125,213800,-0.0010380212747401751,-0.001038560391932615,0.07426641934642436,25908.88017578125,25570.4861328125,0.017636600336453645,0.05580246913580256,-0.0015372559958124477
2025-12-02,26032.19921875,26032.19921875,26154.599609375,25997.849609375,26087.94921875,254800,-0.005484113396941881,-0.005499206353098099,0.07754847624624762,25922.32265625,25582.658125,0.010435351514896496,0.19176800748362965,-0.007012938906553079
2025-12-03,25986.0,25986.0,26066.44921875,25891.0,26004.900390625,265700,-0.0017746951904364927,-0.0017762718275890193,0.07365150608301514,25941.74013671875,25595.837109375,0.015171299062558985,0.04277864992150704,-0.008775188268041356
2025-12-04,26033.75,26033.75,26098.25,25938.94921875,25981.849609375,248100,0.0018375278996383138,0.0018358417105443499,0.07202955768460406,25967.94267578125,25612.4651171875,0.020543197187711915,-0.06624012043658256,-0.0069537850216701
2025-12-05,26186.44921875,26186.44921875,26202.599609375,25985.349609375,25999.80078125,249300,0.005865433091659877,0.005848298407896911,0.07369736466962618,26002.65009765625,25632.8041015625,0.0272297288289709,0.0048367593712213,-0.0011291388907886946
2025-12-08,25960.55078125,25960.55078125,26178.69921875,25892.25,26159.80078125,320700,-0.00862653945989178,-0.008663963433110109,0.08136092647162035,26021.96015625,25650.877109375,0.015101114115270597,0.286401925391095,-0.009745937789483405
2025-12-09,25839.650390625,25839.650390625,25923.650390625,25728.0,25867.099609375,276000,-0.004657081109092687,-0.004667959097577137,0.08211646043262825,26029.19521484375,25669.853125,0.00563150254328626,-0.13938260056127216,-0.014357631275806249
2025-12-10,25758.0,25758.0,25947.650390625,25734.55078125,25864.05078125,207900,-0.0031598875909956137,-0.003164890577820058,0.07893426882200438,26023.30517578125,25691.919140625,-0.004552546305556682,-0.24673913043478257,-0.017472150365897332
2025-12-11,25898.55078125,25898.55078125,25922.80078125,25693.25,25771.400390625,206100,0.0054565875164998,0.005441754277616313,0.081465263622476,26024.2751953125,25717.1921484375,0.0007496533051574161,-0.008658008658008698,-0.012110901166970556
2025-12-12,26046.94921875,26046.94921875,26057.599609375,25938.44921875,25971.19921875,216300,0.005729990019651465,0.0057136360690816825,0.08386085748117605,26031.1201171875,25745.909140625,0.0052836035967582795,0.04949053857350805,-0.006450306490134783
2025-12-15,26027.30078125,26027.30078125,26047.150390625,25904.75,25930.05078125,181600,-0.0007543469807149705,-0.0007546316435640039,0.08275289937453492,26031.8126953125,25769.729140625,0.0005324769654158068,-0.1604253351826167,-0.007199787701624216
2025-12-16,25860.099609375,25860.099609375,25980.75,25834.349609375,25951.5,264400,-0.006424068837574293,-0.006444791966669916,0.08477186338761623,26029.31513671875,25789.0461328125,-0.0019278685440148324,0.45594713656387675,-0.013577604607387328
2025-12-17,25818.55078125,25818.55078125,25929.150390625,25770.349609375,25902.400390625,206500,-0.001606677033445636,-0.0016079691231565723,0.08227672565199706,26017.61015625,25803.864140625,-0.0089856350837626,-0.21898638426626327,-0.015162466815341058
2025-12-18,25815.55078125,25815.55078125,25902.349609375,25726.30078125,25764.69921875,197600,-0.00011619552256891819,-0.00011620227379163036,0.07941239412797176,25998.78017578125,25818.009140625,-0.01437833869149574,-0.043099273607748234,-0.015276900527155024
2025-12-19,25966.400390625,25966.400390625,25993.349609375,25880.44921875,25911.5,382900,0.005843362036054733,0.005826355812965194,0.0811593335090022,25993.69267578125,25836.414140625,-0.0039032305121499133,0.9377530364372471,-0.009522806951669183
2025-12-22,26172.400390625,26172.400390625,26180.69921875,26047.80078125,26055.849609375,253000,0.00793332910611566,0.00790202570190833,0.08455501058670177,26004.3376953125,25856.2261328125,0.008201251589013747,-0.3392530686863411,-0.001665025407115106
2025-12-23,26177.150390625,26177.150390625,26233.55078125,26119.05078125,26205.19921875,216600,0.00018148889399149937,0.00018147242687454733,0.08366864879153,26018.95517578125,25874.0621484375,0.011294257655124262,-0.1438735177865612,-0.0014838386967430672
2025-12-24,26142.099609375,26142.099609375,26236.400390625,26123.0,26170.650390625,188800,-0.0013389838361685946,-0.0013398810760412456,0.07138327887510199,26015.7951171875,25892.3571484375,-0.0024117705193531513,-0.1283471837488458,-0.0028208356968811854
2025-12-26,26042.30078125,26042.30078125,26144.19921875,26008.599609375,26121.25,142200,-0.0038175521330050532,-0.0038248575837020187,0.07254163594905264,26007.1326171875,25910.2931640625,-0.006608672899747425,-0.24682203389830504,-0.006627619142554719
2025-12-29,25942.099609375,25942.099609375,26106.80078125,25920.30078125,26063.349609375,234300,-0.003847631310177624,-0.0038550524856079535,0.07361458997873964,25994.09013671875,25922.664140625,-0.009954971373540844,0.6476793248945147,-0.010449749817807552
2025-12-30,25938.849609375,25938.849609375,25976.75,25878.0,25940.900390625,396900,-0.00012527898855285713,-0.00012528683662081574,0.07359739094419732,25982.2451171875,25929.7351171875,-0.009050376421879003,0.6939820742637643,-0.010573719672272608
2025-12-31,26129.599609375,26129.599609375,26187.94921875,25969.0,25971.05078125,246300,0.0073538342244390265,0.007326926621050068,0.07598068289905638,25987.11513671875,25938.1301171875,0.003741535235134652,-0.3794406651549509,-0.003297642829439118
2026-01-01,26146.55078125,26146.55078125,26197.55078125,26113.400390625,26173.30078125,425600,0.0006487344669803274,0.0006485241297397655,0.07563653667639085,25995.14267578125,25944.198125,0.006178356855614631,0.7279740154283394,-0.0026510476570219543
2026-01-02,26328.55078125,26328.55078125,26340.0,26118.400390625,26155.099609375,357500,0.006960765170238581,0.00693665088228735,0.07909137589482884,26009.88271484375,25953.3971484375,0.011323792432899493,-0.16000939849624063,0.0
2026-01-05,26250.30078125,26250.30078125,26373.19921875,26210.05078125,26333.69921875,338800,-0.0029720587604740167,-0.002976484097528138,0.07745621377675861,26013.07529296875,25960.57515625,0.0024383436626558286,-0.05230769230769228,-0.0029720587604740167
2026-01-06,26178.69921875,26178.69921875,26273.94921875,26124.75,26189.69921875,383000,-0.0027276473171363724,-0.0027313741255683985,0.07113593635038662,26023.98271484375,25968.2461328125,0.008403074316033265,0.1304604486422669,-0.005691599349506027
2026-01-07,26140.75,26140.75,26187.150390625,26067.900390625,26143.099609375,338200,-0.001449622016468255,-0.0014506737349826563,0.06896853983859971,26039.0376953125,25971.7401171875,0.011652619320431823,-0.11697127937336815,-0.007132970698248364
2026-01-08,25876.849609375,25876.849609375,26133.19921875,25858.44921875,26106.5,328500,-0.010095364158449915,-0.010146667926064248,0.07787341946846947,26044.98017578125,25970.553125,0.004614085308447757,-0.0286812536960378,-0.01715632491996788
2026-01-09,25683.30078125,25683.30078125,25940.599609375,25623.0,25840.400390625,348800,-0.007479613285493514,-0.007507725861466694,0.07991847687802044,26034.21767578125,25963.1411328125,-0.008311275863197576,0.061796042617960456,-0.024507615529659854
2026-01-12,25790.25,25790.25,25813.150390625,25473.400390625,25669.05078125,275800,0.004164153963733375,0.00415550786875295,0.07851211738691441,26021.38271484375,25961.389140625,-0.009855250862362608,-0.20928899082568808,-0.02044551505027592
2026-01-13,25732.30078125,25732.30078125,25899.80078125,25603.30078125,25897.349609375,339500,-0.002246942885392733,-0.002249471049361169,0.07875655342888993,26006.63271484375,25961.5931640625,-0.01133425254041387,0.2309644670050761,-0.022646518031088192
2026-01-14,25665.599609375,25665.599609375,25791.75,25603.94921875,25648.55078125,393100,-0.00259211846006413,-0.002595483815978393,0.07608825672912924,25996.90771484375,25959.6381640625,-0.0075212393972948766,0.15787923416789407,-0.025179934033707774
2026-01-16,25694.349609375,25694.349609375,25873.5,25662.400390625,25696.05078125,434000,0.0011201764399650926,0.0011195495104741853,0.07611919480931122,25990.69765625,25961.5721484375,-0.004810540023230003,0.10404477232256415,-0.024087963562607118
2026-01-19,25585.5,25585.5,25653.30078125,25494.349609375,25653.099609375,443100,-0.004236324757381116,-0.004245323404225256,0.07742917017882424,25979.1951171875,25963.0881640625,-0.008911325704392348,0.020967741935483897,-0.028222243883592957
2026-01-20,25232.5,25232.5,25585.0,25171.349609375,25580.30078125,409800,-0.013796877137441155,-0.013892938636022806,0.08725268178485299,25942.50009765625,25957.8921484375,-0.028263462766674796,-0.07515233581584291,-0.041629742189629226
2026-01-21,25157.5,25157.5,25300.94921875,24919.80078125,25141.0,395600,-0.0029723570791637677,-0.0029767833055262707,0.08006382778526101,25891.755078125,25949.55515625,-0.038777505138143153,-0.034651049292337754,-0.04447836080989198
2026-01-22,25289.900390625,25289.900390625,25435.75,25168.5,25344.150390625,486400,0.00526285960946038,0.005249059162526262,0.08380933344964338,25847.392578125,25941.4541796875,-0.03389406359210734,0.22952477249747227,-0.039449584569032914
2026-01-23,25048.650390625,25048.650390625,25347.94921875,25025.30078125,25344.599609375,393900,-0.009539381186706164,-0.009585172530157553,0.08829824630010738,25792.7201171875,25924.911171875,-0.04182713841232055,-0.19017269736842102,-0.04861264113087782
2026-01-27,25175.400390625,25175.400390625,25246.650390625,24932.55078125,25063.349609375,618700,0.005060152863462841,0.0050473933153695125,0.09160254494999745,25749.37509765625,25910.836171875,-0.033288164433196044,0.5707032241685708,-0.04379847566263395
2026-01-28,25342.75,25342.75,25372.099609375,25187.650390625,25258.849609375,574900,0.006647346488174222,0.006625350304204862,0.09578026495350066,25719.4076171875,25899.49015625,-0.023103357800630997,-0.07079359948278652,-0.03744227281784318
2026-01-29,25418.900390625,25418.900390625,25458.150390625,25159.80078125,25345.0,582400,0.0030048195489833507,0.003000314101836464,0.09686828792791478,25693.41015625,25887.5991796875,-0.020045191925630923,0.013045747086449788,-0.03454996054218118
2026-01-30,25320.650390625,25320.650390625,25370.69921875,25213.650390625,25247.55078125,508400,-0.003865234077404689,-0.003872723399525638,0.09212168898821563,25652.9626953125,25875.811171875,-0.030959112686126167,-0.12706043956043955,-0.03828165093472524
2026-02-02,25088.400390625,25088.400390625,25108.099609375,24679.400390625,24796.5,449200,-0.00917235522852089,-0.00921468029121448,0.09555674951915993,25600.05517578125,25856.526171875,-0.040469980131521255,-0.11644374508261213,-0.04710287326213869
2026-02-03,25727.55078125,25727.55078125,26341.19921875,25641.30078125,26308.05078125,637300,0.025475932330218942,0.025156829049839922,0.13290930705022744,25570.00517578125,25847.2341796875,-0.022826930543704882,0.41874443455031174,-0.022826930543704882
2026-02-04,25776.0,25776.0,25818.55078125,25563.94921875,25675.05078125,429800,0.0018831648283172964,0.0018813938963879184,0.13314449628826627,25546.29013671875,25841.391171875,-0.018068394156793177,-0.32559234269574766,-0.020986752588125768
2026-02-05,25642.80078125,25642.80078125,25757.650390625,25579.5,25755.900390625,343800,-0.00516756745616076,-0.005180965509696233,0.13387047597546212,25519.49521484375,25835.0571875,-0.020470781723034293,-0.20009306654257797,-0.026045869584601644
2026-02-06,25693.69921875,25693.69921875,25703.94921875,25491.900390625,25605.80078125,375500,0.0019849016468285186,0.001982934332408332,0.1342829761692025,25497.14267578125,25831.23515625,-0.01710168152214453,0.09220477021524132,-0.024112666427204665
2026-02-09,25867.30078125,25867.30078125,25922.25,25780.900390625,25888.69921875,359400,0.006756581098813275,0.006733857702297746,0.13215543231137733,25496.665234375,25824.47515625,-0.00036901045796322585,-0.042876165113182374,-0.01751900451461541
2026-02-10,25935.150390625,25935.150390625,25989.44921875,25870.44921875,25922.650390625,460900,0.0026229876069705504,0.0026195535786092045,0.12940410819066323,25509.25771484375,25818.8671484375,0.009805967368448965,0.2824151363383416,-0.01494196903937306
2026-02-11,25953.849609375,25953.849609375,26009.400390625,25899.80078125,25997.44921875,331400,0.0007209990483325601,0.0007207392533858182,0.12868532216832596,25517.4376953125,25813.88515625,0.006343467371390243,-0.2809720112822738,-0.01423174313649822
2026-02-12,25807.19921875,25807.19921875,25906.69921875,25752.400390625,25906.69921875,419400,-0.00565042923620962,-0.005666453301894332,0.13015212844258897,25521.1826171875,25806.514140625,0.0029106778339298423,0.2655401327700664,-0.019801756915207136
2026-02-13,25471.099609375,25471.099609375,25630.349609375,25444.30078125,25571.150390625,453500,-0.01302348257655217,-0.013109031702560043,0.13819075687595417,25511.4576171875,25795.2921484375,-0.007578237132981447,0.08130662851692905,-0.032567351655588994
2026-02-16,25682.75,25682.75,25697.0,25372.69921875,25423.599609375,275800,0.008309432803093486,0.008275099528577884,0.14151511085527774,25510.87763671875,25789.2271484375,-0.00045144592298873576,-0.39184123484013234,-0.024528535072652402
2026-02-17,25725.400390625,25725.400390625,25764.400390625,25570.30078125,25637.94921875,344100,0.00166066292063749,0.0016592855446634625,0.1407281772939292,25517.87265625,25783.06015625,0.00546795609329509,0.24764321972443804,-0.022908605780707747
2026-02-18,25819.349609375,25819.349609375,25828.05078125,25645.150390625,25752.650390625,310200,0.003652002197183979,0.0036453498285502696,0.13072822757372682,25547.21513671875,25775.7181640625,0.023257687877737077,-0.0985178727114211,-0.019340265862169304
2026-02-19,25454.349609375,25454.349609375,25885.30078125,25388.75,25873.349609375,298200,-0.014136684522350174,-0.014237559265090531,0.1411388779872747,25562.0576171875,25765.594140625,0.011799646601411196,-0.03868471953578334,-0.03320354314744767
2026-02-20,25571.25,25571.25,25663.55078125,25379.75,25406.55078125,296600,0.004592550680687868,0.00458203709696536,0.14086621924901493,25576.12509765625,25760.2261328125,0.011124978945322272,-0.005365526492287054,-0.028763481421442916
2026-02-23,25713.0,25713.0,25771.44921875,25609.349609375,25678.400390625,313700,0.00554333479982394,0.00552802706402003,0.1365899094644031,25609.342578125,25759.3261328125,0.02652237142579339,0.057653405259608936,-0.02337959222914643
2026-02-24,25424.650390625,25424.650390625,25641.80078125,25327.599609375,25641.80078125,439100,-0.011214156627970318,-0.011277509359324957,0.14281383616159354,25621.805078125,25749.848125,0.009900537672990373,0.3997449792795664,-0.03433156644796098
2026-02-25,25482.5,25482.5,25652.599609375,25428.19921875,25512.599609375,414200,0.002275335490801167,0.0022727508349003555,0.1411609781549909,25628.792578125,25738.559140625,0.005514397608783472,-0.056706900478251,-0.03213434678875371
2026-02-26,25496.55078125,25496.55078125,25572.94921875,25400.94921875,25556.30078125,405200,0.0005513894339252978,0.000551237474627977,0.14080107897226898,25632.67509765625,25727.944140625,0.0030548288648095667,-0.021728633510381457,-0.03160067589411386
2026-02-27,25178.650390625,25178.650390625,25476.400390625,25141.30078125,25459.849609375,438900,-0.012468368500212268,-0.012546750821351201,0.14730620390267965,25625.57509765625,25714.31515625,-0.00560807079634007,0.08316880552813433,-0.04367503552242258
2026-03-02,24865.69921875,24865.69921875,24989.349609375,24603.5,24659.25,519200,-0.012429227421638323,-0.012507116341135643,0.1503859044286608,25614.4400390625,25695.258125,-0.008876658870536014,0.1829573934837092,-0.055561415994904495
2026-03-04,24480.5,24480.5,24602.44921875,24305.400390625,24388.80078125,599000,-0.015491187895474101,-0.015612430100429392,0.12597856834778726,25552.0875,25668.557109375,-0.04847141462679916,0.15369799691833586,-0.07019189155546302
2026-03-05,24765.900390625,24765.900390625,24854.19921875,24529.400390625,24615.94921875,504300,0.011658274570576665,0.011590840491558407,0.13484379158364546,25501.58251953125,25644.547109375,-0.0391876012327359,-0.15809682804674452,-0.059351933329268136
2026-03-06,24450.44921875,24450.44921875,24700.900390625,24415.75,24656.400390625,433400,-0.012737318930444053,-0.012819134056590225,0.1398667147375815,25441.96494140625,25610.1080859375,-0.046498491825114785,-0.14059091810430302,-0.07133326775575888
2026-03-09,24028.05078125,24028.05078125,24078.150390625,23697.80078125,23868.05078125,526900,-0.017275692308183932,-0.017426658301668632,0.14853563603153627,25358.68251953125,25567.12609375,-0.06482711669188113,0.2157360406091371,-0.08737662847885697
2026-03-10,24261.599609375,24261.599609375,24303.80078125,24079.94921875,24280.80078125,444300,0.009719840791548862,0.009672907019832675,0.15151873272386626,25278.3974609375,25529.51609375,-0.062074554490776146,-0.156765989751376,-0.0785060746050249
2026-03-11,23866.849609375,23866.849609375,24299.0,23834.30078125,24231.849609375,407400,-0.01627056774308744,-0.016404386958885315,0.15677724814779112,25174.982421875,25486.0070703125,-0.07974894111266251,-0.08305199189736667,-0.09349930394300743
2026-03-12,23639.150390625,23639.150390625,23833.150390625,23556.30078125,23674.849609375,501000,-0.009540396930332928,-0.009586198057198514,0.1567943533511214,25059.2474609375,25439.9480859375,-0.08918519809538727,0.22974963181148755,-0.1021476804010143
2026-03-13,23151.099609375,23151.099609375,23492.400390625,23112.0,23462.5,519800,-0.02064586811222946,-0.020861973679950938,0.16701854058997842,24926.44248046875,25384.1930859375,-0.1029208782735801,0.0375249500998005,-0.1206846209757142
2026-03-16,23408.80078125,23408.80078125,23502.0,22955.25,23116.099609375,540300,0.011131271353117311,0.011069774688696974,0.17417393938740133,24823.3275390625,25329.777109375,-0.08096622681205101,0.0394382454790303,-0.11089672288682573
2026-03-17,23581.150390625,23581.150390625,23656.80078125,23346.599609375,23493.19921875,458800,0.007362598835607637,0.007335627211391066,0.17330970695855588,24718.24755859375,25278.4691015625,-0.0818292281541112,-0.15084212474551173,-0.10435061213401742
2026-03-18,23777.80078125,23777.80078125,23862.25,23618.44921875,23632.900390625,382900,0.008339304375208911,0.008304724491583992,0.17786976891512393,24620.867578125,25227.4541015625,-0.07570726129824423,-0.1654315605928509,-0.09688151927513333
2026-03-19,23002.150390625,23002.150390625,23378.69921875,22930.349609375,23197.75,550100,-0.03262077926216955,-0.03316469831760482,0.20324219232214724,24480.0076171875,25162.49109375,-0.10911193586871282,0.4366675372159834,-0.12634194788244524
2026-03-20,23114.5,23114.5,23345.150390625,23067.599609375,23110.150390625,663300,0.004884308965338757,0.004872419427371909,0.20400957290678842,24363.01513671875,25101.207109375,-0.09192337047626697,0.20578076713324855,-0.12207473202584707
2026-03-23,22512.650390625,22512.650390625,22851.69921875,22471.25,22824.349609375,550300,-0.026037751600726855,-0.02638273543442679,0.21442307536418947,24210.08515625,25028.6451171875,-0.11961087586156327,-0.17036031961405096,-0.1449339320773596
2026-03-24,22912.400390625,22912.400390625,23057.30078125,22624.19921875,22878.44921875,538100,0.017756683156527453,0.017600874978779452,0.2272090077611454,24070.05517578125,24969.3561328125,-0.10891765291389566,-0.02216972560421593,-0.12975079483135954
2026-03-25,23306.44921875,23306.44921875,23465.349609375,23063.19921875,23064.400390625,505400,0.01719805962740728,0.0170518470014907,0.23998808734936894,23964.1451171875,24921.8191015625,-0.08331289277653386,-0.06076937372235647,-0.11478419711016541
2026-03-27,22819.599609375,22819.599609375,23186.099609375,22804.55078125,23173.55078125,612600,-0.02088905112938999,-0.0211103140979646,0.24571532963648626,23831.00009765625,24862.40609375,-0.10449918142352599,0.21210922041946967,-0.1332755152772752
2026-03-30,22331.400390625,22331.400390625,22714.099609375,22283.849609375,22549.650390625,698600,-0.02139385559374285,-0.021626021374847804,0.2510026241315969,23672.742578125,24794.3880859375,-0.12414033638434852,0.14038524322559587,-0.15181809374299438
2026-04-01,22679.400390625,22679.400390625,22941.30078125,22618.599609375,22899.0,518000,0.015583438293735208,0.0154632634032261,0.2617054534374233,23547.780078125,24734.6641015625,-0.09926068161820811,-0.2585170340681363,-0.13860050334497553
2026-04-02,22713.099609375,22713.099609375,22782.30078125,22182.55078125,22383.400390625,495100,0.0014858954897207788,0.0014847926393626724,0.26125550041810514,23440.15009765625,24675.0391015625,-0.08656903594135934,-0.04420849420849415,-0.1373205537180482
2026-04-06,22968.25,22968.25,22998.349609375,22542.94921875,22780.30078125,426400,0.01123362266767347,0.01117099412238686,0.2634720452362325,23364.53759765625,24622.6941015625,-0.06177365658381162,-0.13875984649565742,-0.12762953833535928
2026-04-07,23123.650390625,23123.650390625,23153.849609375,22719.30078125,22838.69921875,477000,0.0067658785769486585,0.006743092740219248,0.26040957560762623,23282.42509765625,24580.517109375,-0.06631093455506532,0.11866791744840532,-0.12172718571761965
2026-04-08,23997.349609375,23997.349609375,24025.150390625,23828.5,23855.150390625,639300,0.03778379295615997,0.03708747109816642,0.294561818286471,23259.7701171875,24557.3141015625,-0.018531340889538228,0.34025157232704406,-0.08854270754375038
2026-04-09,23775.099609375,23775.099609375,23990.75,23682.80078125,23909.05078125,466600,-0.009261439434677166,-0.009304593215623836,0.28990483680301593,23247.12255859375,24527.0180859375,-0.010527328004167003,-0.27013921476615044,-0.09698411405512875
2026-04-10,24050.599609375,24050.599609375,24074.05078125,23856.349609375,23880.55078125,481300,0.011587753764504383,0.011521129932275736,0.29084020874329813,23236.57255859375,24507.0570703125,-0.008696870915241184,0.031504500642949074,-0.08652018832336394
2026-04-13,23842.650390625,23842.650390625,23907.400390625,23555.599609375,23589.599609375,488800,-0.008646321593950623,-0.008683917902558702,0.28647679730431563,23235.36259765625,24480.4020703125,-0.0010139259745657325,0.015582796592561898,-0.09441842854470162
2026-04-15,24231.30078125,24231.30078125,24280.900390625,24145.80078125,24163.80078125,460300,0.016300637062472756,0.01616920800628811,0.2896764606224875,23264.9701171875,24458.1730859375,0.025049563154344145,-0.05830605564648117,-0.07965687201794514
2026-04-16,24196.75,24196.75,24400.94921875,24102.80078125,24385.19921875,508000,-0.0014258739785333319,-0.0014268915041919185,0.27799064665267886,23317.25263671875,24433.730078125,0.04516633802575698,0.10362806865087992,-0.08096916533545673
2026-04-17,24353.55078125,24353.55078125,24371.900390625,24096.05078125,24165.900390625,498600,0.006480241406387144,0.0064593349128548826,0.2765193449895605,23364.49013671875,24414.3880859375,0.0403587526259237,-0.018503937007874005,-0.075013623666917
2026-04-20,24364.849609375,24364.849609375,24480.650390625,24241.25,24391.5,415900,0.00046394992773279853,0.0004638423362418336,0.27582854124243816,23403.67509765625,24399.9170703125,0.03323413852877888,-0.16586442037705573,-0.0745844763044633
2026-04-21,24576.599609375,24576.599609375,24601.69921875,24354.900390625,24374.55078125,425800,0.008690798564113589,0.00865325096320232,0.2759430737941477,23443.6150390625,24376.898046875,0.03359431073856478,0.023803798990141845,-0.0665418763999217
2026-04-22,24378.099609375,24378.099609375,24515.94921875,24352.900390625,24470.849609375,440500,-0.00807678861823835,-0.00810958257469758,0.24680841173159848,23512.4125,24348.9400390625,0.05981828635077502,0.0345232503522781,-0.07408122034821696
2026-04-23,24173.05078125,24173.05078125,24310.19921875,24134.80078125,24202.349609375,467500,-0.008411190019346093,-0.008446763696540498,0.24990896076343883,23565.3400390625,24319.5450390625,0.04579596276147013,0.061293984108967026,-0.0818692991463491
2026-04-24,23897.94921875,23897.94921875,24206.0,23813.650390625,24100.55078125,438400,-0.011380506539678703,-0.011445760055327719,0.23221791852479892,23634.60498046875,24283.6300390625,0.061534239820198344,-0.06224598930481284,-0.0923180915916938
2026-04-27,24092.69921875,24092.69921875,24130.69921875,23936.19921875,23945.44921875,430300,0.008149234824183171,0.008116209111611542,0.2266750542567945,23693.619921875,24248.1380078125,0.051513538869892406,-0.01847627737226276,-0.08492117857441173
2026-04-28,23995.69921875,23995.69921875,24181.80078125,23957.05078125,24049.900390625,554100,-0.004026115924964935,-0.004034242549507945,0.2210224090208194,23728.082421875,24209.348984375,0.029573359439304836,0.2877062514524751,-0.08860539198995154
2026-04-29,24177.650390625,24177.650390625,24334.69921875,24059.94921875,24096.900390625,531100,0.007582657634449097,0.0075540537904852266,0.20504679690546135,23795.9849609375,24173.825,0.05951247193189446,-0.041508752932683635,-0.08169459870752827
2026-04-30,23997.55078125,23997.55078125,24087.44921875,23796.849609375,23996.94921875,505500,-0.007449012061355398,-0.007476894502422098,0.18805599787330496,23879.29248046875,24137.63203125,0.07461020632295279,-0.04820184522688764,-0.08853506671776379
2026-05-04,24119.30078125,24119.30078125,24290.19921875,24004.75,24063.55078125,419100,0.005073434414612388,0.005060607910890723,0.18290542096382892,23951.2875,24110.5960546875,0.06348935006325007,-0.17091988130563796,-0.08391080915753735
2026-05-05,24032.80078125,24032.80078125,24081.69921875,23882.05078125,24052.599609375,363300,-0.0035863394542201554,-0.0035927857866665616,0.18437407784366508,24017.27255859375,24077.5970703125,0.05810308564535527,-0.13314244810307807,-0.08719621596624028
2026-05-06,24330.94921875,24330.94921875,24356.5,23997.900390625,24171.0,429200,0.01240589643353629,0.012329573885162747,0.185114137837914,24085.40751953125,24049.708046875,0.05932969289127388,0.18139278832920458,-0.07587206675737734
2026-05-07,24326.650390625,24326.650390625,24482.099609375,24284.0,24398.5,440600,-0.00017668148029703623,-0.0001766970903084699,0.18482914723406627,24145.55751953125,24019.8540625,0.052024657857988155,0.02656104380242308,-0.07603534304860649
2026-05-08,24176.150390625,24176.150390625,24253.80078125,24126.650390625,24233.650390625,335900,-0.006186630612244115,-0.0062058471093194715,0.13453106486849475,24154.49755859375,23994.290078125,0.007450855371967657,-0.23763050385837492,-0.08175157107993358
2026-05-11,23815.849609375,23815.849609375,23997.44921875,23799.099609375,23970.099609375,390100,-0.014903149402549887,-0.015015317164036516,0.14133382409337047,24156.53505859375,23959.1820703125,0.0017139780976536123,0.16135754688895498,-0.0954363646047861
2026-05-12,23379.55078125,23379.55078125,23757.55078125,23348.400390625,23722.599609375,447500,-0.018319683541890175,-0.018489566950081734,0.14906320568459427,24122.9826171875,23912.5130859375,-0.02790154254047883,0.14714175852345557,-0.11200768414872819
2026-05-13,23412.599609375,23412.599609375,23582.94921875,23262.55078125,23362.44921875,415400,0.0014135784059419176,0.001412580244529267,0.1468246137415544,24101.480078125,23872.2720703125,-0.018037037586186244,-0.07173184357541895,-0.1107524373863984
2026-05-14,23689.599609375,23689.599609375,23777.19921875,23426.55078125,23530.25,428700,0.011831236369372666,0.011761794478008175,0.14073181624941095,24074.39501953125,23836.4140625,-0.022355430967790357,0.03201733269138174,-0.10023153928222828
2026-05-15,23643.5,23643.5,23839.30078125,23610.30078125,23731.400390625,408900,-0.0019459851637491088,-0.0019478810528585342,0.14075851965697034,24046.73251953125,23799.353046875,-0.022864640912519274,-0.04618614415675293,-0.10198247535759442
2026-05-18,23649.94921875,23649.94921875,23695.650390625,23317.099609375,23482.19921875,392000,0.0002727692071817778,0.0002727320124251536,0.1380050558191441,24011.55244140625,23768.7790234375,-0.028891128395195143,-0.04133039863047194,-0.10173752382936241
2026-05-19,23618.0,23618.0,23782.30078125,23587.19921875,23675.30078125,442000,-0.0013509212410769411,-0.0013518345578153919,0.13781870038436678,23974.2099609375,23743.8250390625,-0.030652748584486633,0.12755102040816335,-0.1029510056884837
2026-05-20,23659.0,23659.0,23690.900390625,23397.30078125,23457.25,344100,0.0017359640951817301,0.0017344590510618102,0.13312901340446187,23928.32998046875,23727.3950390625,-0.03733631275113303,-0.22149321266968325,-0.1013937608427401
2026-05-21,23654.69921875,23654.69921875,23859.900390625,23596.599609375,23830.05078125,348200,-0.00018178203854768427,-0.00018179856290503812,0.13118664405784186,23892.1599609375,23705.171015625,-0.02967419127070936,0.011915140947398983,-0.10155711131674572
2026-05-22,23719.30078125,23719.30078125,23835.650390625,23671.0,23671.19921875,336100,0.002731024474358801,0.0027273020029192283,0.12932876286346365,23869.4724609375,23690.548046875,-0.018770903354571766,-0.034750143595634664,-0.09910344179893826
2026-05-25,24031.69921875,24031.69921875,24054.44921875,23922.849609375,23940.25,351200,0.01317064277657587,0.013084663968970206,0.13219915113576786,23876.1599609375,23690.621015625,0.005596714545491599,0.04492710502826536,-0.08723805505222537
2026-05-26,23913.69921875,23913.69921875,24089.80078125,23885.44921875,24004.099609375,387900,-0.004910181295375682,-0.004922275842741698,0.13003099897435813,23867.2099609375,23683.6630078125,-0.0074296366038012485,0.1044988610478359,-0.09171988168143863
2026-05-27,23907.150390625,23907.150390625,23983.19921875,23858.25,23880.349609375,531600,-0.00027385257567613674,-0.0002738900801400246,0.1293097523223444,23862.78251953125,23684.4690234375,-0.0036901957854100775,0.37045630317092026,-0.09196861653127564
2026-05-29,23547.75,23547.75,24002.80078125,23484.75,23902.150390625,1198000,-0.015033175629577955,-0.015147319219471595,0.1362138334874456,23831.2875,23682.641015625,-0.026053002688352533,1.253574115876599,-0.10561921179612965
2026-06-01,23382.599609375,23382.599609375,23733.69921875,23357.94921875,23654.5,421700,-0.007013425513053284,-0.007038135182494777,0.13595946112346627,23800.53994140625,23687.271015625,-0.025625580605312392,-0.6479966611018364,-0.11189188483450341
2026-06-02,23483.55078125,23483.55078125,23556.94921875,23229.150390625,23229.150390625,511900,0.00431736306319519,0.004308069989399964,0.1355181909476068,23768.75244140625,23688.766015625,-0.02635855847422508,0.21389613469290958,-0.10805759966196393
2026-06-03,23405.599609375,23405.599609375,23459.650390625,23151.5,23415.94921875,450100,-0.0033193946094914883,-0.003324916021661275,0.13546234010773156,23737.3923828125,23685.255,-0.026097714435528108,-0.12072670443445987,-0.11101830845762284
2026-06-04,23416.55078125,23416.55078125,23465.30078125,23247.30078125,23282.44921875,412500,0.00046788683297016576,0.0004677774080569192,0.12580684150452617,23691.6724609375,23678.03,-0.03758170013339812,-0.0835369917796045,-0.11060236562939862
2026-06-05,23366.69921875,23366.69921875,23516.349609375,23282.650390625,23478.94921875,366200,-0.0021289028843615165,-0.0021311722194751305,0.12563978215806457,23643.67490234375,23685.3209765625,-0.039460885755358444,-0.11224242424242425,-0.11249580681855442
2026-06-08,23123.0,23123.0,23267.30078125,23070.150390625,23080.69921875,375700,-0.010429338627102713,-0.01048410529877786,0.1284204300459354,23591.0173828125,23685.4909765625,-0.0435615419993991,0.02594210813762965,-0.1217518885822173
2026-06-09,23242.099609375,23242.099609375,23279.400390625,23104.44921875,23259.05078125,402600,0.005150698844224255,0.005137479368527299,0.12154302856168468,23562.3298828125,23700.0799609375,-0.02409109939013665,0.07159968059622046,-0.11722829704979554
2026-06-10,23214.94921875,23214.94921875,23425.349609375,23184.599609375,23233.94921875,380000,-0.0011681556778996294,-0.0011688385035597795,0.10304315781730848,23554.0998046875,23706.1309375,-0.007040407407314597,-0.05613512170889223,-0.11825951182688588
2026-06-11,23161.599609375,23161.599609375,23327.44921875,23072.05078125,23104.400390625,363000,-0.0022980713363744965,-0.0023007159547660506,0.10304218758680951,23541.5498046875,23703.2339453125,-0.010720723208348604,-0.044736842105263186,-0.12028581436887742
2026-06-12,23622.900390625,23622.900390625,23645.349609375,23313.900390625,23412.55078125,351900,0.019916620139797336,0.019720878993895297,0.1183759172402191,23538.21484375,23719.2999609375,-0.0028155485888248233,-0.03057851239669418,-0.10276488110207116
2026-06-15,23853.900390625,23853.900390625,24011.400390625,23817.80078125,23984.849609375,398900,0.009778646829145199,0.009731145278463154,0.12317350151304862,23548.73486328125,23749.7499609375,0.008898868214308298,0.1335606706450696,-0.09399113575166218
2026-06-16,23989.150390625,23989.150390625,24002.599609375,23888.19921875,23923.900390625,327300,0.005669932287180934,0.005653918723145327,0.12454826682957879,23565.694921875,23775.9449609375,0.014342575061686569,-0.1794936074204061,-0.08885412683978855
2026-06-17,24085.69921875,24085.69921875,24108.19921875,23969.69921875,24044.5,352700,0.004024687267071059,0.004016609878660483,0.12482587804822387,23589.0798828125,23803.396953125,0.01980265978279272,0.07760464405743961,-0.08518704964563628
2026-06-18,24168.0,24168.0,24189.25,24036.94921875,24073.80078125,340000,0.0034169978003351087,0.0034111731281746415,0.1251017940854771,23614.5298828125,23827.391953125,0.021514011581216463,-0.03600793875815145,-0.08206113580655738
2026-06-19,24013.099609375,24013.099609375,24047.19921875,23901.900390625,23991.19921875,447900,-0.006409317718677587,-0.006429945583083175,0.12786274723475288,23632.44990234375,23845.1809375,0.015151340006932523,0.3173529411764706,-0.08794449763349521
2026-06-22,24102.900390625,24102.900390625,24168.05078125,24073.150390625,24106.599609375,252800,0.0037396580495980825,0.003732682912776634,0.12811830698817195,23651.6298828125,23847.291953125,0.016172467009577085,-0.43558830096003576,-0.08453372193239006
2026-06-23,23824.099609375,23824.099609375,24135.5,23784.94921875,24071.30078125,340100,-0.011567105067506356,-0.011634524429481118,0.12672659839620282,23641.24990234375,23848.271953125,-0.008638573888817058,0.34533227848101267,-0.0951230165565572
2026-06-24,24021.650390625,24021.650390625,24090.05078125,23789.25,23795.80078125,395600,0.008292056551520766,0.008257866325424086,0.12914794740167468,23646.6474609375,23847.69296875,0.0045141979451828185,0.16318729785357244,-0.08761972543767471
2026-06-25,24056.0,24056.0,24261.599609375,24039.0,24125.849609375,448800,0.0014299437722400388,0.0014289223762208004,0.12920210232085028,23654.08994140625,23851.9599609375,0.006226154390753802,0.134479271991911,-0.0863150729461497
2026-06-29,23946.25,23946.25,24120.0,23924.55078125,24061.75,588500,-0.004562271366810755,-0.004572710289054184,0.1173293955016459,23674.01494140625,23846.2589453125,0.016923060589652872,0.3112745098039216,-0.09048355152713405
2026-06-30,23865.75,23865.75,24035.55078125,23829.19921875,24032.05078125,449000,-0.0033616954637991636,-0.003367358657511833,0.1147560285841329,23698.1724609375,23839.6389453125,0.020662817594981453,-0.23704333050127446,-0.09354106884621594
2026-07-01,24005.849609375,24005.849609375,24049.900390625,23895.099609375,23897.650390625,352100,0.0058703208311072785,0.005853157634003401,0.11547156407960181,23724.28740234375,23832.684921875,0.022241050043506183,-0.21581291759465482,-0.08821986410012062
2026-07-02,24175.69921875,24175.69921875,24194.55078125,24058.80078125,24062.19921875,372900,0.007075342557701703,0.007050429763556748,0.11607005276277745,23762.7923828125,23828.9019140625,0.032902366195589394,0.059074126668560156,-0.08176870730132113
2026-07-03,24270.849609375,24270.849609375,24378.150390625,24252.349609375,24375.650390625,326600,0.003935786500487426,0.003928061555321314,0.11626473507830701,23805.50732421875,23822.7869140625,0.036482692780229975,-0.12416197371949589,-0.07815474497519259
2026-07-06,24430.349609375,24430.349609375,24458.650390625,24287.099609375,24306.849609375,329400,0.006571669412775316,0.0065501701327115155,0.11646344370563357,23858.68984375,23823.8319140625,0.04551992477275091,0.008573178199632547,-0.07209668270943392
2026-07-07,24398.69921875,24398.69921875,24530.900390625,24348.94921875,24464.44921875,412600,-0.0012955357222089736,-0.0012963756541323145,0.10737672220752126,23922.4748046875,23828.3448828125,0.0551701430934568,0.2525804493017607,-0.0732988146037401
2026-07-08,23882.05078125,23882.05078125,24300.0,23805.19921875,24259.55078125,420500,-0.02117524515827318,-0.021402656722269202,0.13666905290208026,23954.47236328125,23828.0269140625,0.027534137734134267,0.0191468734852156,-0.09292193939296822
2026-07-09,23962.80078125,23962.80078125,24134.69921875,23925.69921875,23928.94921875,384800,0.0033812004144717633,0.003375497008972435,0.13650650024012276,23991.86494140625,23825.4289453125,0.032214223492506466,-0.08489892984542213,-0.08985492667848549
2026-07-10,24206.900390625,24206.900390625,24228.44921875,24120.349609375,24124.69921875,313100,0.01018660596494203,0.010135072168571098,0.13892693789468194,24044.12998046875,23829.65296875,0.04513076811961203,-0.18633056133056136,-0.08058363744562591
2026-07-13,24211.0,24211.0,24259.80078125,24000.19921875,24039.400390625,322700,0.0001693570555851842,0.0001693427162979961,0.1226133259225635,24073.5349609375,23830.3199609375,0.024895317664227035,0.030661130629191957,-0.08042792779760688
2026-07-14,24052.05078125,24052.05078125,24157.099609375,24023.69921875,24068.0,355800,-0.006565165369047166,-0.0065868108566920726,0.12128120181379526,24083.44248046875,23831.4099609375,0.008306833992770324,0.10257204834211331,-0.08646507052037289
2026-07-15,24078.5,24078.5,24220.349609375,24010.55078125,24085.849609375,306900,0.0010996658451518648,0.001099061655563571,0.1197388313113765,24087.9099609375,23830.5939453125,0.0037245841524224943,-0.13743676222596968,-0.08546048736007084
2026-07-16,24072.75,24072.75,24186.5,24050.0,24142.099609375,264300,-0.00023880225097083763,-0.00023883076876853854,0.11888288949912693,24087.2625,23831.3929296875,-0.0005376310080265068,-0.13880742913000976,-0.08567888145429103
2026-07-17,24334.30078125,24334.30078125,24367.30078125,24099.05078125,24127.599609375,387800,0.010865014643113069,0.010806414450711182,0.12448562074788849,24095.5775390625,23831.4599609375,0.006881031994786513,0.46727203934922446,-0.07574476911278438
2026-07-20,24238.5,24238.5,24266.099609375,24135.849609375,24190.05078125,353100,-0.003936861885253551,-0.003944631725234211,0.12299589796101087,24106.84755859375,23829.696953125,0.009386559598370203,-0.08947911294481692,-0.07938343430351047
2026-07-21,24187.69921875,24187.69921875,24262.19921875,24135.650390625,24216.05078125,315600,-0.002095871495760848,-0.002098070908085292,0.12268367984179764,24111.0875,23829.9279296875,0.003518200164739582,-0.10620220900594735,-0.08131292832207904
2026-07-22,23996.25,23996.25,24166.30078125,23961.400390625,24150.44921875,304700,-0.0079151479856997,-0.007946639050547172,0.11860570846038884,24119.69501953125,23833.5359375,0.0072258928332074035,-0.034537389100126714,-0.088584472446959
2026-07-23,23869.599609375,23869.599609375,23990.75,23807.19921875,23904.80078125,344000,-0.0052779242850445884,-0.005291901730381726,0.11636980197926963,24112.09248046875,23843.3369140625,-0.006329739163523085,0.1289793239251722,-0.09339485459359786
2026-07-24,23767.44921875,23767.44921875,23823.599609375,23606.30078125,23666.349609375,333900,-0.004279518395644999,-0.00428870174406507,0.11699985392827884,24097.66494140625,23850.43390625,-0.01199496097647157,-0.0293604651162791,-0.09727468799095085
2026-07-27,23995.94921875,23995.94921875,24011.599609375,23891.55078125,23928.400390625,319400,0.009613989195766948,0.009568068885288541,0.12132424899893329,24100.14990234375,23856.5608984375,0.002075448922065126,-0.04342617550164718,-0.08859589659455058
2026-07-28,23985.349609375,23985.349609375,24041.150390625,23954.599609375,23971.25,437800,-0.0004417249460887396,-0.0004418225352921867,0.12065674260954647,24106.1298828125,23863.397890625,0.005011349292395995,0.37069505322479657,-0.08899848652299247
2026-07-29,24250.19921875,24250.19921875,24283.55078125,24136.75,24176.650390625,424200,0.011042140877174367,0.010981621540740824,0.12510675935239624,24118.34736328125,23875.402890625,0.010178752818628567,-0.031064412973960676,-0.07893907947186019
2026-07-30,24317.150390625,24317.150390625,24342.94921875,24187.099609375,24249.55078125,400600,0.0027608503860552247,0.002757046238807193,0.12303930541382059,24125.419921875,23889.3858984375,0.005850965078407988,-0.055634134842055594,-0.07639616807383975
2026-07-31,24383.599609375,24383.599609375,24429.400390625,24299.69921875,24361.44921875,411700,0.0027326071386892803,0.0027288803554812308,0.12264223432345725,24131.057421875,23903.877890625,0.004645490446961942,0.027708437343983983,-0.07387232164939761
2026-08-03,24774.30078125,24774.30078125,24774.30078125,24515.150390625,24572.69921875,342300,0.01602311299947612,0.015896097912767627,0.1330717995916854,24148.25498046875,23926.269921875,0.01407884771910961,-0.16856934661161038,-0.059032873207243375
2026-08-04,24614.900390625,24614.900390625,24703.900390625,24427.94921875,24703.900390625,296500,-0.006434102501316152,-0.006454890555102032,0.13533823502524395,24159.0650390625,23944.1819140625,0.008861176160934514,-0.1338007595676307,-0.06508715215139693
2026-08-05,24624.650390625,24624.650390625,24677.599609375,24497.94921875,24669.19921875,355500,0.00039610154196334513,0.00039602311445705957,0.10804086114590007,24196.19501953125,23956.0409375,0.03109446572142871,0.1989881956155144,-0.06471683173076281
2026-08-06,24636.0,24636.0,24677.05078125,24604.150390625,24641.0,344000,0.0004609043862535689,0.0004607982024527352,0.10787615234017657,24229.85498046875,23970.486953125,0.028093511476202426,-0.03234880450070321,-0.06428575561611838
2026-08-07,24570.650390625,24570.650390625,24630.400390625,24522.75,24538.900390625,254800,-0.0026526063230638552,-0.0026561307171494536,0.10358564367009618,24248.04248046875,23983.756953125,0.015026707018667818,-0.2593023255813953,-0.0667678371373519
2026-08-10,24583.80078125,24583.80078125,24620.94921875,24511.099609375,24581.25,269500,0.0005352072662276885,0.000535064093901079,0.10356678532298054,24266.68251953125,24004.47796875,0.015397991873528527,0.05769230769230771,-0.06626836450271056
2026-08-11,24471.69921875,24471.69921875,24576.849609375,24429.25,24575.099609375,271800,-0.00455997685213505,-0.004570405260858804,0.10190254531622488,24287.66494140625,24026.2599609375,0.017447511703540197,0.008534322820037188,-0.07052615914668448
2026-08-12,24435.94921875,24435.94921875,24473.30078125,24265.94921875,24472.44921875,317600,-0.0014608711753293369,-0.0014619392880015388,0.10222943776808567,24305.53740234375,24045.3079296875,0.014845161399173579,0.16850625459896973,-0.07188400068900958
2026-08-13,24395.849609375,24395.849609375,24431.599609375,24311.400390625,24431.599609375,295800,-0.0016410088683697088,-0.0016423567982678559,0.10252805320715534,24321.6923828125,24065.1129296875,0.01342179889605477,-0.06863979848866497,-0.07340704727475478
2026-08-14,24366.0,24366.0,24405.19921875,24296.80078125,24361.900390625,267700,-0.001223552770366676,-0.0012243019222044982,0.09539279689143661,24323.27734375,24084.1019140625,0.0013026558286985956,-0.09499661933739012,-0.07454078264906394
2026-08-17,24287.650390625,24287.650390625,24360.099609375,24226.94921875,24343.44921875,225400,-0.003215530221415075,-0.0032207111479826242,0.09502310450882363,24325.73486328125,24102.5209375,0.002027781860469924,-0.15801270078446017,-0.07751662473114307
2026-08-18,24154.900390625,24154.900390625,24269.650390625,24154.900390625,24223.849609375,227000,-0.00546574073098649,-0.005480732544386898,0.09680347087585811,24324.094921875,24123.1589453125,-0.0013560127330992655,0.00709849157054121,-0.08255867968900799
2026-08-19,24042.400390625,24042.400390625,24172.849609375,24028.19921875,24152.05078125,0,-0.0046574400300016805,-0.004668319697895776,0.09392111307482445,24326.40244140625,24139.1649609375,0.001923233447934658,-1.0,-0.08683160761940201
