Date,Adj Close,Close,High,Low,Open,Volume,Return,Log_Return,Volatility_20,SMA_20,SMA_50,Momentum_20,Volume_Change,Drawdown,Regime,Raw_State
2019-04-15,11690.349609375,11690.349609375,11704.599609375,11648.25,11667.0,290000,0.0040279653604204,0.0040198748262654,0.0996581182044349,11566.67255859375,11177.02205078125,0.0305996614175831,0.1788617886178862,-0.0041019202304383,0,1
2019-04-16,11787.150390625,11787.150390625,11810.9501953125,11731.5498046875,11736.2001953125,354300,0.0082804008848778,0.008246306446581,0.1004084917831886,11584.68759765625,11199.7290625,0.0315310688043357,0.2217241379310344,0.0,0,1
2019-04-18,11752.7998046875,11752.7998046875,11856.150390625,11738.5,11856.150390625,339700,-0.0029142400664389,-0.00291849473211,0.1014480537964117,11599.217578125,11218.1660546875,0.0253528645830005,-0.0412080158058142,-0.0029142400664389,0,1
2019-04-22,11594.4501953125,11594.4501953125,11727.0498046875,11583.9501953125,11727.0498046875,260400,-0.0134733520528311,-0.013564941266796,0.112402695323466,11602.320068359377,11232.18205078125,0.0053804761008768,-0.2334412717103327,-0.0163483275368884,0,1
2019-04-23,11575.9501953125,11575.9501953125,11645.9501953125,11564.7998046875,11612.9501953125,272500,-0.0015955909670886,-0.0015968652780555,0.1125141500851668,11605.065087890624,11245.4560546875,0.0047652246588381,0.0464669738863288,-0.0179178332602322,0,1
2019-04-24,11726.150390625,11726.150390625,11740.849609375,11578.849609375,11601.5,335200,0.0129751936366588,0.0128917369476169,0.1187745010084107,11618.527587890623,11261.2920703125,0.023501120793572,0.2300917431192659,-0.0051751269796741,0,1
2019-04-25,11641.7998046875,11641.7998046875,11796.75,11624.2998046875,11735.7001953125,604400,-0.0071933740509534,-0.0072193711121506,0.1169074373602873,11632.905078125,11272.8790625,0.0253253015115484,0.8031026252983293,-0.0123312744065016,0,1
2019-04-26,11754.650390625,11754.650390625,11762.900390625,11661.75,11683.75,333500,0.0096935686775907,0.009646887469961,0.1151599721589206,11646.47509765625,11286.5840625,0.0236344580693619,-0.4482131039046989,-0.0027572397842525,0,1
2019-04-30,11748.150390625,11748.150390625,11756.25,11655.900390625,11748.75,532600,-0.0005529726349993,-0.0005531255807526,0.1141376018531995,11661.630126953123,11302.675078125,0.0264831163786949,0.5970014992503747,-0.0033086877411031,0,1
2019-05-02,11724.75,11724.75,11789.2998046875,11699.5498046875,11725.5498046875,380300,-0.0019918361484096,-0.0019938224921164,0.1088686862281941,11669.367626953124,11319.39408203125,0.0133751080380293,-0.2859556890724747,-0.0052939335256663,0,1
2019-05-03,11712.25,11712.25,11770.900390625,11699.349609375,11722.599609375,305500,-0.0010661208128105,-0.00106668952385,0.1049275705546767,11671.522607421875,11337.01107421875,0.0036934659278731,-0.1966868261898501,-0.0063544103657634,0,1
2019-05-06,11598.25,11598.25,11632.5498046875,11571.349609375,11605.7998046875,299000,-0.0097333987918631,-0.0097810779570294,0.1097036937271203,11665.77509765625,11354.055078125,-0.0098137309527503,-0.0212765957446808,-0.0160259591474495,0,1
2019-05-07,11497.900390625,11497.900390625,11657.0498046875,11484.4501953125,11651.5,337500,-0.0086521336731834,-0.0086897806903779,0.1119327003945993,11658.472607421874,11369.525078125,-0.0125429774464592,0.1287625418060201,-0.0245394340798482,0,1
2019-05-08,11359.4501953125,11359.4501953125,11479.099609375,11346.9501953125,11478.7001953125,372800,-0.0120413458639272,-0.0121144301503351,0.1186898579366589,11646.5451171875,11383.895078125,-0.0205681845738489,0.1045925925925925,-0.036285292130715,0,1
2019-05-09,11301.7998046875,11301.7998046875,11357.599609375,11255.0498046875,11322.400390625,373000,-0.005075103956069,-0.0050880260352891,0.1166084848810971,11628.33759765625,11397.84408203125,-0.0312148075834679,0.0005364806866952,-0.0411762444571444,0,1
2019-05-10,11278.900390625,11278.900390625,11345.7998046875,11251.0498046875,11314.150390625,387300,-0.0020261741013145,-0.0020282295690185,0.1158100143483188,11612.0576171875,11408.7130859375,-0.028058047255375,0.0383378016085791,-0.0431189883183504,0,1
2019-05-13,11148.2001953125,11148.2001953125,11300.2001953125,11125.599609375,11258.7001953125,357600,-0.0115880263843041,-0.011655690801341,0.1179307260126717,11585.8701171875,11415.88009765625,-0.0448725355434038,-0.0766847405112316,-0.054207350728357,0,1
2019-05-14,11222.0498046875,11222.0498046875,11294.75,11108.2998046875,11151.650390625,398100,0.0066243526381999,0.0066025080321108,0.1202525410755928,11567.7576171875,11424.4880859375,-0.0312707721750621,0.113255033557047,-0.0479420866969643,0,1
2019-05-15,11157.0,11157.0,11286.7998046875,11136.9501953125,11271.7001953125,414200,-0.0057966063080854,-0.0058134718372332,0.1207156738340469,11545.772607421875,11430.02609375,-0.0379159750538546,0.0404420999748806,-0.0534607916028793,0,1
2019-05-16,11257.099609375,11257.099609375,11281.5498046875,11143.349609375,11180.349609375,350700,0.0089719108519314,0.0089319023833083,0.1251055006197491,11526.455078125,11438.46208984375,-0.0331817957269263,-0.1533075808788024,-0.0449685262072824,0,1
2019-05-17,11407.150390625,11407.150390625,11426.150390625,11259.849609375,11261.900390625,412100,0.0133294353303079,0.0132413800291101,0.1346063663149134,11512.2951171875,11450.47208984375,-0.0242250427243758,0.1750784145993726,-0.0322384959389536,0,1
2019-05-20,11828.25,11828.25,11845.2001953125,11591.7001953125,11651.900390625,452100,0.0369154078761932,0.0362503520301784,0.1871809245769502,11514.35009765625,11471.18708984375,0.0034868147103381,0.0970638194612958,0.0,2,0
2019-05-21,11709.099609375,11709.099609375,11883.5498046875,11682.7998046875,11863.650390625,381000,-0.0100733743897025,-0.0101244541453482,0.1904785925568268,11512.165087890626,11488.09908203125,-0.0037182795622087,-0.1572660915726609,-0.0100733743897025,2,0
2019-05-22,11737.900390625,11737.900390625,11784.7998046875,11682.400390625,11727.9501953125,355900,0.0024596922232125,0.0024566721316128,0.1839308308321885,11519.33759765625,11503.1080859375,0.0123723154523096,-0.0658792650918634,-0.007638459567138,2,0
2019-05-23,11657.0498046875,11657.0498046875,12041.150390625,11614.5,11901.2998046875,569000,-0.0068879938700173,-0.0069118255980392,0.1857371875454961,11523.392578125,11515.18908203125,0.0070058706202658,0.5987636976678843,-0.0144738397744805,2,0
2019-05-24,11844.099609375,11844.099609375,11859.0,11658.099609375,11748.0,374600,0.0160460672143893,0.0159186898748304,0.1887348648729273,11529.2900390625,11530.9070703125,0.0100586479638109,-0.3416520210896309,0.0,2,0
2019-05-27,11924.75,11924.75,11957.150390625,11812.400390625,11855.5,348400,0.0068093306612486,0.0067862518773673,0.1876816330249548,11543.437548828126,11548.6940625,0.0243046779758719,-0.0699412706887346,0.0,2,0
2019-05-28,11928.75,11928.75,11958.5498046875,11864.900390625,11958.349609375,598300,0.0003354368016101,0.0003353805552639,0.1850152965779556,11552.142529296874,11563.90806640625,0.0148111261151462,0.7172789896670493,0.0,2,0
2019-05-29,11861.099609375,11861.099609375,11931.900390625,11836.7998046875,11905.7998046875,318100,-0.0056712053337525,-0.0056873476786873,0.1863819960526289,11557.789990234374,11575.1060546875,0.0096142128755973,-0.4683269262911582,-0.0056712053337525,2,0
2019-05-30,11945.900390625,11945.900390625,11968.5498046875,11859.400390625,11865.2998046875,421200,0.0071494873192847,0.0071240509010948,0.1875841493499374,11568.847509765625,11587.19005859375,0.0188618427365188,0.3241119144922979,0.0,2,0
2019-05-31,11922.7998046875,11922.7998046875,12039.25,11829.4501953125,11999.7998046875,438900,-0.0019337668306382,-0.001935638971628,0.1877323894835859,11579.375,11598.7810546875,0.0179768878471258,0.042022792022792,-0.0019337668306382,2,0
2019-06-03,12088.5498046875,12088.5498046875,12103.0498046875,11920.099609375,11953.75,315300,0.0139019360146293,0.0138061904475292,0.1886168662592258,11603.889990234376,11612.01505859375,0.04227360202509,-0.2816131237183868,0.0,2,0
2019-06-04,12021.650390625,12021.650390625,12095.2001953125,12005.849609375,12052.650390625,289200,-0.0055341141115669,-0.0055494840533033,0.1865590064447892,11630.077490234376,11623.2040625,0.0455517948674393,-0.082778306374881,-0.0055341141115669,2,0
2019-06-06,11843.75,11843.75,12039.7998046875,11830.25,12039.7998046875,415200,-0.0147983334105052,-0.0149089211116321,0.1896464377230082,11654.29248046875,11629.4310546875,0.0426340884779219,0.4356846473029045,-0.0202505518563174,2,0
2019-06-07,11870.650390625,11870.650390625,11897.5,11769.5,11865.2001953125,302500,0.0022712730870713,0.0022686976453037,0.1877429550946081,11682.735009765624,11636.42306640625,0.050332743082351,-0.2714354527938343,-0.0180252733026757,2,0
2019-06-10,11922.7001953125,11922.7001953125,11975.0498046875,11871.75,11934.900390625,303300,0.0043847475053773,0.0043751625083482,0.1870895150729692,11714.925,11645.7390625,0.0570800151070245,0.0026446280991736,-0.013719562069446,2,0
2019-06-11,11965.599609375,11965.599609375,12000.349609375,11904.349609375,11959.849609375,332200,0.0035981290613484,0.0035916712809597,0.1791506786924314,11755.794970703126,11657.9660546875,0.0733211998118039,0.0952851961754039,-0.0101707977630884,2,0
2019-06-12,11906.2001953125,11906.2001953125,11962.4501953125,11866.349609375,11962.4501953125,283700,-0.0049641819885031,-0.0049765444699523,0.1812263973656211,11790.002490234376,11666.42505859375,0.060964832854264,-0.1459963877182419,-0.0150844900605274,2,0
2019-06-13,11914.0498046875,11914.0498046875,11931.349609375,11817.0498046875,11873.900390625,447900,0.0006592875347493,0.0006590703001973,0.1785068925810043,11827.85498046875,11675.80505859375,0.0678542443925338,0.5787804018329221,-0.0144351475420431,2,0
2019-06-14,11823.2998046875,11823.2998046875,11911.849609375,11797.7001953125,11910.099609375,390300,-0.0076170572968643,-0.0076462152373002,0.181227166151569,11856.164990234374,11680.8710546875,0.0502971648968055,-0.1286001339584729,-0.021942251492991,2,0
2019-06-17,11672.150390625,11672.150390625,11844.0498046875,11657.75,11844.0,295500,-0.0127840295483816,-0.0128664484379438,0.1842842997281916,11869.414990234374,11680.9310546875,0.0232310428919908,-0.2428900845503458,-0.0344457706499281,0,1
2019-06-18,11691.5,11691.5,11727.2001953125,11641.150390625,11677.0498046875,365500,0.0016577587443133,0.0016563861789982,0.1297235997851546,11862.577490234376,11680.49705078125,-0.0115613045040474,0.2368866328257191,-0.0328451146831143,0,1
2019-06-19,11691.4501953125,11691.4501953125,11802.5,11625.099609375,11744.4501953125,446900,-4.259905700743083e-06,-4.259914774167141e-06,0.1247270829682321,11861.69501953125,11681.44705078125,-0.0015073246151539,0.2227086183310533,-0.0328492346717237,0,1
2019-06-20,11831.75,11831.75,11843.5,11635.0498046875,11653.650390625,442000,0.0120002054786796,0.0119287739074267,0.1316189209372517,11866.3875,11686.12205078125,0.0079954341280623,-0.0109644215708212,-0.021243226758922,0,1
2019-06-21,11724.099609375,11724.099609375,11827.9501953125,11705.099609375,11827.599609375,468400,-0.0090984335051873,-0.0091400770377047,0.1334847387796505,11869.739990234377,11687.2850390625,0.0057518673944876,0.0597285067873303,-0.0301483801780076,0,1
2019-06-24,11699.650390625,11699.650390625,11754.0,11670.2001953125,11725.7998046875,277600,-0.0020853813567439,-0.0020875587921609,0.120154020624969,11862.517529296874,11689.188046875,-0.0121958801018241,-0.4073441502988898,-0.0321708906647925,0,1
2019-06-25,11796.4501953125,11796.4501953125,11814.400390625,11651.0,11681.0,300500,0.0082737348087824,0.0082396950931069,0.1214450554044006,11856.1025390625,11691.678046875,-0.0107591190328937,0.082492795389049,-0.0241633292739328,0,1
2019-06-26,11847.5498046875,11847.5498046875,11871.849609375,11757.5498046875,11768.150390625,327900,0.0043317785036134,0.0043224233576614,0.1226453065710955,11852.042529296876,11696.943046875,-0.0068071000995494,0.0911813643926788,-0.0199362209606439,0,1
2019-06-27,11841.5498046875,11841.5498046875,11911.150390625,11821.0498046875,11860.849609375,480200,-0.0005064338279993,-0.0005065621089227,0.1210181802654889,11851.0650390625,11701.8400390625,-0.001648228691381,0.4644708752668496,-0.0204325584119463,0,1
2019-06-28,11788.849609375,11788.849609375,11871.7001953125,11775.5,11861.150390625,303900,-0.0044504474652159,-0.004460380187531,0.1188351664667217,11843.2125,11704.74802734375,-0.0131468349906258,-0.3671386922115784,-0.0247920718493699,0,1
2019-07-01,11865.599609375,11865.599609375,11884.650390625,11830.7998046875,11839.900390625,278400,0.0065103892697864,0.0064892882200805,0.12137312157324,11840.352490234374,11708.25302734375,-0.0047975472413795,-0.08390918065153,-0.0184430886181276,0,1
2019-07-02,11910.2998046875,11910.2998046875,11917.4501953125,11814.7001953125,11890.2998046875,363200,0.0037672091410518,0.0037601309797355,0.11072420198895,11831.439990234376,11710.716015625,-0.014745358449107,0.3045977011494252,-0.014745358449107,0,1
2019-07-03,11916.75,11916.75,11945.2001953125,11887.0498046875,11932.150390625,340500,0.0005415644793391,0.0005414178862205,0.1093191589010163,11826.194970703124,11713.99501953125,-0.0087259558560117,-0.0625,-0.0142117795321389,0,1
2019-07-04,11946.75,11946.75,11969.25,11923.650390625,11928.7998046875,333600,0.0025174649128327,0.0025143014062712,0.0953292192034709,11831.344970703123,11721.041015625,0.0086965699208443,-0.0202643171806167,-0.0117300922756272,0,1
2019-07-05,11811.150390625,11811.150390625,11981.75,11797.900390625,11964.75,530700,-0.0113503345575156,-0.0114152412136924,0.1038299760546979,11828.369970703125,11725.74501953125,-0.0050123622583468,0.5908273381294964,-0.0229472863614239,0,1
2019-07-08,11558.599609375,11558.599609375,11771.900390625,11523.2998046875,11770.400390625,464000,-0.021382403313606,-0.0216143187984928,0.126893269519953,11810.16494140625,11722.39400390625,-0.0305384334062722,-0.1256830601092896,-0.0438390215430972,0,1
2019-07-09,11555.900390625,11555.900390625,11582.5498046875,11461.0,11531.599609375,442500,-0.0002335247210926,-0.000233551992236,0.1255566616713685,11789.67998046875,11720.676015625,-0.0342397566461276,-0.0463362068965517,-0.044062308768911,0,1
2019-07-10,11498.900390625,11498.900390625,11593.7001953125,11475.650390625,11536.150390625,337600,-0.004932545113165,-0.0049447502653284,0.1255458484099647,11769.314990234376,11715.561015625,-0.0342090505791977,-0.2370621468926553,-0.0487775145562833,0,1
2019-07-11,11582.900390625,11582.900390625,11599.0,11519.5,11561.4501953125,317300,0.0073050463215147,0.0072784937042869,0.1293644874460333,11752.75751953125,11712.256015625,-0.0277948656830535,-0.0601303317535545,-0.0418287902380505,0,1
2019-07-12,11552.5,11552.5,11639.5498046875,11538.599609375,11601.150390625,359400,-0.002624592252352,-0.002628042532973,0.1273666455980728,11739.217529296877,11708.811015625,-0.0229039108506863,0.1326820044122281,-0.0443435989716185,0,1
2019-07-15,11588.349609375,11588.349609375,11618.400390625,11532.2998046875,11614.75,368800,0.0031031905972733,0.0030983856392325,0.1203142828969945,11735.027490234375,11706.3330078125,-0.0071795494785013,0.0261547022815804,-0.0413780150137231,2,2
2019-07-16,11662.599609375,11662.599609375,11670.0498046875,11573.9501953125,11596.650390625,480200,0.0064072971995883,0.0063868577322556,0.1225174915084021,11733.582470703124,11707.62,-0.0024719146922977,0.3020607375271149,-0.0352358390538567,2,2
2019-07-17,11687.5,11687.5,11706.650390625,11651.150390625,11670.75,464800,0.0021350634900458,0.0021327874810327,0.1227796935550322,11733.3849609375,11711.4119921875,-0.0003378704306574,-0.032069970845481,-0.0331760063173158,2,2
2019-07-18,11596.900390625,11596.900390625,11677.150390625,11582.400390625,11675.599609375,498300,-0.0077518382352941,-0.0077820399135673,0.1171507590768249,11721.64248046875,11716.16099609375,-0.0198491017284002,0.0720740103270223,-0.040670669518345,2,2
2019-07-19,11419.25,11419.25,11640.349609375,11399.2998046875,11627.9501953125,446000,-0.0153187821435988,-0.015437326885714,0.1248330577585459,11706.4,11718.51,-0.0260019634370243,-0.1049568533012241,-0.055366426535958,2,2
2019-07-22,11346.2001953125,11346.2001953125,11398.150390625,11301.25,11392.849609375,516000,-0.0063970755248812,-0.0064176244949366,0.1261269524159496,11688.727490234374,11719.85599609375,-0.0302103211217081,0.1569506726457399,-0.0614093188487459,2,2
2019-07-23,11331.0498046875,11331.0498046875,11398.150390625,11302.7998046875,11372.25,458900,-0.0013352832106081,-0.001336175495625,0.1207509949150767,11665.457470703124,11723.51298828125,-0.0394525796251769,-0.1106589147286821,-0.0626626032269205,2,2
2019-07-24,11271.2998046875,11271.2998046875,11359.75,11229.7998046875,11322.4501953125,413200,-0.0052731212932523,-0.0052870732659151,0.1188675398463155,11636.644970703124,11724.49798828125,-0.0486387488974306,-0.0995859664414905,-0.0676052970128062,2,2
2019-07-25,11252.150390625,11252.150390625,11361.400390625,11239.349609375,11290.400390625,553700,-0.0016989534831232,-0.0017003983413219,0.1186783096974901,11607.175,11726.40099609375,-0.0497738407373995,0.3400290416263312,-0.069189392241092,2,2
2019-07-26,11284.2998046875,11284.2998046875,11307.599609375,11210.0498046875,11247.4501953125,522700,0.0028571795564771,0.0028531055771835,0.1199516607349425,11581.947509765623,11726.945,-0.0427989007753785,-0.0559869965685388,-0.0665298992016512,2,2
2019-07-29,11189.2001953125,11189.2001953125,11310.9501953125,11152.400390625,11307.5,482900,-0.0084276039294431,-0.0084633169752627,0.1173206600779109,11548.1275390625,11722.58599609375,-0.057005076551553,-0.0761431031184235,-0.0743968154911571,2,2
2019-07-30,11085.400390625,11085.400390625,11267.4501953125,11072.650390625,11213.7001953125,479100,-0.0092767850137299,-0.0093200823653439,0.1166061105686635,11506.882568359377,11707.72900390625,-0.069259332476068,-0.0078691240422448,-0.0829834372418696,2,2
2019-07-31,11118.0,11118.0,11145.2998046875,10999.400390625,11034.0498046875,536700,0.0029407696814063,0.0029364540769757,0.1180324342428671,11466.945068359377,11695.90701171875,-0.0670275033041727,0.1202254226675014,-0.0802867027367629,2,2
2019-08-01,10980.0,10980.0,11076.75,10881.0,11060.2001953125,499900,-0.0124123043712898,-0.0124899804498931,0.1199453183342379,11418.607568359375,11680.74900390625,-0.0809215895536442,-0.0685671697410098,-0.0917024641167169,2,2
2019-08-02,10997.349609375,10997.349609375,11080.150390625,10848.9501953125,10930.2998046875,547400,0.0015801101434427,0.0015788630828991,0.1184650708596868,11377.917529296876,11667.555,-0.068901059959066,0.0950190038007601,-0.0902672539670037,2,2
2019-08-05,10862.599609375,10862.599609375,10895.7998046875,10782.599609375,10895.7998046875,506600,-0.0122529522827143,-0.0123286385918026,0.1033231961603597,11343.117529296876,11647.925,-0.0602149069542546,-0.0745341614906832,-0.1014141658941688,2,2
2019-08-06,10948.25,10948.25,11018.5498046875,10813.7998046875,10815.400390625,517900,0.0078848888576432,0.007853965566277,0.1100721763800895,11312.735009765624,11628.395,-0.052583560785793,0.0223055665219107,-0.0943289164631917,2,2
2019-08-07,10855.5,10855.5,10975.650390625,10835.900390625,10958.099609375,548500,-0.0084716735551343,-0.0085077621466028,0.1117493754883922,11280.564990234376,11606.93,-0.0559532101999562,0.0590847653987256,-0.1020014662312404,2,2
2019-08-08,11032.4501953125,11032.4501953125,11058.0498046875,10842.9501953125,10899.2001953125,482500,0.0163005108297638,0.0161690837982416,0.1260132641029696,11253.04248046875,11590.35701171875,-0.0475226563942503,-0.1203281677301731,-0.0873636314064307,2,2
2019-08-09,11109.650390625,11109.650390625,11181.4501953125,11062.7998046875,11087.900390625,538100,0.0069975566574775,0.0069731873754653,0.1303516420919336,11230.9,11573.63201171875,-0.0383336601925989,0.1152331606217615,-0.0809774067095225,2,2
2019-08-13,10925.849609375,10925.849609375,11145.900390625,10901.599609375,11139.400390625,624600,-0.0165442452991232,-0.0166826297594268,0.1388182583416585,11197.775,11553.6930078125,-0.0571694867976744,0.1607507898160194,-0.0961819419283566,0,2
2019-08-14,11029.400390625,11029.400390625,11078.150390625,10935.599609375,11003.25,511500,0.0094775953314556,0.0094329646972824,0.1419201457453769,11166.1150390625,11532.51001953125,-0.0542931456071767,-0.1810758885686839,-0.0876159201206914,0,2
2019-08-16,11047.7998046875,11047.7998046875,11068.650390625,10924.2998046875,11043.650390625,470900,0.0016682152620135,0.0016668253365152,0.1417152164422001,11134.130029296875,11513.0330078125,-0.0547337065508021,-0.0793743890518083,-0.0860938670738185,0,2
2019-08-19,11053.900390625,11053.900390625,11146.900390625,11037.849609375,11094.7998046875,369500,0.0005521991749806,0.0005520467691192,0.1409260737335529,11106.980029296876,11497.236015625,-0.0468228562555357,-0.2153323423232108,-0.0855892088612069,0,2
2019-08-20,11017.0,11017.0,11076.2998046875,10985.2998046875,11063.900390625,444700,-0.0033382235519596,-0.0033438078514244,0.1323627217200727,11086.867529296876,11480.1630078125,-0.0352256058847998,0.2035182679296345,-0.0886417165003524,0,2
2019-08-21,10918.7001953125,10918.7001953125,11034.2001953125,10906.650390625,11018.150390625,557900,-0.0089225564752201,-0.0089626008590573,0.1338420666795632,11065.492529296876,11460.0830078125,-0.037677812187433,0.2545536316617944,-0.0967733622540376,0,2
2019-08-22,10741.349609375,10741.349609375,10908.25,10718.2998046875,10905.2998046875,668200,-0.0162428295277892,-0.0163761903599742,0.1432857464147962,11036.00751953125,11435.5980078125,-0.0520428561763579,0.1977056820218676,-0.1114443185559036,0,2
2019-08-23,10829.349609375,10829.349609375,10862.5498046875,10637.150390625,10699.599609375,667100,0.0081926390258439,0.0081592615346459,0.1479063636393623,11013.910009765625,11414.06099609375,-0.0392102244613085,-0.0016462137084705,-0.1041647026034693,0,2
2019-08-26,11057.849609375,11057.849609375,11070.2998046875,10756.5498046875,11000.2998046875,684100,0.0211000667853762,0.0208805429846769,0.1687615665724518,11004.194970703124,11396.9369921875,-0.0172678798722675,0.0254834357667517,-0.0852625179997051,0,2
2019-08-27,11105.349609375,11105.349609375,11141.75,11049.5,11106.5498046875,685600,0.0042955910667956,0.0042863913515562,0.1692570172699795,10995.2474609375,11382.57798828125,-0.0158583340047526,0.0021926618915362,-0.0813331798435615,0,2
2019-08-28,11046.099609375,11046.099609375,11129.650390625,10987.650390625,11101.2998046875,550000,-0.0053352665232603,-0.0053495498840406,0.1677410991489184,10988.092431640624,11370.05697265625,-0.0127891702212503,-0.1977829638273045,-0.0862345121751722,0,2
2019-08-29,10948.2998046875,10948.2998046875,11021.099609375,10922.400390625,10996.0498046875,649900,-0.0088537862364102,-0.0088932138970112,0.1674548480016534,10981.23740234375,11355.19296875,-0.0123676710904774,0.1816363636363636,-0.0943247964745822,0,2
2019-08-30,11023.25,11023.25,11042.599609375,10874.7998046875,10987.7998046875,628200,0.0068458296401794,0.006822503346491,0.169110149782662,10976.49990234375,11341.82896484375,-0.0085222162259399,-0.0333897522695799,-0.0881246983219125,0,2
2019-09-03,10797.900390625,10797.900390625,10967.5,10772.7001953125,10960.9501953125,483000,-0.0204431188057061,-0.0206549716202419,0.1790271806830521,10967.394921875,11321.15197265625,-0.0165846638775045,-0.2311365807067812,-0.1067662734501067,0,2
2019-09-04,10844.650390625,10844.650390625,10858.75,10746.349609375,10790.400390625,508800,0.0043295454031591,0.0043201998863098,0.1797805218399826,10959.7599609375,11303.56298828125,-0.0138850926972283,0.0534161490683229,-0.102898977475376,0,2
2019-09-05,10847.900390625,10847.900390625,10920.099609375,10816.0,10860.9501953125,595700,0.0002996869316147,0.000299642034456,0.1744555102115233,10959.025,11286.52798828125,-0.0013531953011794,0.1707940251572326,-0.1026301280225872,0,2
2019-09-06,10946.2001953125,10946.2001953125,10957.0498046875,10867.4501953125,10883.7998046875,497200,0.0090616433731685,0.0090208330367241,0.1752058161659503,10958.922509765624,11269.52298828125,-0.000187226697189,-0.1653516870908175,-0.094498482268902,0,2
2019-09-09,11003.0498046875,11003.0498046875,11028.849609375,10889.7998046875,10936.7001953125,412500,0.0051935473827113,0.0051801074294417,0.1731245578999656,10966.3,11252.63298828125,0.0135921702996177,-0.1703539823008849,-0.0897957172314484,0,2
2019-09-11,11035.7001953125,11035.7001953125,11054.7998046875,11011.650390625,11028.5,687100,0.0029673946046386,0.00296300057966,0.1635293814967411,10966.4625,11236.51599609375,0.0002945855129607,0.6656969696969697,-0.087094781953642,0,2
2019-09-12,10982.7998046875,10982.7998046875,11081.75,10964.9501953125,11058.2998046875,551400,-0.0047935690249604,-0.0048050950254965,0.1622213548947126,10960.119970703125,11220.395,-0.0114180538070346,-0.1974967253674865,-0.0914708561295938,0,2
2019-09-13,11075.900390625,11075.900390625,11084.4501953125,10945.75,10986.7998046875,624300,0.0084769446400874,0.0084412171097482,0.1534067283959506,10967.622509765624,11204.601015625,0.0137335572623338,0.132208922742111,-0.0837693048730983,2,2
2019-09-16,11003.5,11003.5,11052.7001953125,10968.2001953125,10994.849609375,434500,-0.0065367498868337,-0.0065582079983637,0.1518012642637474,10966.327490234376,11186.46501953125,-0.0023483045050223,-0.3040205029633189,-0.0897584757657826,2,2
2019-09-17,10817.599609375,10817.599609375,11000.099609375,10796.5,11000.099609375,482000,-0.016894659937747,-0.0170390027633122,0.162994054782946,10954.81748046875,11164.48201171875,-0.0208367457215171,0.1093210586881472,-0.1051366967789363,2,2
2019-09-18,10840.650390625,10840.650390625,10885.150390625,10804.849609375,10872.7998046875,519200,0.0021308591630644,0.0021285921026311,0.1632957304962738,10944.15498046875,11142.36001953125,-0.0192918329697326,0.0771784232365144,-0.1032298691095775,2,2
2019-09-19,10704.7998046875,10704.7998046875,10845.2001953125,10670.25,10845.2001953125,642600,-0.0125315899915916,-0.0126107725834496,0.1683154163114669,10928.544970703126,11120.2330078125,-0.0283380407835617,0.2376733436055469,-0.1144678247066023,2,2
2019-09-20,11274.2001953125,11274.2001953125,11381.900390625,10691.0,10746.7998046875,1356800,0.0531911293077771,0.0518247259951442,0.2505078014351041,10946.319970703124,11114.54501953125,0.0325588205226681,1.1114223467164646,-0.067365368264374,2,2
2019-09-23,11600.2001953125,11600.2001953125,11694.849609375,11471.349609375,11542.7001953125,882800,0.028915576657539,0.0285054094215263,0.2583239266914047,10989.2625,11115.431015625,0.0799574184968245,-0.3493514150943396,-0.0403977000769468,2,2
2019-09-24,11588.2001953125,11588.2001953125,11655.0498046875,11539.2001953125,11590.7001953125,651700,-0.0010344649056013,-0.001035000333708,0.2583494609253605,11027.205029296874,11117.21701171875,0.0700735144131425,-0.2617806977797916,-0.0413903749795515,2,2
2019-09-25,11440.2001953125,11440.2001953125,11564.9501953125,11416.099609375,11564.849609375,629100,-0.0127716122871148,-0.0128538704574952,0.2557903838172661,11046.32255859375,11114.3630078125,0.0345773002386773,-0.0346785330673622,-0.0536333654450092,2,2
2019-09-26,11571.2001953125,11571.2001953125,11610.849609375,11466.349609375,11469.849609375,844500,0.011450848565891,0.011385783826013,0.2579746409184092,11069.615087890625,11114.73701171875,0.041948304404954,0.3423938960419648,-0.0427966644249081,2,2
2019-09-27,11512.400390625,11512.400390625,11593.599609375,11499.75,11556.349609375,650000,-0.0050815648934429,-0.0050945199509384,0.2578791299137294,11092.930126953124,11113.21802734375,0.0422140662985008,-0.2303137951450562,-0.047660755290853,2,2
2019-09-30,11474.4501953125,11474.4501953125,11508.25,11390.7998046875,11491.150390625,756800,-0.0032964624252822,-0.0033019077276591,0.2554797796376177,11119.237646484376,11109.4550390625,0.0480577258580121,0.1643076923076922,-0.0508001058271584,2,2
2019-10-01,11359.900390625,11359.900390625,11554.2001953125,11247.900390625,11515.400390625,1305400,-0.0099830321050411,-0.0100331967125401,0.2585510527706631,11136.070166015625,11102.903046875,0.0305400304470098,0.724894291754757,-0.0602759988447875,2,2
2019-10-03,11314.0,11314.0,11370.400390625,11257.349609375,11322.25,1017500,-0.0040405627731454,-0.0040487479027005,0.2460938269998029,11161.875146484375,11097.2450390625,0.0477962928629245,-0.2205454266891374,-0.0640730126608866,2,2
2019-10-04,11174.75,11174.75,11400.2998046875,11158.349609375,11388.4501953125,928500,-0.0123077602969772,-0.0123841280362274,0.2513923571359305,11178.380126953123,11092.3550390625,0.0304389350956268,-0.0874692874692875,-0.0755921776765283,2,2
2019-10-07,11126.400390625,11126.400390625,11233.849609375,11112.650390625,11196.2001953125,733200,-0.0043266837625002,-0.0043360709453904,0.2522229215453513,11192.305126953124,11087.95904296875,0.0256731708414916,-0.2103392568659128,-0.0795917979913035,2,2
2019-10-09,11313.2998046875,11313.2998046875,11321.599609375,11090.150390625,11152.9501953125,741100,0.0167978328570648,0.0166583095543536,0.2567531141164551,11210.660107421874,11087.60404296875,0.0335367161960187,0.0107746863066011,-0.0641309348536899,2,2
2019-10-10,11234.5498046875,11234.5498046875,11293.349609375,11208.5498046875,11280.5,562000,-0.006960833829169,-0.0069851734480923,0.2581617806641805,11222.235107421877,11086.86904296875,0.0210396212058747,-0.2416677911213062,-0.0706453639020331,2,2
2019-10-11,11305.0498046875,11305.0498046875,11362.900390625,11189.400390625,11257.7001953125,737800,0.0062752848334504,0.006255677219734,0.2587508015029306,11235.702587890624,11087.92703125,0.0244071155076692,0.3128113879003558,-0.0648133988492306,2,2
2019-10-14,11341.150390625,11341.150390625,11420.4501953125,11290.0498046875,11335.900390625,587600,0.0031933150725733,0.0031882272704231,0.2578420875931707,11253.6201171875,11089.06404296875,0.0326283454410736,-0.2035782054757386,-0.0618270533801073,2,2
2019-10-15,11428.2998046875,11428.2998046875,11462.349609375,11342.099609375,11360.849609375,527400,0.007684353972992,0.0076549797105181,0.2575805945855434,11271.240087890625,11093.84603515625,0.0318167735022953,-0.1024506466984342,-0.0546178003703951,2,2
2019-10-16,11464.0,11464.0,11481.0498046875,11411.099609375,11464.9501953125,533500,0.0031238413344614,0.0031189722795879,0.2558167846548521,11294.265087890624,11101.41802734375,0.041850320352615,0.0115661736822145,-0.051664576378328,2,2
2019-10-17,11586.349609375,11586.349609375,11599.099609375,11439.650390625,11466.2998046875,797600,0.0106725060515526,0.0106159568508184,0.2471342531185074,11332.702587890624,11110.78501953125,0.0710647489054565,0.4950328022492971,-0.0415434608308239,2,2
2019-10-18,11661.849609375,11661.849609375,11684.7001953125,11553.150390625,11580.2998046875,853400,0.0065162887833896,0.0064951495568105,0.2473146423363594,11373.762548828125,11124.42201171875,0.0757518404486297,0.0699598796389167,-0.0352978812352695,2,2
2019-10-22,11588.349609375,11588.349609375,11714.349609375,11573.650390625,11657.150390625,867600,-0.0063026022853966,-0.0063225475319826,0.2427967064117261,11417.9400390625,11136.24201171875,0.0825377233398241,0.0166393250527303,-0.0413780150137231,2,2
2019-10-23,11604.099609375,11604.099609375,11651.599609375,11554.400390625,11596.2001953125,664200,0.0013591236483976,0.0013582008758651,0.1642314172976167,11434.435009765624,11151.07201171875,0.0292614472288388,-0.2344398340248963,-0.0400751292040545,2,2
2019-10-24,11582.599609375,11582.599609375,11679.599609375,11534.650390625,11661.650390625,700500,-0.001852793471596,-0.0018545120164874,0.1295785112099138,11433.55498046875,11163.75900390625,-0.0015172657058636,0.0546522131887985,-0.0418536717378879,2,2
2019-10-25,11583.900390625,11583.900390625,11646.900390625,11490.75,11646.150390625,812000,0.0001123047756004,0.0001122984698912,0.1295298715691474,11433.339990234375,11178.32701171875,-0.000371050259318,0.1591720199857245,-0.0417460673295001,2,2
2019-10-29,11786.849609375,11786.849609375,11809.400390625,11627.349609375,11643.9501953125,951700,0.017519938181983,0.0173682334074765,0.1341517462971981,11450.6724609375,11193.415,0.030300991953317,0.1720443349753695,-0.0249575176664708,2,2
2019-10-30,11844.099609375,11844.099609375,11883.9501953125,11784.4501953125,11883.900390625,725200,0.0048571078699828,0.0048453501784329,0.129689134852035,11464.317431640626,11208.103984375,0.0235843654466414,-0.237995166544079,-0.0202216311519609,1,0
2019-10-31,11877.4501953125,11877.4501953125,11945.0,11855.099609375,11890.4501953125,1414800,0.0028157974888274,0.0028118405572833,0.1276479764098961,11482.569921875,11227.13599609375,0.0317092693357654,0.9509100937672366,-0.0174627736813511,0,1
2019-11-01,11890.599609375,11890.599609375,11918.2998046875,11843.349609375,11886.599609375,855300,0.0011070906504571,0.0011064782775295,0.1263733785174213,11503.377392578124,11244.35998046875,0.0362674818382586,-0.3954622561492791,-0.0163750159043677,1,0
2019-11-04,11941.2998046875,11941.2998046875,11989.150390625,11905.349609375,11928.900390625,823100,0.0042638888683566,0.0042548242520918,0.1185947208396723,11532.44736328125,11262.22998046875,0.0511799746538546,-0.0376476090260726,-0.0121809482840449,0,1
2019-11-05,11917.2001953125,11917.2001953125,11978.9501953125,11861.900390625,11974.599609375,632000,-0.0020181730439042,-0.0020202122992972,0.1173217973434425,11562.607373046874,11279.4959765625,0.0533144949012285,-0.2321710606244684,-0.0141745380664731,1,0
2019-11-06,11966.0498046875,11966.0498046875,12002.900390625,11850.25,11911.5,603400,0.0040990843968715,0.0040907060383537,0.1031370699521967,11602.17236328125,11298.47697265625,0.0708114100706951,-0.045253164556962,-0.0101335562974227,0,1
2019-11-07,12012.0498046875,12012.0498046875,12021.400390625,11946.849609375,12021.099609375,563000,0.0038442093047263,0.0038368392142123,0.098980883358724,11646.454833984377,11320.34396484375,0.0795989163583166,-0.0669539277427908,-0.0063283025041048,1,0
2019-11-08,11908.150390625,11908.150390625,12034.150390625,11888.75,11987.150390625,789300,-0.0086495990069866,-0.0086872239057793,0.0962615212358926,11676.19736328125,11343.67998046875,0.0525797597700923,0.4019538188277087,-0.0149231642320361,0,1
2019-11-11,11913.4501953125,11913.4501953125,11932.650390625,11853.9501953125,11879.2001953125,549000,0.0004450569159482,0.0004449579074941,0.089889688177965,11710.1423828125,11365.3619921875,0.0604296925491163,-0.3044469783352337,-0.0144847489735371,1,0
2019-11-13,11840.4501953125,11840.4501953125,11946.7998046875,11823.2001953125,11908.2998046875,659000,-0.0061275280295143,-0.0061463783728446,0.0944738629899134,11736.91240234375,11381.01400390625,0.047359401318427,0.2003642987249545,-0.0205235212977156,0,1
2019-11-14,11872.099609375,11872.099609375,11895.650390625,11802.650390625,11858.75,559500,0.0026729907681237,0.0026694246816312,0.09442809804603,11763.45986328125,11396.34900390625,0.0468161694768549,-0.1509863429438543,-0.0179053897125499,1,0
2019-11-15,11895.4501953125,11895.4501953125,11973.650390625,11879.25,11904.2001953125,580200,0.0019668455206576,0.0019649138125061,0.0922739978638953,11786.8173828125,11413.336015625,0.0408766306982417,0.0369973190348524,-0.0159737613274442,0,2
2019-11-18,11884.5,11884.5,11946.2001953125,11867.599609375,11915.150390625,514400,-0.0009205364347466,-0.0009209603886071,0.0927392089451258,11807.8423828125,11432.06001953125,0.0366800418702024,-0.113409169251982,-0.016879593332889,2,1
2019-11-19,11940.099609375,11940.099609375,11958.849609375,11881.75,11919.4501953125,613900,0.0046783297046573,0.0046674203321069,0.0874957311049986,11825.5298828125,11450.39701171875,0.0305316179751529,0.1934292379471229,-0.0122802319311234,1,0
2019-11-20,11999.099609375,11999.099609375,12038.599609375,11966.0498046875,12004.75,646700,0.0049413323113045,0.0049291639974579,0.0864815575243468,11842.3923828125,11474.42099609375,0.0289190832755108,0.05342889721453,-0.0073995803266504,1,0
2019-11-21,11968.400390625,11968.400390625,12028.2001953125,11956.900390625,12025.650390625,557700,-0.0025584601969645,-0.002561738649308,0.0829718491379665,11861.394921875,11496.89599609375,0.0327959367865928,-0.1376217720736045,-0.0099391089918751,1,0
2019-11-22,11914.400390625,11914.400390625,11968.099609375,11883.5,11967.2998046875,486800,-0.0045118811401312,-0.0045220903960493,0.0857894377076921,11876.9099609375,11518.22599609375,0.0267406168247044,-0.1271292809754348,-0.0144061460535962,1,0
2019-11-25,12073.75,12073.75,12084.5,11919.75,11922.4501953125,534300,0.0133745387220984,0.0132858891358918,0.094728122844552,11901.46748046875,11540.7769921875,0.0424041585817627,0.0975760065735416,-0.0012242828897276,1,0
2019-11-26,12037.7001953125,12037.7001953125,12132.4501953125,12006.349609375,12110.2001953125,1201300,-0.0029858001604721,-0.0029902665544935,0.0962099562086342,11924.157470703123,11561.47,0.0391750437576936,1.2483623432528543,-0.0042064275861511,1,0
2019-11-27,12100.7001953125,12100.7001953125,12114.900390625,12055.150390625,12068.5,584200,0.005233557820665,0.0052199103527662,0.0783461959799625,11939.85,11582.77,0.0266271816760832,-0.5136934987097311,0.0,1,0
2019-11-28,12151.150390625,12151.150390625,12158.7998046875,12099.9501953125,12132.099609375,620500,0.0041691963686567,0.0041605293507918,0.0779736161355951,11955.2025390625,11606.13701171875,0.0259243666784902,0.0621362547072921,0.0,1,0
2019-11-29,12056.0498046875,12056.0498046875,12147.400390625,12017.400390625,12146.2001953125,804400,-0.0078264676907359,-0.0078572552326699,0.0841458517076634,11964.13251953125,11625.74,0.0150368645153726,0.2963738920225625,-0.0078264676907359,1,0
2019-12-02,12048.2001953125,12048.2001953125,12137.150390625,12023.7001953125,12137.0498046875,720900,-0.0006510929783939,-0.0006513050314763,0.084277275453127,11972.012548828125,11646.63400390625,0.0132542168700426,-0.1038040775733466,-0.0084724649109708,1,0
2019-12-03,11994.2001953125,11994.2001953125,12068.599609375,11956.400390625,12067.650390625,605800,-0.0044819972381442,-0.0044920715009142,0.0850423398006534,11974.657568359376,11670.166015625,0.0044300362180198,-0.1596615341933693,-0.0129164885847838,1,0
2019-12-04,12043.2001953125,12043.2001953125,12054.7001953125,11935.2998046875,11969.9501953125,747200,0.0040853078322928,0.0040769856204158,0.0856628725008751,11980.957568359376,11694.21701171875,0.0105729532050289,0.2334103664575768,-0.008883948584472,1,0
2019-12-05,12018.400390625,12018.400390625,12081.2001953125,11998.75,12071.25,562200,-0.002059237103536,-0.0020613602474655,0.0850485769266002,11983.57509765625,11720.4890234375,0.0043749262949743,-0.2475910064239829,-0.010924891531457,1,0
2019-12-06,11921.5,11921.5,12057.0498046875,11888.849609375,12047.349609375,609200,-0.0080626695296811,-0.0080953486219982,0.0887799139424692,11979.047607421877,11733.43501953125,-0.0075382475230967,0.0836001422981145,-0.0188994772710724,1,0
2019-12-09,11937.5,11937.5,11981.9501953125,11888.0498046875,11939.099609375,599100,0.0013421129891373,0.0013412131605239,0.083299106058096,11980.515087890624,11740.181015625,0.0024646656627804,-0.0165791201575836,-0.0175827295158685,1,0
2019-12-10,11856.7998046875,11856.7998046875,11953.2001953125,11844.7001953125,11950.5,650200,-0.0067602257853403,-0.0067831796188954,0.0868062503588403,11977.682568359374,11745.5530078125,-0.0047551624169537,0.085294608579536,-0.024224092079759,1,0
2019-12-11,11910.150390625,11910.150390625,11923.2001953125,11832.2998046875,11867.349609375,997700,0.0044995771891509,0.0044894843560396,0.0854038431349689,11981.167578125,11754.95201171875,0.0058866169919868,0.5344509381728699,-0.0198335130627581,1,0
2019-12-12,11971.7998046875,11971.7998046875,12005.5,11934.0,11944.2998046875,752600,0.0051762078597283,0.0051628573460297,0.0867715550314622,11986.152587890623,11762.96400390625,0.0083978570423861,-0.2456650295680064,-0.0147599675892312,1,0
2019-12-13,12086.7001953125,12086.7001953125,12098.849609375,12023.599609375,12026.400390625,597700,0.0095975870378328,0.0095518227839611,0.092551965345868,11995.715087890623,11774.45,0.0160775756158739,-0.2058198246080255,-0.0053040406250115,2,2
2019-12-16,12053.9501953125,12053.9501953125,12134.650390625,12046.2998046875,12131.349609375,437700,-0.0027095898360001,-0.0027132674192033,0.0932096703728413,12004.18759765625,11786.04,0.0142580836646473,-0.2676928224861971,-0.0079992586864444,0,1
2019-12-17,12165.0,12165.0,12182.75,12070.349609375,12082.4501953125,499600,0.0092127313360466,0.0091705529807056,0.0970387672958638,12015.4326171875,11802.1419921875,0.0188357214749208,0.1414210646561571,0.0,1,0
2019-12-18,12221.650390625,12221.650390625,12237.7001953125,12163.4501953125,12197.0,518900,0.0046568344122481,0.0046460249046105,0.0968892095758039,12026.56015625,11820.295,0.0185472900880094,0.0386309047237789,0.0,1,0
2019-12-19,12259.7001953125,12259.7001953125,12268.349609375,12191.150390625,12223.400390625,623100,0.0031133114981498,0.0031084751792857,0.0962762057156647,12041.125146484375,11841.99400390625,0.0243390758313599,0.2008094045095394,0.0,1,0
2019-12-20,12271.7998046875,12271.7998046875,12293.900390625,12252.75,12266.4501953125,810700,0.0009869417018555,0.0009864549951019,0.093888100323131,12058.9951171875,11864.9019921875,0.0299972640120207,0.3010752688172042,0.0,1,0
2019-12-23,12262.75,12262.75,12287.150390625,12213.25,12235.4501953125,604800,-0.0007374472230261,-0.000737719270985,0.0830684537094291,12068.4451171875,11883.89099609375,0.0156537943886529,-0.2539780436659676,-0.0007374472230261,1,0
2019-12-24,12214.5498046875,12214.5498046875,12283.7001953125,12202.099609375,12269.25,470300,-0.0039306187692401,-0.0039383639534341,0.0837044180563312,12077.28759765625,11903.49099609375,0.0146913120035889,-0.2223875661375661,-0.0046651673683701,1,0
2019-12-26,12126.5498046875,12126.5498046875,12221.5498046875,12118.849609375,12211.849609375,520300,-0.0072045225904461,-0.0072306004913641,0.0864667501488012,12078.580078125,11919.92099609375,0.0021362077365583,0.106315118009781,-0.0118360796551226,1,0
2019-12-27,12245.7998046875,12245.7998046875,12258.4501953125,12157.900390625,12172.900390625,383800,0.0098337946011572,0.009785757510884,0.092087470222651,12083.312548828126,11938.013984375,0.0077893377186348,-0.2623486450124928,-0.0021186786301768,1,0
2019-12-30,12255.849609375,12255.849609375,12286.4501953125,12213.7998046875,12274.900390625,411100,0.0008206736062803,0.0008203370378256,0.0867811565727043,12093.3025390625,11954.56498046875,0.0165725762521167,0.0711307972902552,-0.0012997437675285,1,0
2019-12-31,12168.4501953125,12168.4501953125,12247.099609375,12151.7998046875,12247.099609375,426900,-0.0071312407420245,-0.007156789574995,0.0912054438431074,12099.3150390625,11968.653984375,0.0099807438497565,0.0384334711748965,-0.0084217157238437,1,0
2020-01-01,12182.5,12182.5,12222.2001953125,12165.2998046875,12202.150390625,304100,0.00115460921169,0.0011539431631088,0.0892913857205648,12108.730029296876,11980.5769921875,0.0156992381001852,-0.2876551885687515,-0.0072768303027066,1,0
2020-01-02,12282.2001953125,12282.2001953125,12289.900390625,12195.25,12198.5498046875,407700,0.0081838863379848,0.0081505799340132,0.0924035969215838,12120.680029296876,11992.98400390625,0.0198452235389248,0.3406774087471227,0.0,1,0
2020-01-03,12226.650390625,12226.650390625,12265.599609375,12191.349609375,12261.099609375,428800,-0.0045227893866035,-0.0045330481423355,0.0938880931484406,12131.092529296877,12005.75001953125,0.0173275971203661,0.0517537404954624,-0.0045227893866035,1,0
2020-01-06,11993.0498046875,11993.0498046875,12179.099609375,11974.2001953125,12170.599609375,396500,-0.0191058530729412,-0.0192907284731414,0.1142514537010167,12134.67001953125,12013.5290234375,0.0060017451400831,-0.0753264925373133,-0.0235422307100444,0,1
2020-01-07,12052.9501953125,12052.9501953125,12152.150390625,12005.349609375,12079.099609375,447800,0.0049945920012428,0.0049821604032702,0.115416922734602,12140.442529296875,12022.93603515625,0.0096712205497382,0.1293820933165195,-0.0186652225459973,0,1
2020-01-08,12025.349609375,12025.349609375,12044.9501953125,11929.599609375,11939.099609375,446000,-0.0022899444111396,-0.0022925703434345,0.1127378366358728,12148.87001953125,12031.76501953125,0.014215455052287,-0.004019651630192,-0.0209124246350851,0,1
2020-01-09,12215.900390625,12215.900390625,12224.0498046875,12132.5498046875,12153.150390625,477500,0.0158457581226116,0.0157215247601045,0.1242045000493603,12164.15751953125,12040.34603515625,0.025671380290938,0.0706278026905828,-0.0053980397349981,0,1
2020-01-10,12256.7998046875,12256.7998046875,12311.2001953125,12213.2001953125,12271.0,660600,0.0033480474426501,0.003342455210374,0.1236139354775343,12178.40751953125,12048.6000390625,0.0238059443567046,0.3834554973821988,-0.0020680651854783,0,1
2020-01-13,12329.5498046875,12329.5498046875,12337.75,12285.7998046875,12296.7001953125,501000,0.0059354808073293,0.0059179352344971,0.1209935841969693,12190.55,12057.64203125,0.0200923002515758,-0.2415985467756585,0.0,2,2
2020-01-14,12362.2998046875,12362.2998046875,12374.25,12308.7001953125,12333.099609375,616300,0.0026562202609821,0.0026526987425187,0.1203098643507571,12205.96748046875,12067.07603515625,0.025580793381319,0.2301397205588822,0.0,0,1
2020-01-15,12343.2998046875,12343.2998046875,12355.150390625,12278.75,12349.400390625,684400,-0.0015369308543056,-0.0015381131440847,0.1169321642296151,12214.882470703124,12075.11603515625,0.0146567862464035,0.1104981340256368,-0.0015369308543056,0,1
2020-01-16,12355.5,12355.5,12389.0498046875,12315.7998046875,12347.099609375,395700,0.0009884063018437,0.00098791814997,0.1160237246045608,12221.574951171877,12083.88203125,0.0109518440715399,-0.4218293395675043,-0.0005500436646037,0,1
2020-01-17,12352.349609375,12352.349609375,12385.4501953125,12321.400390625,12328.400390625,502100,-0.0002549788049855,-0.0002550113176078,0.1156516281702541,12226.207421875,12091.60802734375,0.0075572332590909,0.2688905736669194,-0.0008048822201131,0,1
2020-01-20,12224.5498046875,12224.5498046875,12430.5,12216.900390625,12430.5,491600,-0.0103461939411514,-0.010400087859252,0.1217566463959189,12223.844921875,12095.85802734375,-0.0038502909721482,-0.0209121688906592,-0.0111427486937154,0,1
2020-01-21,12169.849609375,12169.849609375,12230.0498046875,12162.2998046875,12195.2998046875,400,-0.0044746183856623,-0.0044846594550091,0.1227018000923098,12219.19990234375,12101.09201171875,-0.0075758203196673,-0.999186330349878,-0.015567507531206,0,1
2020-01-22,12106.900390625,12106.900390625,12225.0498046875,12087.900390625,12218.349609375,500,-0.0051725551893021,-0.0051859791637364,0.1232602905956859,12213.817431640626,12104.961015625,-0.0088132117666087,0.25,-0.0206595389286432,0,1
2020-01-23,12180.349609375,12180.349609375,12189.0,12094.099609375,12123.75,867700,0.0060667236352978,0.0060483951593072,0.1225718538458862,12216.507421875,12111.75900390625,0.0044365302212097,1734.4,-0.0147181510064582,0,1
2020-01-24,12248.25,12248.25,12272.150390625,12149.650390625,12174.5498046875,593200,0.0055745847042631,0.0055591042118478,0.1190655864075122,12216.629931640626,12119.28201171875,0.0002000845474838,-0.3163535784257232,-0.0092256138816706,0,1
2020-01-27,12119.0,12119.0,12216.599609375,12107.0,12197.099609375,441200,-0.0105525279121506,-0.0106086006564749,0.1248069175700151,12209.787451171876,12123.7530078125,-0.0111660646741551,-0.2562373567093728,-0.0196807882458283,0,1
2020-01-28,12055.7998046875,12055.7998046875,12163.5498046875,12024.5,12148.099609375,478500,-0.0052149678449129,-0.0052286132506335,0.1236376838603224,12204.154931640624,12127.17900390625,-0.0092575791343086,0.0845421577515865,-0.0247931214128768,0,1
2020-01-29,12129.5,12129.5,12169.599609375,12103.7998046875,12114.900390625,514400,0.0061132563999481,0.0060946462552533,0.1257220379867246,12201.504931640626,12130.96701171875,-0.0043505027703673,0.0750261233019853,-0.0188314317210805,0,1
2020-01-30,12035.7998046875,12035.7998046875,12150.2998046875,12010.599609375,12147.75,538100,-0.007724984155365,-0.0077549764050795,0.1243496179603176,12189.184912109376,12131.701015625,-0.0200615839757308,0.0460730948678071,-0.0264109433647773,0,1
2020-01-31,11962.099609375,11962.099609375,12103.5498046875,11945.849609375,12100.400390625,771300,-0.0061234148547233,-0.0061422398476357,0.1250827719339967,12175.957373046876,12131.575,-0.0216372246525384,0.4333766957814533,-0.0323726330565735,0,1
2020-02-03,11707.900390625,11707.900390625,11749.849609375,11614.5,11627.4501953125,669800,-0.0212503847193161,-0.0214794247492997,0.1294702304629068,12161.69990234375,12127.445,-0.0237762219540728,-0.1315960067418643,-0.0529350868690603,0,1
2020-02-04,11979.650390625,11979.650390625,11986.150390625,11783.400390625,11786.25,560400,0.0232108226866707,0.0229455485200191,0.1541936336518708,12158.034912109377,12125.5630078125,-0.0060814824171435,-0.1633323380113467,-0.0309529310976108,0,1
2020-02-05,12089.150390625,12089.150390625,12098.150390625,11953.349609375,12005.849609375,758000,0.0091405004678344,0.009098978920125,0.1575123831999411,12161.224951171876,12126.59201171875,0.0053055240240384,0.3526052819414704,-0.022095355910955,0,1
2020-02-06,12137.9501953125,12137.9501953125,12160.599609375,12084.650390625,12120.0,565100,0.0040366612301674,0.0040285357723643,0.147440111853289,12157.32744140625,12127.33701171875,-0.0063810437888247,-0.254485488126649,-0.01814788614736,0,1
2020-02-07,12098.349609375,12098.349609375,12154.7001953125,12073.9501953125,12151.150390625,473500,-0.0032625431230384,-0.0032678768209591,0.1471290113899759,12149.404931640624,12126.28099609375,-0.0129275339270779,-0.1620952043886038,-0.0213512210092506,0,1
2020-02-10,12031.5,12031.5,12103.5498046875,11990.75,12102.349609375,524700,-0.0055255147630383,-0.0055408368875527,0.1459616621821093,12134.50244140625,12125.79,-0.0241736161829839,0.1081309398099261,-0.0267587592853935,2,1
2020-02-11,12107.900390625,12107.900390625,12172.2998046875,12099.0,12108.400390625,480000,0.0063500303889789,0.0063299538920958,0.1478285816858852,12121.782470703123,12126.98400390625,-0.0205786478310482,-0.0851915380217267,-0.0205786478310482,2,1
2020-02-12,12201.2001953125,12201.2001953125,12231.75,12144.2998046875,12151.0,411700,0.0077056964194832,0.0076761591804553,0.1510007763398484,12114.677490234377,12131.12400390625,-0.0115122869592,-0.1422916666666667,-0.0130315242244744,2,1
2020-02-13,12174.650390625,12174.650390625,12225.650390625,12139.7998046875,12219.5498046875,501200,-0.0021759994314084,-0.0021783703582191,0.1509832864731783,12105.635009765623,12133.7530078125,-0.0146371744870705,0.2173913043478261,-0.0151791670665799,2,1
2020-02-14,12113.4501953125,12113.4501953125,12246.7001953125,12091.2001953125,12190.150390625,622800,-0.0050268544351488,-0.0050395315698233,0.1517339166888666,12093.6900390625,12135.65400390625,-0.0193404025644792,0.2426177174780526,-0.0201297180384383,2,1
2020-02-17,12045.7998046875,12045.7998046875,12159.599609375,12037.0,12131.7998046875,0,-0.0055847334602637,-0.0056003863896707,0.148706598611256,12084.7525390625,12138.14,-0.0146222153662834,-1.0,-0.025602032388827,2,1
2020-02-18,11992.5,11992.5,12030.75,11908.0498046875,12028.25,676900,-0.0044247626186481,-0.0044345808537079,0.1486899627519892,12075.88505859375,12139.24,-0.0145728677894572,,-0.0299135120915996,2,1
2020-02-19,12125.900390625,12125.900390625,12134.7001953125,12042.099609375,12090.599609375,513600,0.011123651500938,0.0110622386930189,0.1533503764291204,12076.83505859375,12144.62201171875,0.0015693529629361,-0.2412468606884326,-0.0191226080743376,2,1
2020-02-20,12080.849609375,12080.849609375,12152.0,12071.4501953125,12119.0,502600,-0.0037152524595064,-0.0037221711517002,0.1522231891616683,12071.86005859375,12148.03599609375,-0.0081688952444695,-0.021417445482866,-0.0227668152171637,2,1
2020-02-24,11829.400390625,11829.400390625,12012.5498046875,11813.400390625,12012.5498046875,490800,-0.0208138687990014,-0.0210335307220503,0.1669475938992436,12050.917578125,12145.1880078125,-0.03419669008838,-0.0234779148428173,-0.043106818511264,0,0
2020-02-25,11797.900390625,11797.900390625,11883.0498046875,11779.900390625,11877.5,461000,-0.0026628568617023,-0.0026664085715663,0.1637004101104916,12034.86259765625,12139.41201171875,-0.0264955532118986,-0.0607171964140179,-0.0456548880855075,0,0
2020-02-26,11678.5,11678.5,11783.25,11639.599609375,11738.5498046875,567600,-0.0101204779385897,-0.0101720381463894,0.1661785381610833,12015.997607421876,12131.9030078125,-0.0312961239237565,0.2312364425162689,-0.0553133167364391,0,0
2020-02-27,11633.2998046875,11633.2998046875,11663.849609375,11536.7001953125,11661.25,608600,-0.0038703767874727,-0.0038778860778288,0.1638157154034981,11991.18759765625,12121.26900390625,-0.0409085448957088,0.0722339675828047,-0.058969610146777,0,0
2020-02-28,11201.75,11201.75,11384.7998046875,11175.0498046875,11382.0,809900,-0.0370960786649383,-0.0378016423222764,0.2067057769767639,11949.485107421877,12100.87099609375,-0.0692974142327182,0.3307591192901742,-0.0938781475148698,0,0
2020-03-02,11132.75,11132.75,11433.0,11036.25,11387.349609375,680800,-0.0061597518244916,-0.0061788013630017,0.2067118032349124,11908.017626953126,12078.3319921875,-0.0693314415075608,-0.1594023953574515,-0.0994596332489269,0,0
2020-03-03,11303.2998046875,11303.2998046875,11342.25,11152.5498046875,11217.5498046875,696500,0.0153196474085468,0.0152034864709549,0.2056204954929999,11887.78759765625,12058.9619921875,-0.0345579115330944,0.0230611045828437,-0.0856636723531369,0,0
2020-03-04,11251.0,11251.0,11356.599609375,11082.150390625,11351.349609375,797700,-0.0046269501465237,-0.0046376876143074,0.1838228503189904,11851.355078125,12038.7269921875,-0.0608240112912832,0.1452979181622398,-0.0898942609583146,0,0
2020-03-05,11269.0,11269.0,11389.5,11244.599609375,11306.0498046875,1352500,0.0015998577904186,0.0015985793812774,0.1790672974448076,11810.34755859375,12019.81599609375,-0.0678418552275614,0.6954995612385608,-0.088438221201604,0,0
2020-03-06,10989.4501953125,10989.4501953125,11035.099609375,10827.400390625,10942.650390625,1811000,-0.0248069753028219,-0.0251198535301779,0.1921967354280646,11752.92255859375,11997.07400390625,-0.0946205892691448,0.3390018484288355,-0.1110513117352522,0,0
2020-03-09,10451.4501953125,10451.4501953125,10751.5498046875,10294.4501953125,10742.0498046875,1565500,-0.0489560433359516,-0.0501949959864756,0.2501356616019379,11670.577587890624,11961.18701171875,-0.136125956616952,-0.1355604638321369,-0.1545707222413785,0,0
2020-03-11,10458.400390625,10458.400390625,10545.099609375,10334.0,10334.2998046875,1218500,0.0006649981756232,0.0006647771623133,0.2516850261264917,11591.922607421877,11925.23802734375,-0.1307484195133608,-0.2216544235068668,-0.1540085133140506,2,0
2020-03-12,9590.150390625,9590.150390625,10040.75,9508.0,10039.9501953125,1343500,-0.0830193880106471,-0.0866689498179394,0.373391406968739,11466.035107421874,11873.67203125,-0.2079427414144786,0.1025851456709068,-0.2242422088009356,2,0
2020-03-13,9955.2001953125,9955.2001953125,10159.400390625,8555.150390625,9107.599609375,1388000,0.0380650761268936,0.0373584765423917,0.4071163552618906,11353.735107421877,11829.12603515625,-0.1840802514545148,0.0331224413844435,-0.1947129294229123,2,0
2020-03-16,9197.400390625,9197.400390625,9602.2001953125,9165.099609375,9587.7998046875,897700,-0.0761210010667908,-0.0791741694511037,0.4734075847313412,11204.872607421876,11767.4300390625,-0.2445450098749948,-0.3532420749279539,-0.2560121873813837,2,0
2020-03-17,8967.0498046875,8967.0498046875,9403.7998046875,8915.599609375,9285.400390625,935600,-0.0250451840905282,-0.025364151715096,0.4737900660068591,11047.552587890625,11702.23802734375,-0.2597443618369398,0.0422190041216441,-0.2746454991095265,2,0
2020-03-18,8468.7998046875,8468.7998046875,9127.5498046875,8407.0498046875,9088.4501953125,1516600,-0.055564540272715,-0.0571679271151332,0.4950489139382107,10868.702587890624,11631.75302734375,-0.2969499790796828,0.6209918768704574,-0.3149494884862502,2,0
2020-03-19,8263.4501953125,8263.4501953125,8575.4501953125,7832.5498046875,8063.2998046875,925700,-0.0242477817531284,-0.0245465995477513,0.4930898418344276,10682.25009765625,11555.96302734375,-0.3109484931988743,-0.3896215218251352,-0.3315604437793047,2,0
2020-03-20,8745.4501953125,8745.4501953125,8883.0,8178.2001953125,8284.4501953125,1071500,0.0583291468584656,0.0566913879444369,0.5525395889503335,10513.227587890626,11490.3650390625,-0.278779314229404,0.1575024305930648,-0.2925709347385001,2,0
2020-03-23,7610.25,7610.25,8159.25,7583.60009765625,7945.7001953125,653500,-0.1298046607047124,-0.139037564610512,0.7005117649128956,10289.697607421876,11398.25203125,-0.3700567223273534,-0.3901073261782548,-0.384398524527421,2,0
2020-03-24,7801.0498046875,7801.0498046875,8036.9501953125,7511.10009765625,7848.2998046875,738400,0.0250714240251634,0.0247622921384646,0.7208745619887814,10088.280078125,11309.13703125,-0.3405371745748022,0.1299158377964804,-0.3689645189053318,2,0
2020-03-25,8317.849609375,8317.849609375,8376.75,7714.75,7735.14990234375,736900,0.0662474689466749,0.0641454460311805,0.779789197169394,9914.2775390625,11228.90302734375,-0.2949720429929517,-0.0020314192849404,-0.3271600154672626,2,0
2020-03-26,8641.4501953125,8641.4501953125,8749.0498046875,8304.900390625,8451.0,865600,0.0389043564303894,0.0381666543961638,0.8042873034596131,9762.425048828123,11154.48603515625,-0.2600547848343109,0.1746505631700365,-0.3009836088883832,2,0
2020-03-27,8660.25,8660.25,9038.900390625,8522.900390625,8949.099609375,801500,0.0021755381634551,0.0021731751069639,0.8056885997707263,9613.77255859375,11080.8250390625,-0.2555637570252891,-0.0740526802218114,-0.2994628720526392,2,0
2020-03-30,8281.099609375,8281.099609375,8576.0,8244.0,8385.9501953125,593300,-0.0437805364308189,-0.0447678278737022,0.8087051597364228,9467.7400390625,10999.33703125,-0.2607316169906487,-0.2597629444791016,-0.33013276330388,2,0
2020-03-31,8597.75,8597.75,8678.2998046875,8358.0,8529.349609375,712700,0.0382377227133605,0.0375247784776983,0.8297094887995391,9340.9900390625,10924.2450390625,-0.2277065415104084,0.2012472610820832,-0.3045185656523286,2,0
2020-04-01,8253.7998046875,8253.7998046875,8588.099609375,8198.349609375,8584.099609375,506300,-0.0400046750966822,-0.0408268644244904,0.828357187732135,9188.5150390625,10844.8300390625,-0.2697884735159698,-0.2896029184790234,-0.3323410744691818,2,0
2020-04-03,8083.7998046875,8083.7998046875,8356.5498046875,8055.7998046875,8356.5498046875,697000,-0.0205965741867707,-0.0208116418506999,0.8274760386602648,9030.155029296877,10763.10904296875,-0.2815038836825615,0.3766541576140627,-0.3460925610603369,2,0
2020-04-07,8792.2001953125,8792.2001953125,8819.400390625,8360.9501953125,8446.2998046875,814200,0.0876321046711503,0.0840029521628222,0.899946154572283,8906.3150390625,10696.8150390625,-0.2197887838040199,0.1681492109038738,-0.2887892759259325,2,0
2020-04-08,8748.75,8748.75,9131.7001953125,8653.900390625,8688.900390625,896500,-0.0049419024075071,-0.0049541539879532,0.8990149674824969,8794.280029296875,10628.183046875,-0.2038955685215498,0.1010808155244411,-0.2923040099154791,2,0
2020-04-09,9111.900390625,9111.900390625,9128.349609375,8904.5498046875,8973.0498046875,742100,0.0415088316188025,0.0406704613937413,0.9048506108429898,8727.3025390625,10565.4560546875,-0.1281687975978961,-0.1722253206915783,-0.2629283762257588,2,0
2020-04-13,8993.849609375,8993.849609375,9112.0498046875,8912.400390625,9103.9501953125,644000,-0.0129556707370791,-0.0130403274235616,0.9046471243294096,8654.075,10502.953046875,-0.1400358301985489,-0.1321924268966446,-0.2724776334930221,0,0
2020-04-15,8925.2998046875,8925.2998046875,9261.2001953125,8874.099609375,9196.400390625,879100,-0.0076218535626885,-0.0076510483286485,0.8551063622091428,8620.832470703124,10440.343046875,-0.0693263983208684,0.3650621118012422,-0.278022702434119,2,1
2020-04-16,8992.7998046875,8992.7998046875,9053.75,8821.900390625,8851.25,719400,0.0075627711647903,0.0075343167835424,0.8426251437601128,8572.712451171876,10377.60904296875,-0.0966731328093387,-0.1816630644977818,-0.2725625533464544,2,1
2020-04-17,9266.75,9266.75,9324.0,9091.349609375,9323.4501953125,684200,0.0304632818768748,0.0300084893471159,0.8035157665992532,8576.179931640625,10322.228046875,0.0075401316056316,-0.0489296636085626,-0.2504024213612533,2,1
2020-04-20,9261.849609375,9261.849609375,9390.849609375,9230.7998046875,9390.2001953125,726400,-0.0005288143766692,-0.0005289542483047,0.7977794891315957,8590.919921875,10268.223046875,0.0328758968789706,0.061677871967261,-0.2507988193375541,2,1
2020-04-21,8981.4501953125,8981.4501953125,9044.400390625,8909.400390625,9016.9501953125,655100,-0.0302746671440956,-0.0307424095868608,0.7772026641296038,8616.55244140625,10213.69404296875,0.0605340074683602,-0.0981552863436123,-0.273480635706073,2,1
2020-04-22,9187.2998046875,9187.2998046875,9209.75,8946.25,9026.75,734400,0.0229194177887257,0.0226607133769272,0.7731141378135437,8662.744921875,10157.84703125,0.1117995011211008,0.1210502213402533,-0.256829234864221,2,1
2020-04-23,9313.900390625,9313.900390625,9343.599609375,9170.150390625,9232.349609375,666700,0.0137799558770148,0.0136858755813272,0.7499210232997583,8691.167431640624,10102.34203125,0.0649995349144159,-0.0921840958605664,-0.2465883745115626,2,1
2020-04-24,9154.400390625,9154.400390625,9296.900390625,9141.2998046875,9163.900390625,659400,-0.0171249415723349,-0.0172732692247864,0.5384609995335461,8768.374951171874,10042.67103515625,0.202904029516113,-0.0109494525273736,-0.25949050457797,2,1
2020-04-27,9282.2998046875,9282.2998046875,9377.099609375,9250.349609375,9259.7001953125,512800,0.0139713589754586,0.0138746591837446,0.5356771404010483,8842.437451171874,9986.3500390625,0.1898782903693225,-0.2223233242341522,-0.2491445805926931,2,1
2020-04-28,9380.900390625,9380.900390625,9404.400390625,9260.0,9389.7998046875,614500,0.0106224306488902,0.010566409007242,0.494275541952276,8895.589990234375,9933.338046875,0.1278035587529549,0.1983229329173166,-0.2411686709726956,2,1
2020-04-29,9553.349609375,9553.349609375,9599.849609375,9392.349609375,9408.599609375,653000,0.0183830135241964,0.0182160885502695,0.4819829333399824,8941.1849609375,9882.24703125,0.105526201442109,0.0626525630593979,-0.2272190643886027,2,1
2020-04-30,9859.900390625,9859.900390625,9889.0498046875,9731.5,9753.5,931200,0.032088303452139,0.0315842287594642,0.4909060415748142,9001.16748046875,9835.42103515625,0.1385237597788746,0.4260336906584991,-0.2024218352246761,2,1
2020-05-04,9293.5,9293.5,9533.5,9266.9501953125,9533.5,687500,-0.057444839013135,-0.0591608351265545,0.5129985915704575,9051.7875,9777.79802734375,0.1222543428265088,-0.261705326460481,-0.2482385845005863,2,1
2020-05-05,9205.599609375,9205.599609375,9450.900390625,9190.75,9429.400390625,725200,-0.0094582655216011,-0.0095032789725698,0.501414932405227,9082.17998046875,9719.641015625,0.0706986838853187,0.0548363636363635,-0.2553489435772744,2,1
2020-05-06,9270.900390625,9270.900390625,9346.900390625,9116.5,9226.7998046875,722200,0.0070935934671216,0.0070685522845568,0.4734041018169124,9133.035009765625,9664.14302734375,0.1232281627862923,-0.0041367898510755,-0.250066691708149,2,1
2020-05-07,9199.0498046875,9199.0498046875,9277.849609375,9175.900390625,9234.0498046875,708700,-0.0077501195040513,-0.007780307756411,0.4658847633090247,9188.797509765624,9608.2740234375,0.1379611107332603,-0.0186928828579341,-0.2558787644674795,2,1
2020-05-08,9251.5,9251.5,9382.650390625,9238.2001953125,9376.9501953125,609100,0.0057016970693835,0.0056855039177872,0.3650243896235767,9211.7625,9550.786015625,0.0522394616233115,-0.1405390150980668,-0.2516360105995776,2,1
2020-05-11,9239.2001953125,9239.2001953125,9439.900390625,9219.9501953125,9348.150390625,704600,-0.0013294930214019,-0.0013303775813467,0.3642626883545077,9236.285009765625,9493.95302734375,0.0560594593870553,0.1567887046461993,-0.252630955300954,2,1
2020-05-12,9196.5498046875,9196.5498046875,9240.849609375,9043.9501953125,9168.849609375,805500,-0.0046162427183511,-0.0046269304709594,0.3360790039231887,9240.51748046875,9441.296015625,0.009289984573316,0.1432018166335509,-0.2560809922114671,2,1
2020-05-13,9383.5498046875,9383.5498046875,9584.5,9351.099609375,9584.2001953125,846400,0.0203337125303977,0.0201297429354734,0.3390155673856108,9260.002490234376,9393.00900390625,0.0433296321639939,0.0507759155803848,-0.2409543569611963,1,1
2020-05-14,9142.75,9142.75,9281.099609375,9119.75,9213.9501953125,602600,-0.0256619093732747,-0.0259969199371075,0.3520338509569203,9270.875,9342.29400390625,0.0243633491390729,-0.2880434782608695,-0.2604329174630372,2,2
2020-05-15,9136.849609375,9136.849609375,9182.400390625,9050.0,9182.400390625,575900,-0.0006453627874545,-0.000645571123658,0.3512794390525279,9278.077490234376,9292.365,0.0160183488808918,-0.0443079986724195,-0.2609102065369328,2,2
2020-05-18,8823.25,8823.25,9158.2998046875,8806.75,9158.2998046875,773000,-0.0343225097032598,-0.0349253614900618,0.3552523921069231,9255.902490234375,9244.795,-0.0478592818409906,0.3422469178676854,-0.2862776231446493,2,2
2020-05-19,8879.099609375,8879.099609375,9030.349609375,8855.2998046875,8961.7001953125,762200,0.0063298228402233,0.0063098736505969,0.3565703835463097,9236.764990234376,9199.7219921875,-0.0413254388856167,-0.0139715394566624,-0.2817598869420519,2,2
2020-05-20,9066.5498046875,9066.5498046875,9093.7998046875,8875.349609375,8889.150390625,622300,0.021111396826158,0.0208916388393265,0.3485950853227835,9241.019970703124,9154.9869921875,0.0094750410595623,-0.183547625295198,-0.2665968348988209,2,2
2020-05-21,9106.25,9106.25,9178.5498046875,9056.099609375,9079.4501953125,631500,0.0043787544510012,0.0043691955994809,0.3390691596555414,9236.96748046875,9112.0919921875,-0.0088219396787451,0.0147838663024264,-0.2633854425252557,2,2
2020-05-22,9039.25,9039.25,9149.599609375,8968.5498046875,9067.900390625,675800,-0.0073575840768702,-0.0073847846008156,0.3356559416858283,9223.2349609375,9067.4969921875,-0.0294882250299189,0.0701504354711004,-0.2688051460641227,2,2
2020-05-26,9029.0498046875,9029.0498046875,9161.650390625,8996.650390625,9099.75,655000,-0.0011284338094974,-0.0011290709703029,0.3304430531034833,9216.967431640624,9028.288984375,-0.0136929324247027,-0.0307783367860313,-0.2696302510586346,2,2
2020-05-27,9314.9501953125,9314.9501953125,9334.0,9004.25,9082.2001953125,763500,0.0316645047717616,0.0311735219299972,0.3458991806685826,9218.599951171876,9005.558984375,0.0035174893412204,0.165648854961832,-0.2465034546581304,2,2
2020-05-28,9490.099609375,9490.099609375,9511.25,9336.5,9364.9501953125,837900,0.0188030435364687,0.0186284514925432,0.3502675356960615,9224.059912109376,8986.19296875,0.0116405903701024,0.0974459724950884,-0.2323354263114884,2,2
2020-05-29,9580.2998046875,9580.2998046875,9598.849609375,9376.900390625,9422.2001953125,967000,0.0095046626511057,0.009459777532853,0.3457697721876393,9225.407421875,8985.99595703125,0.0028210205231109,0.1540756653538608,-0.2250390335093741,2,2
2020-06-01,9826.150390625,9826.150390625,9931.599609375,9706.9501953125,9726.849609375,794200,0.0256620973194605,0.0253383526597206,0.3388786396319784,9223.719921875,8983.4149609375,-0.0034229554724599,-0.1786970010341261,-0.2051519097685085,2,2
2020-06-02,9979.099609375,9979.099609375,9995.599609375,9824.0498046875,9880.849609375,770200,0.0155655279707429,0.015445627746472,0.2612084371891519,9257.99990234375,8999.0489453125,0.0737719491445634,-0.0302190883908335,-0.1927796795875186,2,2
2020-06-03,10061.5498046875,10061.5498046875,10176.2001953125,10035.5498046875,10108.2998046875,794700,0.0082622880359908,0.0082283421862785,0.2569972205924269,9300.797412109376,9020.9389453125,0.0929814712385272,0.0318099195014283,-0.1861101927917658,2,2
2020-06-04,10029.099609375,10029.099609375,10123.849609375,9944.25,10054.25,775100,-0.0032251686810099,-0.0032303807470656,0.2582003474945408,9338.707373046876,9052.14494140625,0.0817826949706754,-0.0246633949918207,-0.1887351247077671,2,2
2020-06-05,10142.150390625,10142.150390625,10177.7998046875,10040.75,10093.7998046875,987100,0.0112722762414605,0.0112092175696585,0.2555621337185898,9385.86240234375,9089.7189453125,0.1025215218920687,0.2735130950845053,-0.1795903229284788,2,2
2020-06-08,10167.4501953125,10167.4501953125,10328.5,10120.25,10326.75,936500,0.0024945207587225,0.0024914146063167,0.2556800795600158,9431.659912109377,9118.1589453125,0.0990055877763065,-0.0512612703880053,-0.1775437939583671,2,2
2020-06-09,10046.650390625,10046.650390625,10291.150390625,10021.4501953125,10181.150390625,754200,-0.0118810323499978,-0.0119521758820678,0.2617225368162727,9472.032421875,9166.886953125,0.087393949502486,-0.19466097170315,-0.1873154227488043,2,2
2020-06-10,10116.150390625,10116.150390625,10148.75,10036.849609375,10072.599609375,632400,0.0069177285262014,0.0068939108220717,0.2597630158644907,9518.012451171877,9213.18896484375,0.0999940853328253,-0.1614956245027844,-0.1816934914659497,2,2
2020-06-11,9902.0,9902.0,10112.0498046875,9885.0498046875,10094.099609375,715500,-0.021169158460066,-0.0213964383678064,0.2688494026487265,9543.9349609375,9244.87197265625,0.0552509664363385,0.1314041745730549,-0.1990163516140104,1,1
2020-06-12,9972.900390625,9972.900390625,9996.0498046875,9544.349609375,9544.9501953125,796300,0.0071602091117954,0.0071346965257769,0.2467797252779753,9585.44248046875,9271.5009765625,0.0907987630226134,0.1129280223619846,-0.1932811411964378,2,2
2020-06-15,9813.7001953125,9813.7001953125,9943.349609375,9726.349609375,9919.349609375,716100,-0.0159632793948444,-0.016092064938005,0.2568103553189805,9619.285009765625,9294.56998046875,0.0740792083567849,-0.1007158106241365,-0.206159019732609,2,2
2020-06-16,9914.0,9914.0,10046.150390625,9728.5,10014.7998046875,899900,0.010220386061458,0.0101685110713787,0.2133591957981924,9673.822509765623,9327.22798828125,0.1236222480378546,0.256668063119676,-0.19804565844287,2,2
2020-06-17,9881.150390625,9881.150390625,10003.599609375,9833.7998046875,9876.7001953125,685400,-0.0033134566648174,-0.0033189583187083,0.2157944359021056,9723.925048828123,9352.89599609375,0.1128549994181824,-0.2383598177575285,-0.2007028994007818,2,2
2020-06-18,10091.650390625,10091.650390625,10111.2001953125,9845.0498046875,9863.25,622900,0.0213031875518985,0.0210794466700883,0.2159748291831486,9775.180078125,9389.6530078125,0.1130640219289935,-0.0911876276626787,-0.1836753233570279,2,2
2020-06-19,10244.400390625,10244.400390625,10272.400390625,10072.650390625,10119.0,892100,0.0151362754442923,0.0150228650029494,0.2186239007149419,9832.08759765625,9432.86501953125,0.1249856297185998,0.4321720982501205,-0.171319208199387,2,2
2020-06-22,10311.2001953125,10311.2001953125,10393.650390625,10277.599609375,10318.75,685400,0.0065206163504338,0.0064994490975027,0.212924430770534,9895.685107421876,9463.24501953125,0.140714129525403,-0.2317004820087433,-0.1659156986790815,2,2
2020-06-23,10471.0,10471.0,10484.7001953125,10301.75,10347.9501953125,669200,0.0154976919912916,0.0153788292551106,0.2130575076560913,9967.7826171875,9497.69001953125,0.1597012118112251,-0.0236358330901663,-0.1529893170824382,2,2
2020-06-24,10305.2998046875,10305.2998046875,10553.150390625,10281.9501953125,10529.25,854800,-0.0158246772335498,-0.0159512242577638,0.208966513003107,10017.30009765625,9521.5580078125,0.1063182935613942,0.2773460848774656,-0.1663929877529772,2,2
2020-06-25,10288.900390625,10288.900390625,10361.7998046875,10194.5,10235.5498046875,994200,-0.0015913572989929,-0.0015926248529521,0.2038055374397727,10057.24013671875,9547.4590234375,0.0841720123212286,0.1630790828263921,-0.1677195543564082,2,2
2020-06-26,10383.0,10383.0,10409.849609375,10311.25,10378.900390625,671900,0.0091457401473864,0.0091041711267076,0.2036840049737135,10097.375146484375,9576.61302734375,0.0837865423501413,-0.324180245423456,-0.1601077336708009,2,2
2020-06-29,10312.400390625,10312.400390625,10337.9501953125,10223.599609375,10311.9501953125,574500,-0.0067995386087835,-0.0068227607980759,0.1906184640784574,10121.687646484375,9603.0050390625,0.0494853000076127,-0.1449620479237982,-0.165818613562925,2,2
2020-06-30,10302.099609375,10302.099609375,10401.0498046875,10267.349609375,10382.599609375,556200,-0.0009988732845714,-0.0009993724909477,0.1845497921054838,10137.837646484377,9623.71203125,0.0323676496521343,-0.0318537859007832,-0.1666518550643237,2,2
2020-07-01,10430.0498046875,10430.0498046875,10447.0498046875,10299.599609375,10323.7998046875,573600,0.0124198173347171,0.0123433241068104,0.1870729629009704,10156.262646484374,9647.07603515625,0.0366245764472907,0.0312837108953614,-0.1563018233279972,2,2
2020-07-02,10551.7001953125,10551.7001953125,10598.2001953125,10485.5498046875,10493.0498046875,597400,0.0116634525148986,0.0115959587525375,0.1891777834119784,10182.39267578125,9678.48103515625,0.052108425112159,0.0414923291492328,-0.1464613897074768,2,2
2020-07-03,10607.349609375,10607.349609375,10631.2998046875,10562.650390625,10614.9501953125,525200,0.0052739760448483,0.0052601173388212,0.1867245853341649,10205.65263671875,9706.88203125,0.0458679077742736,-0.120857047204553,-0.1419598475234408,2,2
2020-07-06,10763.650390625,10763.650390625,10811.400390625,10695.099609375,10723.849609375,571200,0.014735139974255,0.014627632603289,0.1918386740112489,10235.462646484377,9735.87703125,0.0586381230160699,0.0875856816450875,-0.1293165057731676,2,2
2020-07-07,10799.650390625,10799.650390625,10813.7998046875,10689.7001953125,10802.849609375,636800,0.0033445902359812,0.0033390095340367,0.1836967912231492,10273.112646484376,9768.78203125,0.0749503536723701,0.1148459383753501,-0.1264044262597465,2,2
2020-07-08,10705.75,10705.75,10847.849609375,10676.5498046875,10818.650390625,767900,-0.008694762073642,-0.0087327820609896,0.1883126419778168,10302.592626953125,9797.25103515625,0.0582830015972679,0.2058731155778894,-0.1340001319220048,2,2
2020-07-09,10813.4501953125,10813.4501953125,10836.849609375,10733.0,10755.5498046875,618700,0.0100600327219018,0.0100097674252966,0.1664477141253535,10348.16513671875,9825.90203125,0.0920470809243081,-0.1942961323088944,-0.1252881449119776,1,1
2020-07-10,10768.0498046875,10768.0498046875,10819.400390625,10713.0,10764.099609375,590700,-0.0041985110954393,-0.0042073495908376,0.16883061003132,10387.922607421877,9850.19603515625,0.0797310093270338,-0.045256182317763,-0.1289606323408769,0,2
2020-07-13,10802.7001953125,10802.7001953125,10894.0498046875,10756.0498046875,10851.849609375,554100,0.0032178891492418,0.0032127228240942,0.1516404396230641,10437.372607421876,9869.05203125,0.1007774825312468,-0.0619603859827323,-0.1261577242111241,0,2
2020-07-14,10607.349609375,10607.349609375,10755.650390625,10562.900390625,10750.849609375,532400,-0.0180834960154004,-0.0182490007348894,0.1706569623821117,10472.040087890626,9895.3290234375,0.0699364140987492,-0.0391626060277928,-0.1419598475234408,0,2
2020-07-15,10618.2001953125,10618.2001953125,10827.4501953125,10577.75,10701.0,715900,0.0010229309240368,0.0010224080867197,0.1690852631822936,10508.892578125,9923.58103515625,0.074591497502841,0.3446656649135988,-0.1410821317174072,0,2
2020-07-16,10739.9501953125,10739.9501953125,10755.2998046875,10595.2001953125,10706.2001953125,694400,0.0114661616621005,0.0114009234448232,0.159002383610241,10541.307568359374,9952.96203125,0.064241207294474,-0.0300321273920938,-0.1312336405852123,0,2
2020-07-17,10901.7001953125,10901.7001953125,10933.4501953125,10749.650390625,10752.0,676900,0.0150605912558696,0.0149483065306169,0.1589285165328916,10574.17255859375,9987.0150390625,0.0641618620538315,-0.0252016129032257,-0.1181495055492162,0,2
2020-07-20,11022.2001953125,11022.2001953125,11037.900390625,10953.0,10999.4501953125,554300,0.0110533217609316,0.0109926802508403,0.1609866933053245,10609.72255859375,10022.42904296875,0.0689541456408946,-0.1811198109026444,-0.108402128289015,0,2
2020-07-21,11162.25,11162.25,11179.5498046875,11113.25,11126.099609375,772000,0.0127061568657644,0.0126261109917779,0.1585329208184645,10644.28505859375,10060.8900390625,0.0660156623054148,0.3927476095976907,-0.0970733458698736,0,2
2020-07-22,11132.599609375,11132.599609375,11238.099609375,11056.5498046875,11231.2001953125,765100,-0.0026563094918139,-0.0026598437419676,0.1435538534029662,10685.650048828124,10099.61103515625,0.0802790622657276,-0.0089378238341969,-0.0994717985116512,0,2
2020-07-23,11215.4501953125,11215.4501953125,11239.7998046875,11103.150390625,11135.0,621600,0.0074421598588463,0.0074146036213252,0.14257254015563,10731.9775390625,10136.24904296875,0.0900533360719237,-0.1875571820677035,-0.0927699236787754,0,2
2020-07-24,11194.150390625,11194.150390625,11225.400390625,11090.2998046875,11149.9501953125,678900,-0.0018991484351116,-0.0019009541040186,0.1430167768319048,10772.53505859375,10177.27705078125,0.0781229308123856,0.0921814671814671,-0.0944928882585071,0,2
2020-07-27,11131.7998046875,11131.7998046875,11225.0,11087.849609375,11225.0,588100,-0.0055699256988469,-0.0055854955772852,0.141865162841724,10813.505029296875,10217.1760546875,0.079457680367746,-0.1337457652084254,-0.0995364955906847,0,2
2020-07-28,11300.5498046875,11300.5498046875,11317.75,11151.400390625,11154.099609375,683900,0.0151592736988444,0.0150455200834502,0.1460034851813589,10863.4275390625,10266.72205078125,0.0969171560333101,0.1628974664172759,-0.0858861228715234,0,2
2020-07-29,11202.849609375,11202.849609375,11341.400390625,11149.75,11276.900390625,600700,-0.0086456143286032,-0.0086832044688866,0.1502758242597762,10902.067529296875,10313.19705078125,0.0740935871984223,-0.1216552127504021,-0.0937891989056003,0,2
2020-07-30,11102.150390625,11102.150390625,11299.9501953125,11084.9501953125,11254.2998046875,677800,-0.0089887146807479,-0.0090293569074517,0.1534728242887355,10929.5900390625,10353.9090625,0.0521669669459554,0.1283502580322957,-0.1019348692372499,0,2
2020-07-31,11073.4501953125,11073.4501953125,11150.400390625,11026.650390625,11139.5,642600,-0.0025851023723058,-0.002588449519166,0.1541567263521379,10952.895068359376,10393.25306640625,0.0439412862875332,-0.0519327235172617,-0.1042564595372697,0,2
2020-08-03,10891.599609375,10891.599609375,11058.0498046875,10882.25,11057.5498046875,680900,-0.0164222155452939,-0.0165585548501213,0.1603020193461878,10959.292529296876,10430.30005859375,0.0118871585481299,0.0596016184251477,-0.1189665530320535,0,2
2020-08-04,11095.25,11095.25,11112.25,10908.099609375,10946.650390625,625700,0.0186979321613793,0.0185252747319563,0.1723648405225702,10974.072509765623,10471.6240625,0.0273712202416853,-0.0810691731531796,-0.1024930494087406,0,2
2020-08-05,11101.650390625,11101.650390625,11225.650390625,11064.0498046875,11155.75,667600,0.0005768586219327,0.0005766923029565,0.1682607781010358,10993.867529296876,10507.35806640625,0.0369801639889779,0.0669649992008949,-0.1019753147860473,0,2
2020-08-06,11200.150390625,11200.150390625,11256.7998046875,11127.2998046875,11185.7001953125,600400,0.0088725546683743,0.0088334248392406,0.1675512914358665,11013.2025390625,10541.55908203125,0.0357610372571124,-0.1006590772917914,-0.0940075416729369,2,0
2020-08-07,11214.0498046875,11214.0498046875,11231.900390625,11142.0498046875,11186.650390625,452600,0.001241002448872,0.0012402330418245,0.1660888505544517,11035.5025390625,10574.23408203125,0.0414188277440776,-0.2461692205196535,-0.0928832028134934,2,0
2020-08-10,11270.150390625,11270.150390625,11337.2998046875,11238.0,11270.25,492000,0.005002705259437,0.004990233307851,0.166376442093671,11058.875048828126,10603.11408203125,0.0432716068076513,0.0870525850640742,-0.0883451648412847,2,0
2020-08-11,11322.5,11322.5,11373.599609375,11299.150390625,11322.25,586100,0.0046449787767293,0.0046342241532836,0.1480406603526512,11094.632568359377,10629.98208984375,0.0674202715061766,0.1912601626016259,-0.0841105474802699,2,0
2020-08-12,11308.400390625,11308.400390625,11322.0,11242.650390625,11289.0,609900,-0.0012452735151247,-0.0012460495124746,0.1487133303804637,11129.142578125,10654.9191015625,0.065001618223133,0.0406074048797133,-0.0852510803582748,2,0
2020-08-13,11300.4501953125,11300.4501953125,11359.2998046875,11269.9501953125,11334.849609375,562400,-0.000703034473301,-0.0007032817179241,0.1459867003293001,11157.167578125,10680.34611328125,0.0521883239500153,-0.0778816199376947,-0.0858941803831978,2,0
2020-08-14,11178.400390625,11178.400390625,11366.25,11111.4501953125,11353.2998046875,645100,-0.0108004373788689,-0.0108591854891072,0.1456436439383833,11171.002587890624,10701.07111328125,0.0253813800008437,0.1470483641536273,-0.0957669230456288,2,0
2020-08-17,11247.099609375,11247.099609375,11267.099609375,11144.5,11248.900390625,634000,0.0061457110453491,0.0061269031823474,0.1423141037625996,11182.24755859375,10722.6641015625,0.0204042214872983,-0.0172066346302899,-0.0902097678370202,2,0
2020-08-18,11385.349609375,11385.349609375,11401.7001953125,11253.150390625,11259.7998046875,579200,0.0122920579350753,0.0122171240273108,0.1418780775200431,11193.4025390625,10749.4380859375,0.0199869747922685,-0.0864353312302839,-0.0790265735945072,2,0
2020-08-19,11408.400390625,11408.400390625,11460.349609375,11394.099609375,11452.150390625,626200,0.0020246002135075,0.0020225534725844,0.1412528572496302,11207.192578125,10775.2830859375,0.024774157961968,0.081146408839779,-0.0771619705987718,2,0
2020-08-20,11312.2001953125,11312.2001953125,11361.4501953125,11289.7998046875,11317.4501953125,791600,-0.008432399987605,-0.0084681538079335,0.1432568946627598,11212.030078125,10803.48708984375,0.0086264927680244,0.2641328648993932,-0.0849437099864562,2,0
2020-08-21,11371.599609375,11371.599609375,11418.5,11362.2001953125,11409.650390625,668700,0.0052509160938571,0.0052371781043135,0.1439558332524956,11220.9025390625,10831.46107421875,0.0158519595108006,-0.155255179383527,-0.0801388261864389,2,0
2020-08-24,11466.4501953125,11466.4501953125,11497.25,11410.650390625,11412.0,532900,0.0083410064718865,0.0083064125099262,0.1442457984001244,11237.63505859375,10864.51607421875,0.0300625591994641,-0.2030806041573202,-0.0724662581824228,2,0
2020-08-25,11472.25,11472.25,11525.900390625,11423.349609375,11513.099609375,638200,0.0005058064691958,0.0005056785922225,0.1350514387379442,11246.220068359376,10895.68107421875,0.015193968282966,0.1975980484143367,-0.0719971056154141,2,0
2020-08-26,11549.599609375,11549.599609375,11561.75,11461.849609375,11512.849609375,743400,0.0067423225064831,0.0067196947024521,0.1318042680459858,11263.557568359374,10929.05005859375,0.030951946343172,0.16483860858665,-0.0657402108145236,2,0
2020-08-27,11559.25,11559.25,11617.349609375,11540.599609375,11609.2998046875,719800,0.0008355606212675,0.0008352117348219,0.1258448633269127,11286.412548828124,10958.40205078125,0.041172168750388,-0.0317460317460317,-0.0649595801246465,2,0
2020-08-28,11647.599609375,11647.599609375,11686.0498046875,11589.400390625,11602.9501953125,807000,0.0076431956549949,0.0076141344216117,0.1261031168257095,11315.12001953125,10986.46603515625,0.0518491891809422,0.1211447624340094,-0.0578128832502106,2,0
2020-08-31,11387.5,11387.5,11794.25,11325.849609375,11777.5498046875,1371800,-0.0223307478019462,-0.0225838540823065,0.1393195328683597,11339.9150390625,11007.99203125,0.0455305380669843,0.6998760842627014,-0.0788526261365929,2,0
2020-09-01,11470.25,11470.25,11553.5498046875,11366.900390625,11464.2998046875,783800,0.0072667398463226,0.0072404643072113,0.1270254816817839,11358.6650390625,11027.97703125,0.033798246997589,-0.4286339116489284,-0.0721588878106042,2,0
2020-09-02,11535.0,11535.0,11554.75,11430.400390625,11478.5498046875,593500,0.0056450382511279,0.0056291647324288,0.1277171285559083,11380.33251953125,11052.57103515625,0.0390347015197802,-0.2427915284511355,-0.066921189241326,2,0
2020-09-03,11527.4501953125,11527.4501953125,11584.9501953125,11507.650390625,11566.2001953125,607100,-0.0006545127600779,-0.000654727047062,0.1253180445250656,11396.697509765623,11077.34203125,0.0292228044510423,0.0229149115417017,-0.067531901229126,2,0
2020-09-04,11333.849609375,11333.849609375,11452.0498046875,11303.650390625,11354.400390625,681300,-0.0167947449485598,-0.0169373758997622,0.1412954112316165,11402.6875,11096.3590234375,0.0106830098647701,0.1222203920276725,-0.0831924651206513,2,0
2020-09-07,11355.0498046875,11355.0498046875,11381.150390625,11251.7001953125,11359.599609375,560300,0.0018705202595032,0.0018687730149809,0.1404206520918955,11406.932470703125,11117.21201171875,0.0075331216638532,-0.1776016439160428,-0.0814775580525942,2,0
2020-09-08,11317.349609375,11317.349609375,11437.25,11290.4501953125,11378.5498046875,572200,-0.0033201259317187,-0.0033256497797895,0.1400607844114265,11406.674951171875,11137.51701171875,-0.0004548810443806,0.0212386221666964,-0.0845271682309694,2,0
2020-09-09,11278.0,11278.0,11298.150390625,11185.150390625,11218.599609375,728900,-0.0034769279675166,-0.0034829865290936,0.1405441572297754,11405.154931640624,11154.476015625,-0.0026883015789043,0.2738552953512758,-0.0877102013232488,2,0
2020-09-10,11449.25,11449.25,11464.0498046875,11327.400390625,11363.2998046875,679400,0.0151844298634509,0.0150703002864904,0.1504980655153805,11412.594921875,11172.42701171875,0.0131675997075959,-0.0679105501440526,-0.0738576008600998,2,0
2020-09-11,11464.4501953125,11464.4501953125,11493.5,11419.900390625,11447.7998046875,554800,0.0013276149365679,0.0013267344350831,0.1442188943521261,11426.897412109374,11189.5690234375,0.0255895114409572,-0.1833971151015602,-0.0726280403776129,2,0
2020-09-14,11440.0498046875,11440.0498046875,11568.900390625,11383.5498046875,11540.150390625,642300,-0.0021283524468515,-0.0021306206077892,0.1435023601754057,11436.544921875,11203.09701171875,0.0171555513878143,0.1577144917087238,-0.0746018147570166,2,0
2020-09-15,11521.7998046875,11521.7998046875,11535.9501953125,11442.25,11487.2001953125,506700,0.0071459479106903,0.007120536611649,0.1392247086768033,11443.367431640623,11217.54,0.0119847172018454,-0.2111163007940214,-0.0679889675286229,2,0
2020-09-16,11604.5498046875,11604.5498046875,11618.099609375,11516.75,11538.4501953125,527800,0.0071820376506051,0.0071563696439827,0.1411025167844421,11453.17490234375,11235.51599609375,0.0171934195282703,0.0416419972370238,-0.0612952292026341,2,0
2020-09-17,11516.099609375,11516.099609375,11587.2001953125,11498.5,11539.400390625,0,-0.0076220272911209,-0.0076512233913988,0.1404149283650982,11463.369873046877,11249.568984375,0.0180247352895144,-1.0,-0.0684500625839571,2,0
2020-09-18,11504.9501953125,11504.9501953125,11584.099609375,11446.099609375,11584.099609375,764200,-0.0009681588767627,-0.0009686278452831,0.1395940974936625,11470.03740234375,11264.3069921875,0.0117266339405375,,-0.0693519509250142,2,0
2020-09-21,11250.5498046875,11250.5498046875,11535.25,11218.5,11503.7998046875,602900,-0.0221122548386738,-0.0223603955336918,0.1582824527189218,11459.2423828125,11273.263984375,-0.0188288778957292,-0.2110704004187386,-0.0899306777512748,2,0
2020-09-22,11153.650390625,11153.650390625,11302.2001953125,11084.650390625,11301.75,672200,-0.0086128603263573,-0.0086501653643637,0.1604865802745262,11443.31240234375,11284.19,-0.0277713272788685,0.114944435229723,-0.0977689777111058,2,0
2020-09-23,11131.849609375,11131.849609375,11259.5498046875,11024.400390625,11258.75,714900,-0.0019545871070447,-0.0019564998051874,0.1575874590180663,11422.42490234375,11294.46298828125,-0.0361700850357535,0.0635227610830109,-0.0995324668348475,2,0
2020-09-24,10805.5498046875,10805.5498046875,11015.2998046875,10790.2001953125,11011.0,706100,-0.0293122720965164,-0.0297504608662972,0.1856038539312013,11384.739892578124,11295.77498046875,-0.0652032091452732,-0.0123094139040424,-0.1259272161810634,2,0
2020-09-25,11050.25,11050.25,11072.599609375,10854.849609375,10910.400390625,559600,0.0226457884823545,0.0223931791940379,0.2037340087154075,11354.872412109376,11298.7459765625,-0.0512852114949248,-0.2074776943775669,-0.1061331488005169,2,0
2020-09-28,11227.5498046875,11227.5498046875,11239.349609375,11099.849609375,11140.849609375,472800,0.0160448681873712,0.0159175097829387,0.199521339640715,11346.87490234375,11302.85296875,-0.0140461203347969,-0.1551107934238742,-0.0917911729959606,2,0
2020-09-29,11222.400390625,11222.400390625,11305.400390625,11181.0,11288.599609375,498300,-0.0004586409458945,-0.0004587461538228,0.1973131610258839,11334.482421875,11304.0559765625,-0.0216080390030731,0.0539340101522842,-0.0922077147514475,2,0
2020-09-30,11247.5498046875,11247.5498046875,11295.400390625,11184.5498046875,11244.4501953125,499300,0.0022410013176423,0.0022384940193966,0.196144855092531,11320.109912109376,11306.35498046875,-0.0249198262082791,0.0020068231988761,-0.0901733510440599,2,0
2020-10-01,11416.9501953125,11416.9501953125,11428.599609375,11347.0498046875,11364.4501953125,447700,0.0150610927327836,0.0149488005669281,0.2044303999958028,11314.584912109374,11310.38498046875,-0.0095858145667749,-0.1033446825555778,-0.0764703675133768,2,0
2020-10-05,11503.349609375,11503.349609375,11578.0498046875,11452.2998046875,11487.7998046875,530600,0.0075676439490797,0.0075391529809943,0.1966117476938992,11323.059912109376,11316.56896484375,0.0149552010871747,0.1851686397140943,-0.0694814240782937,2,0
2020-10-06,11662.400390625,11662.400390625,11680.2998046875,11564.2998046875,11603.4501953125,561400,0.0138264754746197,0.013731761801546,0.2019502110886045,11338.42744140625,11327.1809765625,0.027067304082684,0.0580474934036938,-0.0566156318096341,2,0
2020-10-07,11738.849609375,11738.849609375,11763.0498046875,11629.349609375,11679.25,513400,0.0065551872847253,0.0065337954785306,0.2019645943550831,11359.50244140625,11335.94697265625,0.0372437023285769,-0.0855005343783398,-0.050431570594664,2,0
2020-10-08,11834.599609375,11834.599609375,11905.7001953125,11791.150390625,11835.400390625,608800,0.0081566766068399,0.0081235907124039,0.2021183443171727,11387.332421875,11348.58197265625,0.0493526874778329,0.1858200233735878,-0.0426862479999399,2,0
2020-10-09,11914.2001953125,11914.2001953125,11938.599609375,11805.2001953125,11852.0498046875,611100,0.0067260903253916,0.0067035711010205,0.1972910286990091,11410.579931640625,11364.82296875,0.0406096639790816,0.0037779237844941,-0.036247269234248,2,0
2020-10-12,11930.9501953125,11930.9501953125,12022.0498046875,11867.2001953125,11973.5498046875,522600,0.0014058853909966,0.0014048980594053,0.1972877367573363,11433.904931640624,11381.97296875,0.0406910049808353,-0.1448208149239077,-0.0348923433495312,2,0
2020-10-13,11934.5,11934.5,11988.2001953125,11888.900390625,11934.650390625,458300,0.0002975290843887,0.0002974848313881,0.1968020822604631,11458.62744140625,11402.8309765625,0.04322098275393,-0.1230386528893991,-0.0346051957521114,2,0
2020-10-14,11971.0498046875,11971.0498046875,11997.2001953125,11822.150390625,11917.400390625,569200,0.0030625333853533,0.0030578533826602,0.1959583144104085,11481.08994140625,11420.34697265625,0.038991304103134,0.241981234998909,-0.0316486419340555,2,0
2020-10-15,11680.349609375,11680.349609375,12025.4501953125,11661.2998046875,12023.4501953125,608900,-0.0242836008583533,-0.0245833094439902,0.2160509197408456,11484.879931640626,11431.92095703125,0.0065319039483016,0.069747013352073,-0.0551636998039734,2,0
2020-10-16,11762.4501953125,11762.4501953125,11789.75,11667.849609375,11727.400390625,555800,0.007028949362235,0.0070043614485633,0.215135474385227,11497.1974609375,11443.166953125,0.0213918422290262,-0.0872064378387256,-0.0485224932942939,2,0
2020-10-19,11873.0498046875,11873.0498046875,11898.25,11820.400390625,11879.2001953125,541400,0.0094027696218492,0.0093588387501093,0.2169605160354853,11515.60244140625,11456.346953125,0.0319948894281154,-0.025908600215905,-0.0395759694983685,2,0
2020-10-20,11896.7998046875,11896.7998046875,11949.25,11837.25,11861.0,453600,0.0020003285078973,0.0019983305148122,0.1976928356889955,11547.91494140625,11468.87994140625,0.0574416371838772,-0.162172146287403,-0.0376548059304865,2,0
2020-10-21,11937.650390625,11937.650390625,12018.650390625,11775.75,11958.5498046875,623700,0.0034337457642519,0.0034278639199247,0.1930140552567059,11587.11494140625,11481.18294921875,0.0702908888608322,0.375,-0.034350357196602,2,0
2020-10-22,11896.4501953125,11896.4501953125,11939.5498046875,11823.4501953125,11890.0,544900,-0.0034512817819539,-0.0034572511936285,0.1936385927723588,11625.344970703123,11492.9439453125,0.0686858530044791,-0.1263427930094597,-0.0376830862165598,2,0
2020-10-23,11930.349609375,11930.349609375,11974.5498046875,11908.75,11957.900390625,502300,0.0028495402835257,0.002845488039808,0.1492905877651995,11681.5849609375,11505.54193359375,0.1040946388678487,-0.0781794824738484,-0.0349409254052157,2,0
2020-10-26,11767.75,11767.75,11942.849609375,11711.7001953125,11937.400390625,519800,-0.0136290733045432,-0.0137228017193982,0.1483674953298965,11717.4599609375,11517.32892578125,0.064930657677428,0.0348397372088393,-0.0480937862760827,2,0
2020-10-27,11889.400390625,11889.400390625,11899.0498046875,11723.0,11807.099609375,616300,0.0103376083469652,0.0102845406889033,0.1431932101721342,11750.552490234377,11530.17494140625,0.0589487998228408,0.1856483262793382,-0.0382533526555622,2,0
2020-10-28,11729.599609375,11729.599609375,11929.400390625,11684.849609375,11922.599609375,704000,-0.0134406089457635,-0.0135317515260312,0.1543045032802786,11775.912451171876,11537.05994140625,0.0451952524500645,0.1423008275190653,-0.0511798132474181,2,0
2020-10-29,11670.7998046875,11670.7998046875,11744.150390625,11606.4501953125,11633.2998046875,555000,-0.0050129421843609,-0.0050255491286022,0.1564265984519982,11797.074951171877,11542.3079296875,0.0376304179443247,-0.2116477272727273,-0.0559361939869633,2,0
2020-10-30,11642.400390625,11642.400390625,11748.9501953125,11535.4501953125,11678.4501953125,553700,-0.0024333734223676,-0.0024363388871728,0.1491155960716924,11808.3474609375,11548.91193359375,0.0197469719544773,-0.0023423423423423,-0.0582334537615347,2,0
2020-11-02,11669.150390625,11669.150390625,11725.650390625,11557.400390625,11697.349609375,568400,0.0022976361491175,0.0022950006194009,0.1472047149074315,11816.6375,11554.86294921875,0.0144132610830913,0.0265486725663717,-0.0560696169008677,2,0
2020-11-03,11813.5,11813.5,11836.2001953125,11723.2998046875,11734.4501953125,674300,0.0123701901631991,0.0122943045330826,0.1455985855734804,11824.19248046875,11561.8039453125,0.0129561328983751,0.1863124560168896,-0.0443930185611101,2,0
2020-11-04,11908.5,11908.5,11929.650390625,11756.400390625,11783.349609375,667300,0.008041647267956,0.0080094855297475,0.1464819248771991,11832.675,11570.5289453125,0.0144520456663412,-0.0103811359928814,-0.0367083642895822,2,0
2020-11-05,12120.2998046875,12120.2998046875,12131.099609375,12027.599609375,12062.400390625,632500,0.0177855989156905,0.0176292858444438,0.156406327764206,11846.960009765626,11581.94294921875,0.0241410951567957,-0.0521504570657874,-0.0195756456179972,2,0
2020-11-06,12263.5498046875,12263.5498046875,12280.400390625,12131.849609375,12156.650390625,576800,0.0118190145712895,0.0117497155151759,0.1597543095372968,11864.427490234377,11596.0289453125,0.0293221201295952,-0.0880632411067193,-0.0079879958875092,2,0
2020-11-09,12461.0498046875,12461.0498046875,12474.0498046875,12367.349609375,12399.400390625,553400,0.0161046355374614,0.0159763315871394,0.1678727088249184,11890.932470703125,11612.29794921875,0.0444306279631665,-0.0405686546463245,0.0,2,0
2020-11-10,12631.099609375,12631.099609375,12643.900390625,12475.25,12556.400390625,847500,0.0136465071043638,0.0135542320664769,0.1724408550759869,11925.762451171877,11637.16994140625,0.0583685625183292,0.5314419949403686,0.0,2,0
2020-11-11,12749.150390625,12749.150390625,12769.75,12571.099609375,12680.599609375,880500,0.0093460415087203,0.0093026374903675,0.1739652080630389,11964.66748046875,11662.74794921875,0.0649985254954681,0.0389380530973451,0.0,2,0
2020-11-12,12690.7998046875,12690.7998046875,12741.150390625,12624.849609375,12702.150390625,622000,-0.0045768215253314,-0.0045873272404132,0.1435001016670319,12015.189990234376,11685.8639453125,0.0865085574580304,-0.2935831913685406,-0.0045768215253314,2,0
2020-11-13,12719.9501953125,12719.9501953125,12735.9501953125,12607.7001953125,12659.7001953125,513900,0.0022969703307613,0.0022943363271255,0.1432305408284855,12063.064990234376,11709.7139453125,0.0814031076944816,-0.1737942122186495,-0.0022903640178228,2,0
2020-11-17,12874.2001953125,12874.2001953125,12934.0498046875,12797.099609375,12932.5,707700,0.0121266198083733,0.0120536814263418,0.1448992242535534,12113.122509765624,11740.52095703125,0.0843212491393528,0.3771161704611792,0.0,2,0
2020-11-18,12938.25,12938.25,12948.849609375,12819.349609375,12860.099609375,731300,0.0049750511655721,0.0049627164920273,0.1447251094264798,12165.19501953125,11772.1849609375,0.0875403648384631,0.0333474636145258,0.0,2,0
2020-11-19,12771.7001953125,12771.7001953125,12963.0,12745.75,12839.5,768800,-0.0128726686134137,-0.0129562393724881,0.1570397905635852,12206.897509765626,11801.27197265625,0.0698671662677024,0.0512785450567483,-0.0128726686134137,2,0
2020-11-20,12859.0498046875,12859.0498046875,12892.4501953125,12730.25,12813.400390625,664000,0.0068393094137191,0.0068160274319264,0.1553349958761033,12255.027490234375,11832.89296875,0.0809148606156724,-0.1363163371488033,-0.0061213993633219,2,0
2020-11-23,12926.4501953125,12926.4501953125,12968.849609375,12825.7001953125,12960.2998046875,633100,0.005241475198302,0.0052277864790618,0.1553526287549118,12304.83251953125,11862.43697265625,0.0834929921210987,-0.0465361445783132,-0.0009120093279616,2,0
2020-11-24,13055.150390625,13055.150390625,13079.099609375,12978.0,13002.599609375,571900,0.0099563448098976,0.0099071069585315,0.1416159210163881,12369.2025390625,11894.2509765625,0.1094007257653333,-0.0966671931764334,0.0,2,0
2020-11-25,12858.400390625,12858.400390625,13145.849609375,12833.650390625,13130.0,679000,-0.0150706804680923,-0.0151853972050902,0.1574407685643188,12417.6525390625,11922.61798828125,0.0815011664309053,0.1872705018359852,-0.0150706804680923,2,0
2020-11-26,12987.0,12987.0,13018.0,12790.400390625,12906.4501953125,549800,0.0100012136399767,0.0099515324761854,0.1444523221705407,12480.52255859375,11951.9219921875,0.107198918334775,-0.1902798232695139,-0.0052201919231769,2,0
2020-11-27,12968.9501953125,12968.9501953125,13035.2998046875,12914.2998046875,13012.0498046875,1162400,-0.0013898363507738,-0.0013908030691388,0.1416244012539553,12545.430078125,11979.21,0.1112306279217989,1.11422335394689,-0.0066027730614578,2,0
2020-12-01,13109.0498046875,13109.0498046875,13128.400390625,12962.7998046875,13062.2001953125,583600,0.0108026946873185,0.0107447624239941,0.1398246472060138,12618.762548828125,12011.06900390625,0.1259748303488612,-0.4979353062629044,0.0,0,0
2020-12-02,13113.75,13113.75,13128.5,12983.5498046875,13121.400390625,717700,0.0003585458429504,0.0003584815807498,0.1406592864233974,12690.992529296876,12043.245,0.1237964685531511,0.2297806716929404,0.0,0,0
2020-12-03,13133.900390625,13133.900390625,13216.599609375,13107.900390625,13215.2998046875,713700,0.00153658492994,0.0015354055912646,0.1392848457412269,12757.012548828125,12080.91201171875,0.1117704651987132,-0.0055733593423435,0.0,0,0
2020-12-04,13258.5498046875,13258.5498046875,13280.0498046875,13152.849609375,13177.400390625,640500,0.0094906623588735,0.0094459089596483,0.1397483226036646,12824.5150390625,12123.01,0.1133685858577906,-0.1025641025641025,0.0,0,0
2020-12-07,13355.75,13355.75,13366.650390625,13241.9501953125,13264.849609375,591700,0.0073311332494399,0.0073043911126538,0.1323445205203009,12886.287548828124,12167.4880078125,0.1019323131623106,-0.0761904761904761,0.0,0,0
2020-12-08,13392.9501953125,13392.9501953125,13435.4501953125,13311.0498046875,13393.849609375,543200,0.0027853318093331,0.0027814599606117,0.1299532817737315,12942.757568359377,12219.236015625,0.0920940843892776,-0.081967213114754,0.0,0,0
2020-12-09,13529.099609375,13529.099609375,13548.900390625,13449.599609375,13458.099609375,502600,0.0101657522858669,0.0101144285625281,0.1245853593588102,12996.16005859375,12268.8130078125,0.0857110613815002,-0.074742268041237,0.0,0,0
2020-12-10,13478.2998046875,13478.2998046875,13503.5498046875,13399.2998046875,13488.5,553400,-0.0037548548058806,-0.0037619219695161,0.1223207408022744,13038.520068359376,12313.8280078125,0.0670725607043503,0.1010744130521288,-0.0037548548058806,0,0
2020-12-11,13513.849609375,13513.849609375,13579.349609375,13402.849609375,13512.2998046875,787700,0.0026375585350264,0.0026340862816878,0.1202135595999263,13076.755029296875,12359.6569921875,0.0599804061698352,0.4233827249728947,-0.0011271999201951,1,1
2020-12-14,13558.150390625,13558.150390625,13597.5,13472.4501953125,13571.4501953125,558400,0.0032781762806703,0.0032728147749187,0.1169017880118176,13120.12255859375,12405.86900390625,0.0683448324208166,-0.2911006728449917,0.0,1,1
2020-12-15,13567.849609375,13567.849609375,13589.650390625,13447.0498046875,13547.2001953125,497600,0.0007153791977927,0.0007151234360649,0.1172169394176144,13162.517529296874,12448.8869921875,0.0666590199680943,-0.1088825214899713,0.0,1,1
2020-12-16,13682.7001953125,13682.7001953125,13692.349609375,13606.4501953125,13663.099609375,462200,0.008464907059269,0.0084292806418641,0.1142657938924435,13202.942529296875,12492.47400390625,0.0628000176892056,-0.0711414790996785,0.0,1,1
2020-12-17,13740.7001953125,13740.7001953125,13773.25,13673.5498046875,13713.5498046875,416000,0.0042389293905504,0.0042299704380164,0.1141322426120399,13243.0650390625,12534.04,0.0620215404179467,-0.0999567286888792,0.0,1,1
2020-12-18,13760.5498046875,13760.5498046875,13772.849609375,13658.599609375,13764.400390625,519400,0.0014445849987885,0.0014435425896574,0.0976762169558011,13292.50751953125,12574.47400390625,0.077425056511891,0.2485576923076922,0.0,1,1
2020-12-21,13328.400390625,13328.400390625,13777.5,13131.4501953125,13741.900390625,687300,-0.0314049525779333,-0.0319086621563026,0.1589473115779557,13315.975048828124,12604.35001953125,0.0364996320152992,0.3232576049287639,-0.0314049525779333,0,0
2020-12-22,13466.2998046875,13466.2998046875,13492.0498046875,13192.900390625,13373.650390625,696200,0.0103462838766079,0.0102931274150866,0.1613974009169277,13342.967529296877,12635.39201171875,0.0417631755987242,0.0129492215917357,-0.0213835932558279,0,0
2020-12-23,13601.099609375,13601.099609375,13619.4501953125,13432.2001953125,13473.5,458700,0.0100101591857162,0.0099603894022997,0.1614319298003801,13370.264990234376,12668.795,0.0418186847653665,-0.3411376041367423,-0.0115874872425651,0,0
2020-12-24,13749.25,13749.25,13771.75,13626.900390625,13672.150390625,471400,0.0108925303747413,0.010833634066335,0.1506511419809164,13414.807470703125,12705.09,0.0692815266527642,0.0276869413560061,-0.0008211739245804,0,0
2020-12-28,13873.2001953125,13873.2001953125,13885.2998046875,13811.5498046875,13815.150390625,403600,0.0090150513891666,0.0089746583951646,0.1501223134163035,13459.11748046875,12743.1330078125,0.0682374832765457,-0.1438268985999151,0.0,0,0
2020-12-29,13932.599609375,13932.599609375,13967.599609375,13859.900390625,13910.349609375,439600,0.0042815942411449,0.0042724542962582,0.1491176348848935,13507.299951171875,12788.1780078125,0.0743043499705011,0.089197224975223,0.0,0,0
2020-12-30,13981.9501953125,13981.9501953125,13997.0,13864.9501953125,13980.900390625,380700,0.0035420946069744,0.0035358361641822,0.1467020249424716,13550.944970703124,12832.5680078125,0.0665876172285859,-0.1339854413102821,0.0,0,1
2020-12-31,13981.75,13981.75,14024.849609375,13936.4501953125,13970.0,452400,-1.4318125132972703e-05,-1.4318227638304822e-05,0.146804511800375,13594.344970703123,12874.74201171875,0.0661900676770566,0.1883372734436563,-1.4318125132972703e-05,2,0
2021-01-01,14018.5,14018.5,14049.849609375,13991.349609375,13996.099609375,358100,0.0026284263414808,0.0026249780699946,0.1466911038122638,13638.574951171877,12917.176015625,0.0673523921352736,-0.2084438549955791,0.0,0,1
2021-01-04,14132.900390625,14132.900390625,14147.9501953125,13953.75,14104.349609375,495000,0.0081606727271106,0.0081275544934744,0.1460267736104713,13682.29248046875,12961.081015625,0.0659461704950852,0.3822954481988272,0.0,2,0
2021-01-05,14199.5,14199.5,14215.599609375,14048.150390625,14075.150390625,492500,0.0047123808655142,0.0047013123578649,0.1453454997266563,13724.47998046875,13007.14201171875,0.0631750369690957,-0.005050505050505,0.0,0,1
2021-01-06,14146.25,14146.25,14244.150390625,14039.900390625,14240.9501953125,632300,-0.0037501320469031,-0.0037571814216639,0.1473527821198478,13762.144970703124,13051.46001953125,0.0562459946241831,0.2838578680203045,-0.0037501320469031,2,0
2021-01-07,14137.349609375,14137.349609375,14256.25,14123.099609375,14253.75,559200,-0.000629169612088,-0.0006293676223474,0.1451360142210411,13792.557470703125,13098.85201171875,0.0449586459972926,-0.1156096789498656,-0.0043769421898658,0,1
2021-01-08,14347.25,14347.25,14367.2998046875,14221.650390625,14258.400390625,613500,0.014847223590326,0.0147380825344641,0.1498386997986206,13836.00498046875,13148.00900390625,0.0644703121242558,0.0971030042918454,0.0,2,0
2021-01-11,14484.75,14484.75,14498.2001953125,14383.099609375,14474.0498046875,672900,0.0095837181341371,0.0095380856285503,0.1515338922079235,13884.55,13203.11201171875,0.0718448420464479,0.0968215158924206,0.0,0,1
2021-01-12,14563.4501953125,14563.4501953125,14590.650390625,14432.849609375,14473.7998046875,929600,0.0054333140242324,0.0054186068221036,0.1516883832927421,13934.814990234376,13260.96501953125,0.0741472675640646,0.3814831327091692,0.0,2,0
2021-01-13,14564.849609375,14564.849609375,14653.349609375,14435.7001953125,14639.7998046875,874000,9.609083312889231e-05,9.608621670051524e-05,0.1518590717934282,13984.664990234374,13319.41400390625,0.0734825361943207,-0.0598106712564543,0.0,0,1
2021-01-14,14595.599609375,14595.599609375,14617.7998046875,14471.5,14550.0498046875,620200,0.002111247340323,0.0021090217895653,0.1508167616987097,14030.3099609375,13377.94298828125,0.0667192440842376,-0.2903890160183067,0.0,2,0
2021-01-15,14433.7001953125,14433.7001953125,14617.4501953125,14357.849609375,14594.349609375,789600,-0.0110923441582015,-0.0111543229606527,0.1591210043783351,14064.9599609375,13430.3469921875,0.0504341110823747,0.2731376975169299,-0.0110923441582015,0,1
2021-01-18,14281.2998046875,14281.2998046875,14459.150390625,14222.7998046875,14453.2998046875,762000,-0.0105586501425666,-0.010614788200058,0.1657611522841334,14090.9974609375,13477.80298828125,0.037843691377986,-0.0349544072948327,-0.0215338741195407,2,0
2021-01-19,14521.150390625,14521.150390625,14546.0498046875,14350.849609375,14371.650390625,546100,0.0167947308170628,0.0166552587564137,0.1170268584339838,14150.6349609375,13525.82,0.0894893584408644,-0.2833333333333333,-0.005100798921764,0,1
2021-01-20,14644.7001953125,14644.7001953125,14666.4501953125,14517.5498046875,14538.2998046875,623100,0.008508265623863,0.0084722743367609,0.1159607143161228,14209.55498046875,13573.4430078125,0.087507363397242,0.1409998168833546,0.0,2,0
2021-01-21,14590.349609375,14590.349609375,14753.5498046875,14517.25,14730.9501953125,704600,-0.0037112802046228,-0.0037181840918013,0.1170993182610879,14259.01748046875,13616.02900390625,0.072733089853862,0.1307976247793292,-0.0037112802046228,0,1
2021-01-22,14371.900390625,14371.900390625,14619.900390625,14357.75,14583.400390625,776800,-0.0149721716475961,-0.015085386074712,0.1309272503196845,14290.15,13650.84501953125,0.0452861349255413,0.1024694862333239,-0.018627885927963,2,0
2021-01-25,14238.900390625,14238.900390625,14491.099609375,14218.599609375,14477.7998046875,618600,-0.0092541693433081,-0.0092972551902512,0.1344324167047917,14308.435009765624,13680.64001953125,0.0263601901626175,-0.2036560247167868,-0.027709669660386,0,1
2021-01-27,13967.5,13967.5,14237.9501953125,13929.2998046875,14237.9501953125,660700,-0.0190604880418779,-0.0192444808915834,0.1522720348527199,14310.180029296876,13706.1740234375,0.0025049446337004,0.0680569026834787,-0.0462419978750578,2,0
2021-01-28,13817.5498046875,13817.5498046875,13898.25,13713.25,13810.400390625,637900,-0.0107356502819043,-0.0107936931679345,0.1564530011973261,14301.960009765626,13728.126015625,-0.0117580443592278,-0.0345088542454972,-0.056481210239439,0,1
2021-01-29,13634.599609375,13634.599609375,13966.849609375,13596.75,13946.599609375,753200,-0.0132404223540728,-0.013328858232496,0.1628109930264848,14284.602490234374,13743.33400390625,-0.0248288226169828,0.1807493337513717,-0.0689737975148726,0,1
2021-02-01,14281.2001953125,14281.2001953125,14336.349609375,13661.75,13758.599609375,870500,0.0474235111013383,0.0463333497197178,0.2346906802722305,14297.7375,13770.1930078125,0.0187395367059599,0.1557355284121082,-0.0248212660656822,1,0
2021-02-02,14647.849609375,14647.849609375,14731.7001953125,14469.150390625,14481.099609375,915000,0.0256735714819573,0.0253495396757428,0.2492101712282673,14323.4849609375,13807.71599609375,0.0364362023729814,0.0511200459506031,0.0,1,0
2021-02-03,14789.9501953125,14789.9501953125,14868.849609375,14574.150390625,14754.900390625,869500,0.0097011226717231,0.009654368913945,0.2505941084566817,14353.007470703124,13846.33400390625,0.0415824638411563,-0.0497267759562841,0.0,1,0
2021-02-04,14895.650390625,14895.650390625,14913.7001953125,14714.75,14789.0498046875,884700,0.0071467580293813,0.0071213409820254,0.2502328767432115,14390.477490234374,13885.7180078125,0.0529751977114076,0.0174813110983322,0.0,1,0
2021-02-05,14924.25,14924.25,15014.650390625,14864.75,14952.599609375,935600,0.0019199973566108,0.0019181565175802,0.2499626391765848,14429.822509765623,13923.1,0.0556610971906061,0.057533627218266,0.0,1,0
2021-02-08,15115.7998046875,15115.7998046875,15159.900390625,15041.0498046875,15064.2998046875,671200,0.0128348027329681,0.0127531347053858,0.2487922024324894,14468.25,13968.24798828125,0.0535677432739722,-0.2825994014536126,0.0,1,0
2021-02-09,15109.2998046875,15109.2998046875,15257.099609375,15064.2998046875,15164.150390625,713300,-0.0004300136336804,-0.0004301061160564,0.2476235089747609,14499.477490234374,14010.693984375,0.043117748299936,0.0627234803337306,-0.0004300136336804,1,0
2021-02-10,15106.5,15106.5,15168.25,14977.2001953125,15119.0498046875,624800,-0.0001853034041081,-0.0001853205749051,0.2474295205277014,14526.62998046875,14053.44498046875,0.0372885406551732,-0.1240712182812281,-0.0006152373547985,1,0
2021-02-11,15173.2998046875,15173.2998046875,15188.5,15065.400390625,15073.25,500100,0.0044219246475027,0.0044121766647079,0.2475025548883601,14557.052490234377,14094.72998046875,0.0417752473682155,-0.1995838668373879,0.0,1,0
2021-02-12,15163.2998046875,15163.2998046875,15243.5,15081.0,15186.2001953125,571800,-0.0006590524229219,-0.000659269693437,0.2476882496226171,14585.4375,14135.7209765625,0.0388952979326628,0.143371325734853,-0.0006590524229219,1,0
2021-02-15,15314.7001953125,15314.7001953125,15340.150390625,15243.400390625,15270.2998046875,456000,0.0099846598415338,0.0099351424621159,0.2442256579148481,14629.4875,14179.33697265625,0.0610377095324534,-0.2025183630640084,0.0,1,0
2021-02-16,15313.4501953125,15313.4501953125,15431.75,15242.2001953125,15371.4501953125,648500,-8.162092525865194e-05,-8.162425642763527e-05,0.2392709157043221,14681.09501953125,14220.43498046875,0.0722728606457949,0.4221491228070175,-8.162092525865194e-05,1,0
2021-02-17,15208.900390625,15208.900390625,15314.2998046875,15170.75,15279.900390625,504800,-0.0068273186874309,-0.0068507314527851,0.2366494549467831,14715.48251953125,14257.49798828125,0.0473619500865454,-0.2215882806476484,-0.0069083823606213,1,0
2021-02-18,15118.9501953125,15118.9501953125,15250.75,15078.0498046875,15238.7001953125,770600,-0.0059143128695843,-0.00593187168439,0.2372005336578468,14739.19501953125,14292.01798828125,0.0323837288353501,0.5265451664025356,-0.0127818368955021,1,0
2021-02-19,14981.75,14981.75,15144.0498046875,14898.2001953125,15074.7998046875,712200,-0.0090747170630297,-0.0091161431181845,0.2395658652436659,14758.7650390625,14321.07099609375,0.0268259775196548,-0.0757851025175188,-0.0217405624051595,1,0
2021-02-22,14675.7001953125,14675.7001953125,15010.099609375,14635.0498046875,14999.0498046875,609900,-0.0204281745915864,-0.0206397156403059,0.2453531276505585,14773.955029296874,14345.01900390625,0.0211384574364064,-0.1436394271272114,-0.041724616992214,1,0
2021-02-23,14707.7998046875,14707.7998046875,14854.5,14651.849609375,14782.25,744100,0.0021872625461001,0.0021848739697056,0.2422994564870376,14797.4,14368.8980078125,0.0329308725532786,0.220036071487129,-0.0396286171381115,1,0
2021-02-24,14982.0,14982.0,15008.7998046875,14504.5,14729.150390625,403800,0.0186431824578623,0.0184715285005202,0.2361318700253403,14848.125,14397.375,0.0726328977984607,-0.4573310038973256,-0.0217242382201078,1,0
2021-02-25,15097.349609375,15097.349609375,15176.5,15065.349609375,15079.849609375,803900,0.0076992130139501,0.0076697253313536,0.2303261893674704,14912.114990234377,14427.965,0.0926213274261793,0.990837048043586,-0.01419228474378,0,1
2021-02-26,14529.150390625,14529.150390625,14919.4501953125,14467.75,14888.599609375,1103600,-0.0376356932475859,-0.0383622027563036,0.2697000840448854,14956.842529296877,14444.89400390625,0.0656088779192984,0.3728075631297425,-0.0512938415162668,1,2
2021-03-01,14761.5498046875,14761.5498046875,14806.7998046875,14638.5498046875,14702.5,507300,0.0159953891187234,0.0158688108770191,0.2226143285412993,14980.860009765624,14465.31099609375,0.0336351008882758,-0.5403225806451613,-0.0361189173519901,1,2
2021-03-02,14919.099609375,14919.099609375,14959.099609375,14760.7998046875,14865.2998046875,621700,0.0106729853417877,0.0106164310797289,0.2074406246774059,14994.422509765624,14488.4819921875,0.0185180765254713,0.2255075891977134,-0.0258314286856614,1,2
2021-03-03,15245.599609375,15245.599609375,15273.150390625,14995.7998046875,15064.400390625,544200,0.0218846987116321,0.0216486661523929,0.2182293998027235,15017.20498046875,14526.8259765625,0.0308080424913745,-0.124658195271031,-0.004512043008106,1,2
2021-03-04,15080.75,15080.75,15202.349609375,14980.2001953125,15026.75,534900,-0.0108129305241382,-0.0108718151187931,0.2214238715024651,15026.4599609375,14559.11498046875,0.0124264200972048,-0.0170893054024255,-0.0152761851246756,1,2
2021-03-05,14938.099609375,14938.099609375,15092.349609375,14862.099609375,14977.9501953125,640700,-0.0094591045289524,-0.0095041259916074,0.2242283318347269,15027.15244140625,14585.85498046875,0.0009279936596477,0.1977939801832118,-0.0245907906217301,1,2
2021-03-08,14956.2001953125,14956.2001953125,15111.150390625,14919.900390625,15002.4501953125,0,0.0012117060677612,0.0012109725444472,0.2192407237404923,15019.1724609375,14609.993984375,-0.0105584627632807,-1.0,-0.0234088813641764,1,2
2021-03-09,15098.400390625,15098.400390625,15126.849609375,14925.4501953125,15049.900390625,675300,0.0095077756017913,0.0094628611698101,0.2220947391362207,15018.627490234376,14634.49798828125,-0.0007213712219223,,-0.0141236721534845,1,2
2021-03-10,15174.7998046875,15174.7998046875,15218.4501953125,15100.849609375,15202.150390625,404600,0.0050600998838219,0.0050473406024625,0.2228235976278976,15022.04248046875,14659.3419921875,0.004521219652964,-0.40085887753591,-0.0091350394614855,1,2
2021-03-12,15030.9501953125,15030.9501953125,15336.2998046875,14953.599609375,15321.150390625,493200,-0.0094795062357636,-0.009524722735275,0.224833207595598,15014.925,14680.3219921875,-0.0093815854960582,0.2189817103311913,-0.0185279500337101,1,2
2021-03-15,14929.5,14929.5,15048.400390625,14745.849609375,15048.400390625,467500,-0.006749419963093,-0.0067723003088356,0.2259453561082579,15003.235009765624,14699.2769921875,-0.0154187945697166,-0.0521086780210867,-0.0251523170809704,1,2
2021-03-16,14910.4501953125,14910.4501953125,15051.599609375,14890.650390625,14996.099609375,100,-0.0012759841044576,-0.00127679886533,0.2223720353328324,14983.022509765626,14717.11599609375,-0.0263962072286424,-0.9997860962566844,-0.0263962072286424,1,2
2021-03-17,14721.2998046875,14721.2998046875,14956.5498046875,14696.0498046875,14946.5498046875,100,-0.0126857598628687,-0.0127669111555391,0.2259519004650234,14953.414990234374,14728.883984375,-0.0386686463907565,0.0,-0.0387471111453182,1,2
2021-03-18,14557.849609375,14557.849609375,14875.2001953125,14478.599609375,14855.5,542200,-0.0111029730717429,-0.0111650711539744,0.227699699610444,14920.862451171875,14736.0509765625,-0.042807222384816,5421.0,-0.0494198760854068,1,2
2021-03-19,14744.0,14744.0,14788.25,14350.099609375,14471.150390625,919200,0.0127869428260285,0.0127058801702749,0.2331797386809853,14902.11494140625,14748.0059765625,-0.0248000152437005,0.6953153817779416,-0.0372648623893517,1,2
2021-03-22,14736.400390625,14736.400390625,14763.900390625,14597.849609375,14736.2998046875,459000,-0.0005154374236977,-0.0005155703072306,0.2313255339741641,14889.8474609375,14759.9869921875,-0.0163765654462929,-0.5006527415143602,-0.0377610921083851,1,2
2021-03-23,14814.75,14814.75,14878.599609375,14707.0,14768.5498046875,474200,0.0053167399974314,0.0053026560337911,0.2199004271524419,14896.799951171875,14769.3369921875,0.0094748327396272,0.033115468409586,-0.0326451180197131,1,2
2021-03-24,14549.400390625,14549.400390625,14752.349609375,14535.0,14712.4501953125,456400,-0.0179111769942118,-0.0180735235920704,0.229361164179724,14888.87998046875,14770.63,-0.0107697559231134,-0.0375369042598059,-0.0499715825270768,1,2
2021-03-25,14324.900390625,14324.900390625,14575.599609375,14264.400390625,14570.900390625,606800,-0.0154301891468089,-0.0155504734594161,0.2236788695501521,14856.025,14765.85900390625,-0.0438592717511012,0.3295354951796669,-0.0646307007035277,1,2
2021-03-26,14507.2998046875,14507.2998046875,14572.900390625,14414.25,14506.2998046875,481000,0.0127330319296232,0.0126526485091806,0.2272779659728849,14826.522509765626,14764.7080078125,-0.0390830059549721,-0.2073170731707316,-0.0527206135495964,2,1
2021-03-30,14845.099609375,14845.099609375,14876.2998046875,14617.599609375,14628.5,594500,0.0232848158675504,0.0230178606027013,0.1997765157699189,14842.319970703124,14769.6980078125,0.0217458839818924,0.2359667359667359,-0.0306633874609726,2,1
2021-03-31,14690.7001953125,14690.7001953125,14813.75,14670.25,14811.849609375,463900,-0.0104006990943323,-0.0104551643454305,0.1957347717929265,14838.777490234375,14774.8380078125,-0.0047996050761893,-0.2196804037005887,-0.0407451658891104,2,1
2021-04-01,14867.349609375,14867.349609375,14883.2001953125,14692.4501953125,14798.400390625,445000,0.0120245741669184,0.0119528533440868,0.1967726834652205,14836.189990234376,14786.55900390625,-0.0034687079887502,-0.0407415391248113,-0.0292105349913689,2,1
2021-04-05,14637.7998046875,14637.7998046875,14849.849609375,14459.5,14837.7001953125,509700,-0.015439860548026,-0.0155602964791876,0.1860784775599109,14805.8,14788.8919921875,-0.0398672285945214,0.1453932584269663,-0.044199388952595,2,1
2021-04-06,14683.5,14683.5,14779.099609375,14573.900390625,14737.0,475300,0.0031220672452334,0.0031172037135109,0.183878994868647,14785.9375,14789.66798828125,-0.0263415281070238,-0.0674906807926231,-0.0412153151718697,2,1
2021-04-07,14819.0498046875,14819.0498046875,14879.7998046875,14649.849609375,14716.4501953125,0,0.0092314369658119,0.0091890876818974,0.1848336809375327,14779.985009765624,14794.2419921875,-0.0079695414946079,-1.0,-0.032364354790093,2,1
2021-04-08,14873.7998046875,14873.7998046875,14984.150390625,14821.099609375,14875.650390625,514800,0.0036945688638336,0.0036877607079367,0.1853284378482684,14775.864990234377,14804.27998046875,-0.0055094468881758,,-0.0287893582637648,2,1
2021-04-09,14834.849609375,14834.849609375,14918.4501953125,14785.650390625,14882.650390625,504100,-0.0026187118170183,-0.0026221466406612,0.1818371755412891,14762.687451171874,14816.19896484375,-0.0174555432649438,-0.0207847707847708,-0.0313326790480934,2,1
2021-04-12,14310.7998046875,14310.7998046875,14652.5,14248.7001953125,14644.650390625,650200,-0.0353255893040076,-0.0359646328172392,0.2186523970893562,14719.487451171875,14823.0649609375,-0.0569365007196411,0.2898234477286252,-0.0655514230002538,2,1
2021-04-13,14504.7998046875,14504.7998046875,14528.900390625,14274.900390625,14364.900390625,605100,0.0135561955060299,0.0134651323447003,0.2246048801308106,14693.179931640623,14836.8099609375,-0.0350044663702686,-0.0693632728391264,-0.0528838554001137,2,1
2021-04-15,14581.4501953125,14581.4501953125,14597.5498046875,14353.2001953125,14522.400390625,568000,0.0052844845607746,0.005270570669209,0.2251231712708927,14675.77744140625,14855.74697265625,-0.0233128908997287,-0.0613121798049909,-0.0478788347567151,2,1
2021-04-16,14617.849609375,14617.849609375,14697.7001953125,14559.0,14599.599609375,577200,0.0024962821650071,0.0024931716281266,0.2254989721368809,14661.147412109374,14862.4799609375,-0.0196238599173542,0.0161971830985916,-0.0455020716729923,2,1
2021-04-19,14359.4501953125,14359.4501953125,14382.2998046875,14191.400390625,14306.599609375,512300,-0.0176769785548196,-0.0178350823088299,0.2296880361154854,14643.054931640623,14856.71197265625,-0.0245800040876676,-0.1124393624393624,-0.0623747110826486,2,1
2021-04-20,14296.400390625,14296.400390625,14526.9501953125,14207.2998046875,14526.7001953125,467400,-0.004390823034999,-0.004400491009083,0.2270528512700696,14629.982470703126,14846.8409765625,-0.0179593295552134,-0.0876439586179972,-0.0664916577994245,2,1
2021-04-22,14406.150390625,14406.150390625,14424.75,14151.400390625,14219.150390625,524600,0.0076767575754221,0.0076474412128004,0.223716160731636,14613.089990234375,14837.0509765625,-0.0229143793661829,0.1223791185280274,-0.0593253405617164,2,1
2021-04-23,14341.349609375,14341.349609375,14461.150390625,14273.2998046875,14326.349609375,498100,-0.0044981330537942,-0.0045082800942043,0.2240125761499127,14593.337451171876,14825.39296875,-0.026807820823145,-0.0505146778497903,-0.0635566203402023,2,1
2021-04-26,14485.0,14485.0,14557.5,14421.2998046875,14449.4501953125,452700,0.0100165182871698,0.0099666854592029,0.2264505732954563,14576.849951171876,14812.77697265625,-0.0222582223797228,-0.0911463561533828,-0.054176718102941,2,1
2021-04-27,14653.0498046875,14653.0498046875,14667.5498046875,14484.849609375,14493.7998046875,451800,0.011601643402658,0.0115348603701411,0.2213926817635635,14582.032421875,14803.65197265625,0.007123964650068,-0.0019880715705765,-0.0432036136644397,2,1
2021-04-28,14864.5498046875,14864.5498046875,14890.25,14694.9501953125,14710.5,457000,0.014433855260107,0.0143306788088347,0.2183067449930983,14609.014892578123,14798.81296875,0.037672123320011,0.011509517485613,-0.0293933531106787,2,1
2021-04-29,14894.900390625,14894.900390625,15044.349609375,14814.4501953125,14979.0,517500,0.0020418099664161,0.0020397283055356,0.2145589921344474,14628.394921875,14793.24498046875,0.0267176243102289,0.1323851203501094,-0.0274115587855903,2,0
2021-04-30,14631.099609375,14631.099609375,14855.4501953125,14601.7001953125,14747.349609375,613900,-0.0177108120451774,-0.0178695252286074,0.2087219573325475,14617.694921875,14782.6009765625,-0.0144155314299713,0.186280193236715,-0.0446368898652508,2,0
2021-05-03,14634.150390625,14634.150390625,14673.849609375,14416.25,14481.0498046875,448900,0.0002085134632017,0.0002084917272909,0.2055373157136497,14614.867431640623,14768.98998046875,-0.0038493607476615,-0.2687734158657762,-0.0444376837945414,2,0
2021-05-04,14496.5,14496.5,14723.400390625,14461.5,14687.25,503400,-0.0094061074234402,-0.0094506242249991,0.2027855442743306,14596.324951171877,14752.6509765625,-0.0249438951204289,0.1214078859434173,-0.0534258055905615,2,0
2021-05-05,14617.849609375,14617.849609375,14637.900390625,14506.599609375,14604.150390625,455900,0.0083709591539336,0.0083361169819181,0.198126844984507,14595.32744140625,14740.8299609375,-0.0013629230880799,-0.0943583631307111,-0.0455020716729923,2,0
2021-05-06,14724.7998046875,14724.7998046875,14743.900390625,14611.5,14668.349609375,467800,0.0073164109749706,0.0072897758768407,0.199564992768351,14597.392431640625,14732.946953125,0.0028126675988353,0.0261022153981136,-0.038518572554594,2,0
2021-05-07,14823.150390625,14823.150390625,14863.0498046875,14765.5,14816.849609375,488000,0.0066792477481554,0.0066570404036404,0.198240277318444,14597.5974609375,14729.7749609375,0.0002767104498293,0.0431808465156049,-0.0320965998954358,2,0
2021-05-10,14942.349609375,14942.349609375,14966.900390625,14892.5,14928.25,522000,0.0080414227481215,0.0080092628009941,0.1998891507136348,14601.024951171876,14735.10794921875,0.0046087620909014,0.069672131147541,-0.0243132794758508,2,0
2021-05-11,14850.75,14850.75,14900.0,14771.400390625,14789.7001953125,647400,-0.0061302011912188,-0.0061490680190265,0.2009458477250644,14601.819970703124,14737.966953125,0.0010718268835669,0.2402298850574713,-0.0302944353722643,2,0
2021-05-12,14696.5,14696.5,14824.0498046875,14649.7001953125,14823.5498046875,643800,-0.0103866808073666,-0.0104409988264523,0.1555684146794212,14621.10498046875,14732.256953125,0.0269516868781969,-0.005560704355885,-0.04036645754918,2,0
2021-05-14,14677.7998046875,14677.7998046875,14749.650390625,14591.900390625,14749.400390625,620700,-0.0012724250884564,-0.0012732353086285,0.1489768821376242,14629.75498046875,14723.86595703125,0.0119270863665481,-0.0358807082945014,-0.0415875193443187,2,0
2021-05-17,14923.150390625,14923.150390625,14938.0,14725.349609375,14756.25,546400,0.0167157604819725,0.0165775897839959,0.158770329145187,14646.839990234375,14731.74595703125,0.0234338965422209,-0.119703560496214,-0.0255669258747451,2,0
2021-05-18,15108.099609375,15108.099609375,15137.25,15043.7001953125,15067.2001953125,583900,0.012393443335275,0.012317273309973,0.1636214435905073,14671.352490234374,14738.676953125,0.0335377646576404,0.0686310395314788,-0.0134903447865558,2,0
2021-05-19,15030.150390625,15030.150390625,15133.400390625,15008.849609375,15058.599609375,569100,-0.0051594324081388,-0.0051727882383341,0.1491564993007741,14704.8875,14740.89796875,0.0467079300523249,-0.0253468059599246,-0.018580174672606,2,0
2021-05-20,14906.0498046875,14906.0498046875,15069.7998046875,14884.900390625,15042.599609375,480300,-0.0082567760609306,-0.0082910520395041,0.1520791902805047,14735.369970703125,14734.10697265625,0.0426435604351347,-0.1560358460727464,-0.026683538392092,2,0
2021-05-21,15175.2998046875,15175.2998046875,15190.0,14985.849609375,14987.7998046875,572900,0.0180631356749747,0.0179019355322992,0.1611374657550503,14773.82744140625,14735.99796875,0.0533903501773127,0.1927961690610036,-0.0091023910913821,2,0
2021-05-24,15197.7001953125,15197.7001953125,15256.25,15145.4501953125,15211.349609375,579800,0.0014761086049899,0.0014750202275935,0.1590222037392056,14816.644970703124,14741.18998046875,0.0597119942866255,0.0120439867341595,-0.0076397186042082,2,0
2021-05-25,15208.4501953125,15208.4501953125,15293.849609375,15163.400390625,15291.75,441500,0.0007073438653115,0.0007070938155468,0.1569477987508328,14852.81748046875,14746.23498046875,0.0499447839359683,-0.2385305277681959,-0.0069377786469839,2,0
2021-05-26,15301.4501953125,15301.4501953125,15319.900390625,15194.9501953125,15257.0498046875,384000,0.0061150215048646,0.0060964006336564,0.1539246049899016,14885.2375,14750.2959765625,0.0442502004202276,-0.1302378255945639,-0.0008651818077415,2,0
2021-05-27,15337.849609375,15337.849609375,15384.5498046875,15272.5,15323.9501953125,0,0.0023788211965458,0.0023759962804964,0.1470904098114784,14908.902490234375,14753.55697265625,0.0318408435442993,-1.0,0.0,2,0
2021-05-28,15435.650390625,15435.650390625,15469.650390625,15394.75,15421.2001953125,468100,0.006376433707514,0.0063561902625193,0.148069077863353,14935.939990234376,14761.6509765625,0.0363043716855169,,0.0,1,1
2021-05-31,15582.7998046875,15582.7998046875,15606.349609375,15374.0,15437.75,436000,0.0095330880357249,0.0094879348910911,0.1307400188733644,14983.525,14774.71697265625,0.0650463889059089,-0.0685750907925657,0.0,2,0
2021-06-01,15574.849609375,15574.849609375,15660.75,15528.2998046875,15629.650390625,409600,-0.0005101904286871,-0.0005103206201074,0.1309792631917525,15030.5599609375,14788.0049609375,0.0642810954951396,-0.0605504587155962,-0.0005101904286871,1,1
2021-06-02,15576.2001953125,15576.2001953125,15597.4501953125,15459.849609375,15520.349609375,428600,8.67158252806366e-05,8.67120656808025e-05,0.1229743745920975,15084.544970703126,14805.10296875,0.0744800603809541,0.04638671875,-0.0004235188449905,2,0
2021-06-03,15690.349609375,15690.349609375,15705.099609375,15611.0,15655.5498046875,410200,0.0073284506253876,0.0073017280086002,0.1224989895439144,15138.169970703126,14827.75296875,0.0733692046819365,-0.0429304713019131,0.0,1,1
2021-06-04,15670.25,15670.25,15733.599609375,15622.349609375,15712.5,414200,-0.0012810173052479,-0.0012818385093088,0.122797337413977,15185.44248046875,14846.27796875,0.0642080169410197,0.0097513408093612,-0.0012810173052479,2,0
2021-06-07,15751.650390625,15751.650390625,15773.4501953125,15678.099609375,15725.099609375,394000,0.0051945814919991,0.0051811361952536,0.1223430640125317,15231.86748046875,14866.58296875,0.0626385063587586,-0.048768710767745,0.0,1,1
2021-06-08,15740.099609375,15740.099609375,15778.7998046875,15680.0,15773.900390625,378200,-0.0007333060957773,-0.0007335750962069,0.1215646499387296,15271.75498046875,14885.0899609375,0.0533885246199488,-0.0401015228426395,-0.0007333060957773,2,0
2021-06-09,15635.349609375,15635.349609375,15800.4501953125,15566.900390625,15766.2998046875,457900,-0.0066549769442125,-0.0066772200430738,0.1220821900352335,15310.9849609375,14906.8089453125,0.0528323222312003,0.2107350608143838,-0.0073834029048295,1,1
2021-06-10,15737.75,15737.75,15751.25,15648.5,15692.099609375,298300,0.006549286916079,0.0065279335188341,0.1125776203360434,15363.0474609375,14935.0659375,0.0708502024291497,-0.3485477178423236,-0.0008824720127913,2,0
2021-06-11,15799.349609375,15799.349609375,15835.5498046875,15749.7998046875,15796.4501953125,363000,0.0039141306333496,0.0039064903542531,0.1112050515483105,15419.124951171874,14960.90693359375,0.0764113027573329,0.216895742541066,0.0,1,1
2021-06-14,15811.849609375,15811.849609375,15823.0498046875,15606.5,15791.400390625,392900,0.0007911718082738,0.0007908589968395,0.1005305231264092,15463.559912109376,14980.24193359375,0.0595517163258165,0.0823691460055096,0.0,2,0
2021-06-15,15869.25,15869.25,15901.599609375,15842.400390625,15866.9501953125,323300,0.0036302135450976,0.0036236402234769,0.0942612859936938,15501.617431640623,15003.8129296875,0.050380286753781,-0.1771443115296512,0.0,1,1
2021-06-16,15767.5498046875,15767.5498046875,15880.849609375,15742.599609375,15847.5,340200,-0.0064086327528081,-0.0064292561989679,0.0957047492572314,15538.48740234375,15021.81693359375,0.0490613463536897,0.0522734302505412,-0.0064086327528081,2,0
2021-06-17,15691.400390625,15691.400390625,15769.349609375,15616.75,15648.2998046875,357600,-0.0048295020472909,-0.0048412017767477,0.0912769228617788,15577.754931640626,15042.8889453125,0.052686700784438,0.0511463844797177,-0.011207184295099,1,1
2021-06-18,15683.349609375,15683.349609375,15761.5,15450.900390625,15756.5,640800,-0.0005130696464038,-0.0005132013116724,0.0715094059471682,15603.157421875,15062.8859375,0.0334787326264598,0.7919463087248322,-0.0117145038754193,2,0
2021-06-21,15746.5,15746.5,15765.150390625,15505.650390625,15525.849609375,351500,0.0040265882096546,0.0040185031994205,0.0719967847929585,15630.597412109377,15081.43494140625,0.0361107139655754,-0.4514669163545568,-0.0077350851489516,1,1
2021-06-22,15772.75,15772.75,15895.75,15752.099609375,15840.5,322200,0.0016670371193598,0.0016656491552922,0.0718887593311647,15658.81240234375,15099.4139453125,0.0371043595790863,-0.0833570412517781,-0.0060809427036564,2,0
2021-06-23,15686.9501953125,15686.9501953125,15862.9501953125,15673.9501953125,15862.7998046875,287500,-0.0054397492312691,-0.005454598542621,0.0744267587243422,15678.08740234375,15116.45595703125,0.0251936904724294,-0.1076970825574177,-0.0114876131315279,1,1
2021-06-24,15790.4501953125,15790.4501953125,15821.400390625,15702.7001953125,15737.2998046875,316700,0.0065978407983298,0.0065761703134446,0.0767315949606031,15700.717431640624,15146.04896484375,0.0295087380215839,0.1015652173913044,-0.0049655657757927,2,0
2021-06-25,15860.349609375,15860.349609375,15870.7998046875,15772.2998046875,15839.349609375,314600,0.0044266891189239,0.0044169201494967,0.0753853490621456,15721.952392578123,15173.1599609375,0.0275141771161093,-0.0066308809598989,-0.0005608576728578,0,0
2021-06-28,15814.7001953125,15814.7001953125,15915.650390625,15792.150390625,15915.349609375,255100,-0.0028782098242977,-0.002882359835175,0.0703066468924222,15733.547412109376,15197.8249609375,0.0148818180000773,-0.1891290527654163,-0.0034374532310915,2,2
2021-06-29,15748.4501953125,15748.4501953125,15835.900390625,15724.0498046875,15807.5,360300,-0.0041891404314852,-0.0041979394624445,0.072363906997068,15742.22744140625,15220.43697265625,0.0111462126628179,0.4123872990983928,-0.007612193688265,2,2
2021-06-30,15721.5,15721.5,15839.099609375,15708.75,15776.900390625,262400,-0.0017112919035373,-0.0017127578361914,0.0727987022907333,15749.492431640623,15247.67796875,0.0093283215974089,-0.2717180127671385,-0.0093104589063754,2,2
2021-07-01,15680.0,15680.0,15755.5498046875,15667.0498046875,15755.0498046875,224900,-0.002639697229908,-0.0026431873739428,0.0688626814631293,15748.974951171876,15275.3499609375,-0.0006596162375385,-0.1429115853658537,-0.0119255793436993,2,2
2021-07-02,15722.2001953125,15722.2001953125,15738.349609375,15635.9501953125,15705.849609375,254800,0.0026913389867666,0.0026877238189711,0.069347758091584,15751.5724609375,15301.67095703125,0.00331521164707,0.1329479768786128,-0.0092663361335602,2,2
2021-07-05,15834.349609375,15834.349609375,15845.9501953125,15762.0498046875,15793.400390625,207000,0.007133188273225,0.0071078674266922,0.0714998720143768,15755.707421875,15331.53095703125,0.0052501938970928,-0.1875981161695447,-0.0021992463805787,2,2
2021-07-06,15818.25,15818.25,15914.2001953125,15801.0,15813.75,391400,-0.0010167521731027,-0.0010172694162285,0.0715593216230624,15759.61494140625,15358.19595703125,0.0049650505755665,0.8908212560386473,-0.0032137624651448,2,2
2021-07-07,15879.650390625,15879.650390625,15893.5498046875,15779.7001953125,15819.599609375,329300,0.0038816171589777,0.0038741031212285,0.0677149683206614,15771.82998046875,15382.72796875,0.01562490045656,-0.158661216147164,0.0,2,2
2021-07-08,15727.900390625,15727.900390625,15885.75,15682.900390625,15855.400390625,307900,-0.0095562557277451,-0.0096022097393775,0.0734994222822153,15771.3375,15399.99498046875,-0.0006258588028784,-0.0649863346492559,-0.0095562557277451,2,2
2021-07-09,15689.7998046875,15689.7998046875,15730.849609375,15632.75,15688.25,243200,-0.0024224839292732,-0.0024254228908178,0.072428844746985,15765.860009765624,15415.89296875,-0.0069338173656525,-0.210133160116921,-0.0119555897810939,2,2
2021-07-12,15692.599609375,15692.599609375,15789.2001953125,15644.75,15766.7998046875,216300,0.0001784474449868,0.0001784315251354,0.0723336974074881,15759.897509765626,15437.12296875,-0.007541812181751,-0.1106085526315789,-0.0117792757805569,2,2
2021-07-13,15812.349609375,15812.349609375,15820.7998046875,15744.599609375,15794.0,246700,0.0076309854951284,0.00760201680508,0.0765110754963068,15757.052490234377,15460.686953125,-0.0035855752871118,0.140545538603791,-0.0042381777680529,2,2
2021-07-14,15853.9501953125,15853.9501953125,15877.349609375,15764.2001953125,15808.7001953125,0,0.0026308921169333,0.0026274373783043,0.0733895199298565,15761.372509765624,15487.83595703125,0.0054796332781719,-1.0,-0.0016184358395996,2,2
2021-07-15,15924.2001953125,15924.2001953125,15952.349609375,15855.0,15872.150390625,284900,0.0044310723280038,0.0044212840314639,0.072183146659989,15773.0125,15513.96296875,0.0148361394708014,,0.0,2,2
2021-07-16,15923.400390625,15923.400390625,15962.25,15882.599609375,15958.349609375,276300,-5.0225736783704455e-05,-5.022699813825734e-05,0.0720955031168385,15785.0150390625,15537.93498046875,0.0153060913152447,-0.0301860301860301,-5.0225736783704455e-05,2,2
2021-07-19,15752.400390625,15752.400390625,15836.900390625,15707.5,15754.5,242100,-0.0107389122803617,-0.0107969905715419,0.0817475383324566,15785.31005859375,15556.51998046875,0.000374711245356,-0.1237785016286645,-0.0107885986473639,2,2
2021-07-20,15632.099609375,15632.099609375,15728.4501953125,15578.5498046875,15703.9501953125,274300,-0.0076369809214345,-0.0076662919876294,0.0858618158564857,15778.2775390625,15570.31498046875,-0.0089173029829928,0.1330028913672036,-0.0183431872467594,2,2
2021-07-22,15824.0498046875,15824.0498046875,15834.7998046875,15726.400390625,15736.599609375,265300,0.0122792331234495,0.012204454864528,0.0946369927901441,15785.13251953125,15589.7809765625,0.0087397236344874,-0.0328107911046299,-0.0062891943957399,2,2
2021-07-23,15856.0498046875,15856.0498046875,15899.7998046875,15768.400390625,15856.7998046875,294100,0.0020222383267853,0.0020201963552988,0.0920626298476876,15788.4125,15612.97197265625,0.0041543849962222,0.1085563513004146,-0.0042796743189061,2,2
2021-07-26,15824.4501953125,15824.4501953125,15893.349609375,15797.0,15849.2998046875,267100,-0.0019929055322251,-0.0019948940107945,0.0909810380350208,15786.617529296876,15635.90498046875,-0.0022634692769496,-0.0918055083304998,-0.0062640508645051,0,0
2021-07-27,15746.4501953125,15746.4501953125,15881.5498046875,15701.0,15860.5,311000,-0.0049290812026508,-0.0049412691902835,0.0920988323587439,15783.205029296874,15652.3709765625,-0.0043156050482847,0.1643579183826282,-0.0111622560517873,2,2
2021-07-28,15709.400390625,15709.400390625,15767.5,15513.4501953125,15761.5498046875,318600,-0.0023528988583426,-0.0023556712745251,0.0912709101563291,15781.2525390625,15664.3969921875,-0.0024795966716218,0.0244372990353698,-0.0134888912506091,2,2
2021-07-29,15778.4501953125,15778.4501953125,15817.349609375,15737.7998046875,15762.7001953125,401600,0.0043954449546468,0.0043858132000563,0.0924229924396108,15784.100048828124,15679.36298828125,0.0036224403086537,0.2605147520401758,-0.0091527359749535,2,2
2021-07-30,15763.0498046875,15763.0498046875,15862.7998046875,15744.849609375,15800.599609375,400000,-0.0009760394990868,-0.0009765161358081,0.0919356277233044,15788.2525390625,15696.50298828125,0.0052965436662946,-0.0039840637450199,-0.0101198420422041,2,2
2021-08-02,15885.150390625,15885.150390625,15892.900390625,15834.650390625,15874.900390625,244800,0.0077460001364197,0.0077161539042294,0.095362597812829,15796.400048828124,15710.7,0.0103643378972544,-0.388,-0.0024522302036239,2,2
2021-08-03,16130.75,16130.75,16146.900390625,15914.349609375,15951.5498046875,341300,0.0154609558824161,0.015342653128218,0.106716767971844,15811.220068359376,15729.36099609375,0.0187188231873767,0.3941993464052287,0.0,2,2
2021-08-04,16258.7998046875,16258.7998046875,16290.2001953125,16176.150390625,16195.25,427300,0.0079382424678022,0.0079069003792001,0.1092319387345028,15833.24755859375,15750.36798828125,0.0278507296753749,0.2519777322004102,0.0,2,2
2021-08-05,16294.599609375,16294.599609375,16349.4501953125,16210.2998046875,16288.9501953125,418200,0.0022018725316477,0.0021994519628629,0.1088846631949107,15853.99501953125,15770.2309765625,0.026130878737417,-0.0212965129885326,0.0,2,2
2021-08-06,16238.2001953125,16238.2001953125,16336.75,16223.2998046875,16304.400390625,320100,-0.0034612335015614,-0.0034672374282357,0.102750020552146,15879.510009765623,15788.23798828125,0.0324455135150574,-0.2345767575322812,-0.0034612335015614,2,2
2021-08-09,16258.25,16258.25,16320.75,16179.0498046875,16281.349609375,240500,0.0012347307242392,0.0012339690711517,0.1016655550129826,15907.93251953125,15804.68998046875,0.0362305575844676,-0.2486722899094032,-0.0022307764686704,2,2
2021-08-10,16280.099609375,16280.099609375,16359.25,16202.25,16274.7998046875,288000,0.0013439090538649,0.001343006816352,0.1015062270399668,15937.30751953125,15818.6359765625,0.0374380290470814,0.1975051975051975,-0.0008898653754988,2,2
2021-08-11,16282.25,16282.25,16338.75,16162.5498046875,16327.2998046875,277900,0.0001320870680521,0.0001320783453234,0.0993196717550121,15960.8025390625,15832.783984375,0.0297173033883844,-0.0350694444444444,-0.000757895847155,2,2
2021-08-12,16364.400390625,16364.400390625,16375.5,16286.900390625,16303.650390625,280200,0.0050453954843463,0.0050327101270872,0.1000575311693148,15986.325048828125,15848.54798828125,0.0321970353775566,0.0082763584023028,0.0,2,2
2021-08-13,16529.099609375,16529.099609375,16543.599609375,16376.2998046875,16385.69921875,321900,0.0100644823408473,0.0100141727170619,0.1040505044109806,16016.57001953125,15865.32298828125,0.0379861724069858,0.1488222698072805,0.0,2,2
2021-08-16,16563.05078125,16563.05078125,16589.400390625,16480.75,16518.400390625,254000,0.0020540242770237,0.0020519176533692,0.1038048107494841,16048.5525390625,15883.17900390625,0.0401704645322866,-0.2109350730040385,0.0,2,2
2021-08-17,16614.599609375,16614.599609375,16628.55078125,16495.400390625,16545.25,297400,0.0031122785775283,0.003107445463957,0.0922107877192116,16091.6625,15900.43798828125,0.0547344656921706,0.1708661417322834,0.0,2,2
2021-08-18,16568.849609375,16568.849609375,16701.849609375,16535.849609375,16691.94921875,251800,-0.0027536023181795,-0.0027574004550174,0.0863784604770849,16138.5,15917.01298828125,0.0599247716818671,-0.1533288500336247,-0.0027536023181795,2,2
2021-08-20,16450.5,16450.5,16509.55078125,16376.0498046875,16382.5,350800,-0.0071428984006249,-0.0071685310331997,0.0861031932151992,16169.822509765623,15933.31599609375,0.0395884873369729,0.3931691818903893,-0.00987683201721,2,2
2021-08-23,16496.44921875,16496.44921875,16592.5,16395.69921875,16592.25,275600,0.0027931806783987,0.0027892869980642,0.086155809057002,16201.84248046875,15948.48998046875,0.0403883326522587,-0.2143671607753705,-0.0071112391151654,2,2
2021-08-24,16624.599609375,16624.599609375,16647.099609375,16495.30078125,16561.400390625,275400,0.0077683620836017,0.007738343720985,0.0871223691678353,16241.849951171876,15964.99498046875,0.0505641209765075,-0.0007256894049346,0.0,1,1
2021-08-25,16634.650390625,16634.650390625,16712.44921875,16617.5,16654.0,265900,0.0006045728309951,0.0006043901504665,0.0829946097576286,16286.2599609375,15981.45099609375,0.0564063763131137,-0.0344952795933187,0.0,2,0
2021-08-26,16636.900390625,16636.900390625,16683.69921875,16603.400390625,16627.94921875,253500,0.0001352598309651,0.000135250684179,0.081420802095107,16332.6349609375,15996.80400390625,0.0590410822142841,-0.0466340729597593,0.0,1,1
2021-08-27,16705.19921875,16705.19921875,16722.05078125,16565.599609375,16642.55078125,217400,0.00410526158848,0.0040968579935776,0.0813558026140601,16378.972412109377,16015.5569921875,0.0587351109878218,-0.1424063116370808,0.0,2,0
2021-08-30,16931.05078125,16931.05078125,16951.5,16764.849609375,16775.849609375,283500,0.0135198365217041,0.0134292590140948,0.0881472220790214,16437.3724609375,16040.35,0.0740973980945722,0.3040478380864766,0.0,1,1
2021-08-31,17132.19921875,17132.19921875,17153.5,16915.849609375,16947.5,464400,0.0118804461754233,0.0118104276963513,0.0918205130582154,16499.72490234375,16069.3269921875,0.0785040618098884,0.638095238095238,0.0,2,0
2021-09-01,17076.25,17076.25,17225.75,17055.05078125,17185.599609375,301900,-0.0032657347743637,-0.003271078924395,0.084183252297681,16546.99990234375,16095.9219921875,0.0586147575283231,-0.3499138673557278,-0.0032657347743637,1,1
2021-09-02,17234.150390625,17234.150390625,17245.5,17059.69921875,17095.400390625,242400,0.009246783727399,0.0092042939510858,0.0853353911585943,16595.767431640626,16125.15,0.0599890888413732,-0.1970851275256707,0.0,2,0
2021-09-03,17323.599609375,17323.599609375,17340.099609375,17212.19921875,17262.44921875,261400,0.0051902308336972,0.0051768080106442,0.0856590580830514,16647.217431640624,16157.88298828125,0.0631497566474705,0.0783828382838283,0.0,1,1
2021-09-06,17377.80078125,17377.80078125,17429.55078125,17345.55078125,17399.349609375,228000,0.0031287476677577,0.0031238633220451,0.082117781261936,16704.1974609375,16189.63,0.0701802276256249,-0.1277735271614384,0.0,2,0
2021-09-07,17362.099609375,17362.099609375,17436.5,17287.0,17401.55078125,243400,-0.0009035189246697,-0.0009039273439216,0.0832061653947996,16759.38994140625,16219.665,0.0678947370950133,0.0675438596491229,-0.0009035189246697,1,1
2021-09-08,17353.5,17353.5,17383.400390625,17254.19921875,17375.75,252700,-0.0004953092983268,-0.0004954320044973,0.0840269657004114,16813.0599609375,16250.44099609375,0.0659332815142528,0.0382087099424814,-0.0013983807016719,2,0
2021-09-09,17369.25,17369.25,17379.650390625,17302.69921875,17312.849609375,241500,0.0009075978909154,0.0009071862729865,0.0836969270827011,16867.4099609375,16282.8569921875,0.0667598151361144,-0.0443213296398892,-0.000492051978132,1,1
2021-09-13,17355.30078125,17355.30078125,17378.349609375,17269.150390625,17363.55078125,241100,-0.0008030985074197,-0.0008034211637875,0.0845899378171206,16916.95498046875,16315.5330078125,0.0605521966568769,-0.0016563146997929,-0.0012947553193426,2,0
2021-09-14,17380.0,17380.0,17438.55078125,17367.05078125,17420.349609375,230400,0.001423151293159,0.0014221395731308,0.0804562030335117,16959.5,16349.5330078125,0.0514789317466746,-0.0443799253421817,0.0,1,1
2021-09-15,17519.44921875,17519.44921875,17532.69921875,17386.900390625,17387.650390625,388200,0.0080235453826236,0.0079915278908785,0.082737901193629,17007.319921875,16385.47798828125,0.0577428910972535,0.6848958333333333,0.0,2,0
2021-09-16,17629.5,17629.5,17644.599609375,17510.44921875,17539.19921875,503300,0.0062816347635072,0.0062619875307568,0.0836426729111865,17058.06494140625,16421.38099609375,0.0610848539529251,0.2964966512107161,0.0,1,1
2021-09-17,17585.150390625,17585.150390625,17792.94921875,17537.650390625,17709.650390625,508300,-0.0025156476006126,-0.0025188171588147,0.0834302161841592,17108.87998046875,16456.71900390625,0.0613380412768642,0.0099344327438903,-0.0025156476006126,2,0
2021-09-20,17396.900390625,17396.900390625,17622.75,17361.80078125,17443.849609375,339100,-0.010705054879733,-0.0107627662179527,0.0899478853785066,17156.2,16487.06400390625,0.0575301900018236,-0.3328742868384812,-0.013193772334723,1,1
2021-09-21,17562.0,17562.0,17578.349609375,17326.099609375,17450.5,363600,0.0094901738624639,0.0094454250556897,0.0929920779886032,17209.4775390625,16523.74599609375,0.0645927355105537,0.072250073724565,-0.0038288096656172,2,0
2021-09-22,17546.650390625,17546.650390625,17610.44921875,17524.0,17580.900390625,295200,-0.0008740239935656,-0.0008744061752431,0.0923539764664251,17255.580078125,16560.8830078125,0.0554630368799999,-0.188118811881188,-0.0046994871876684,1,1
2021-09-23,17822.94921875,17822.94921875,17843.900390625,17646.55078125,17670.849609375,320500,0.0157465283671818,0.0156238380774284,0.1026504108496842,17314.99501953125,16603.49,0.0714351549458895,0.0857046070460705,0.0,2,0
2021-09-24,17853.19921875,17853.19921875,17947.650390625,17819.400390625,17897.44921875,360100,0.0016972499684944,0.0016958112674268,0.1021301971936367,17375.8099609375,16644.3069921875,0.0731084997545812,0.1235569422776912,0.0,1,1
2021-09-27,17855.099609375,17855.099609375,17943.5,17802.900390625,17932.19921875,295700,0.0001064453827974,0.0001064397178897,0.1028153491244919,17433.30498046875,16684.32998046875,0.0688348804206024,-0.1788392113301861,0.0,2,0
2021-09-28,17748.599609375,17748.599609375,17912.849609375,17576.099609375,17906.44921875,398000,-0.0059646824901542,-0.0059825422627533,0.1005870896884106,17474.182421875,16720.81796875,0.0482869515122108,0.3459587419682111,-0.0059646824901542,1,1
2021-09-29,17711.30078125,17711.30078125,17781.75,17608.150390625,17657.94921875,562200,-0.0021015082285871,-0.0021037194955448,0.0952276811575075,17503.1375,16756.5759765625,0.0338019395587119,0.4125628140703516,-0.0080536558894074,2,0
2021-09-30,17618.150390625,17618.150390625,17742.150390625,17585.349609375,17718.900390625,378600,-0.0052593760207388,-0.0052732552241576,0.0968546701472266,17530.23251953125,16793.8909765625,0.0317341565405167,-0.3265741728922091,-0.0132706747054822,1,1
2021-10-01,17532.05078125,17532.05078125,17557.150390625,17452.900390625,17531.900390625,305800,-0.0048869834497958,-0.0048989638012051,0.0950156350084388,17545.1275390625,16831.89,0.0172854700622231,-0.1922873745377707,-0.0180928045876249,2,0
2021-10-04,17691.25,17691.25,17750.900390625,17581.349609375,17615.55078125,295800,0.0090804675811375,0.0090394880242668,0.0982781618331169,17563.51005859375,16869.23400390625,0.0212225171970632,-0.0327011118378024,-0.009176628131997,1,1
2021-10-05,17822.30078125,17822.30078125,17833.44921875,17640.900390625,17661.349609375,427000,0.0074076609199462,0.0073803589460669,0.1006033616308944,17585.73505859375,16908.5590234375,0.0255786106421245,0.4435429344151453,-0.0018369445616409,2,0
2021-10-06,17646.0,17646.0,17884.599609375,17613.150390625,17861.5,395800,-0.0098921448702895,-0.0099413972120656,0.10802589906399,17599.930078125,16944.99001953125,0.0163517314732892,-0.0730679156908664,-0.0117109181102081,1,1
2021-10-07,17790.349609375,17790.349609375,17857.55078125,17763.80078125,17810.55078125,419900,0.0081803020160375,0.0081470247013147,0.1109559276928685,17621.77255859375,16985.8680078125,0.0251735735946638,0.0608893380495199,-0.003626414941197,2,0
2021-10-08,17895.19921875,17895.19921875,17941.849609375,17840.349609375,17886.849609375,324100,0.0058936227604964,0.0058763233035785,0.1121519674473204,17648.07001953125,17029.583984375,0.030280479511205,-0.2281495594189092,0.0,1,1
2021-10-11,17945.94921875,17945.94921875,18041.94921875,17839.099609375,17867.55078125,375800,0.0028359561343596,0.002831942397492,0.1119074299544642,17677.60244140625,17072.93396484375,0.0340327399072284,0.1595186670780624,0.0,2,0
2021-10-12,17991.94921875,17991.94921875,18008.650390625,17864.94921875,17915.80078125,355600,0.0025632525445875,0.0025599730157621,0.1119464351284237,17708.19990234375,17117.511953125,0.0352099665563867,-0.0537519957424161,0.0,1,1
2021-10-13,18161.75,18161.75,18197.80078125,18050.75,18097.849609375,506700,0.0094375978492116,0.0093933419509834,0.1130910744288352,17740.31494140625,17163.0439453125,0.0366621560546882,0.4249156355455568,0.0,2,0
2021-10-14,18338.55078125,18338.55078125,18350.75,18248.69921875,18272.849609375,538700,0.0097347877407187,0.0096877099759962,0.11551147352072,17775.76748046875,17207.1999609375,0.0402195627357553,0.0631537398855337,0.0,1,1
2021-10-18,18477.05078125,18477.05078125,18543.150390625,18445.30078125,18500.099609375,469900,0.0075523961327199,0.0075240195734982,0.1158338307145152,17820.3625,17251.56498046875,0.0507189515479202,-0.1277148691293855,0.0,2,0
2021-10-19,18418.75,18418.75,18604.44921875,18377.69921875,18602.349609375,368200,-0.0031553077349963,-0.0031602962146704,0.1071278680642509,17871.45498046875,17294.04798828125,0.0587374524444401,-0.2164290274526494,-0.0031553077349963,1,1
2021-10-20,18266.599609375,18266.599609375,18458.30078125,18209.349609375,18439.900390625,371300,-0.00826062521208,-0.0082949332443625,0.1110853435534554,17906.6849609375,17334.6159765625,0.0401206929378772,0.0084193373166756,-0.0113898681324489,2,0
2021-10-21,18178.099609375,18178.099609375,18384.19921875,18048.0,18382.69921875,365900,-0.0048449082967022,-0.0048566829115848,0.1133133098522954,17938.257421875,17373.01296875,0.0359868809540637,-0.014543495825478,-0.0161795935625379,2,0
2021-10-22,18114.900390625,18114.900390625,18314.25,18034.349609375,18230.69921875,324700,-0.0034766680845673,-0.0034827257394313,0.1020638174925234,17952.85498046875,17409.708984375,0.0163806319757597,-0.1125990707843672,-0.0196000105705451,1,1
2021-10-25,18125.400390625,18125.400390625,18241.400390625,17968.5,18229.5,418700,0.0005796333280105,0.0005794654054989,0.1020125734296547,17966.4650390625,17446.5719921875,0.0152466327485509,0.2894979981521404,-0.0190317380618905,1,1
2021-10-26,18268.400390625,18268.400390625,18310.44921875,18099.30078125,18154.5,341400,0.0078894808897,0.0078585216635523,0.1050241331112133,17987.130078125,17484.6519921875,0.0231474923294738,-0.1846190589921185,-0.0112924077059274,1,1
2021-10-27,18210.94921875,18210.94921875,18342.05078125,18167.900390625,18295.849609375,335200,-0.0031448386638428,-0.0031497940609639,0.1029352113616251,18010.24755859375,17518.288984375,0.0260499205318025,-0.0181605155243116,-0.0144017335694088,1,1
2021-10-28,17857.25,17857.25,18190.69921875,17799.44921875,18187.650390625,374200,-0.0194223384240636,-0.0196134303875884,0.1266215798866921,18017.54501953125,17544.17296875,0.0082404573527714,0.1163484486873507,-0.0335443566501942,2,0
2021-10-29,17671.650390625,17671.650390625,17915.849609375,17613.099609375,17833.05078125,336500,-0.0103935157639054,-0.0104479055444702,0.1309601823095508,18020.22001953125,17565.313984375,0.0030366411237168,-0.1007482629609833,-0.0435892286144657,2,0
2021-11-01,17929.650390625,17929.650390625,17954.099609375,17697.099609375,17783.150390625,281200,0.0145996550575078,0.014494106171593,0.1388926640206648,18040.1,17592.53,0.0226784427181914,-0.1643387815750371,-0.0296259612589518,2,0
2021-11-02,17888.94921875,17888.94921875,18012.25,17847.599609375,17970.900390625,296400,-0.0022700482713416,-0.0022726287368459,0.1361157740672724,18049.9849609375,17621.298984375,0.0111749717374407,0.0540540540540539,-0.0318287571681509,2,0
2021-11-03,17829.19921875,17829.19921875,17988.75,17757.94921875,17947.94921875,331000,-0.0033400508475575,-0.0033456412690553,0.1342956522672694,18050.3298828125,17647.953984375,0.0003870677296198,0.1167341430499324,-0.0350624983483522,2,0
2021-11-04,17916.80078125,17916.80078125,17947.55078125,17900.599609375,17935.05078125,48500,0.0049133761659847,0.0049013449265533,0.1299592727358924,18063.869921875,17673.7980078125,0.0153462983820695,-0.8534743202416919,-0.0303213974260722,2,0
2021-11-08,18068.55078125,18068.55078125,18087.80078125,17836.099609375,18040.19921875,338900,0.0084697040421863,0.0084340373482947,0.1301794126493921,18077.77998046875,17702.476015625,0.0156377574349857,5.9876288659793815,-0.0221085066462303,2,0
2021-11-09,18044.25,18044.25,18112.599609375,17983.05078125,18084.349609375,270200,-0.0013449214352717,-0.0013458266538282,0.1289447656982398,18085.23251953125,17730.6230078125,0.0083290931510742,-0.2027146650929477,-0.0234236938770117,2,0
2021-11-10,18017.19921875,18017.19921875,18061.25,17915.0,17973.44921875,261400,-0.0014991358050348,-0.0015002606334366,0.1287845077846308,18088.79501953125,17756.8630078125,0.0039702553000404,-0.0325684678016284,-0.0248877143838693,2,0
2021-11-11,17873.599609375,17873.599609375,17971.349609375,17798.19921875,17967.44921875,232100,-0.007970140510272,-0.0080020718582044,0.1316409493280372,18082.8775390625,17775.713984375,-0.0065779203762793,-0.1120887528691659,-0.0326594963135223,2,0
2021-11-12,18102.75,18102.75,18123.0,17905.900390625,17977.599609375,249100,0.0128206066843303,0.0127391184530934,0.135400674639002,18079.9275390625,17795.125,-0.003248585626385,0.0732442912537698,-0.0202576041859359,2,0
2021-11-15,18109.44921875,18109.44921875,18210.150390625,18071.30078125,18140.94921875,280400,0.0003700663573213,0.0003699978996557,0.1303556705050652,18068.4724609375,17815.788984375,-0.0124928935351992,0.125652348454436,-0.0198950344864036,2,0
2021-11-16,17999.19921875,17999.19921875,18132.650390625,17958.80078125,18127.05078125,267400,-0.0060879819517564,-0.0061065892730084,0.1280072852546367,18044.5798828125,17831.0899609375,-0.0258618958272772,-0.0463623395149785,-0.0258618958272772,2,0
2021-11-17,17898.650390625,17898.650390625,18022.650390625,17879.25,17939.349609375,295700,-0.005586294529162,-0.0056019562269169,0.1287665168989962,18018.57490234375,17842.5909765625,-0.0282375084832032,0.1058339566192969,-0.0313037181892655,2,0
2021-11-18,17764.80078125,17764.80078125,17945.599609375,17688.5,17890.55078125,278400,-0.0074781956434608,-0.0075062975371328,0.1282383975738401,17993.4849609375,17850.3309765625,-0.0274708396119582,-0.0585052417991207,-0.0385478185037393,2,0
2021-11-22,17416.55078125,17416.55078125,17805.25,17280.44921875,17796.25,356400,-0.0196033721001568,-0.0197980668487385,0.1436344784797257,17955.40751953125,17851.42,-0.0418937537195717,0.2801724137931034,-0.057395523374118,2,0
2021-11-23,17503.349609375,17503.349609375,17553.69921875,17216.099609375,17281.75,308800,0.0049836979327988,0.0049713204170886,0.1457060261518709,17924.82998046875,17854.4169921875,-0.0337595442460448,-0.1335578002244668,-0.0526978673925108,2,0
2021-11-24,17415.05078125,17415.05078125,17600.599609375,17354.0,17550.05078125,298100,-0.0050446817378146,-0.0050574491010214,0.1459013601095277,17889.3125,17855.3330078125,-0.0391908368403499,-0.0346502590673575,-0.0574767051610687,2,0
2021-11-25,17536.25,17536.25,17564.349609375,17351.69921875,17417.30078125,255900,0.006959452503032,0.0069353472882373,0.1451087551095838,17852.70498046875,17858.9519921875,-0.040077421940058,-0.1415632338141563,-0.0509172590576358,2,0
2021-11-26,17026.44921875,17026.44921875,17355.400390625,16985.69921875,17338.75,356300,-0.0290712541877539,-0.0295021956571138,0.1748679592233364,17793.47998046875,17851.8809765625,-0.0650432871879318,0.3923407581086362,-0.0785082846647815,2,0
2021-11-29,17053.94921875,17053.94921875,17160.69921875,16782.400390625,17055.80078125,348900,0.0016151341742889,0.0016138312478338,0.1646386103267332,17753.31494140625,17842.5709765625,-0.0449845738425569,-0.0207690148751052,-0.0770199519040194,2,0
2021-11-30,16983.19921875,16983.19921875,17324.650390625,16931.400390625,17051.150390625,498000,-0.004148599194972,-0.0041572285072535,0.1620033646554373,17718.8923828125,17829.6449609375,-0.0389579443151631,0.4273430782459158,-0.0808490261885256,2,0
2021-12-01,17166.900390625,17166.900390625,17213.05078125,17064.25,17104.400390625,295500,0.0108166411704213,0.0107585597624502,0.1574414534585529,17680.7548828125,17821.2799609375,-0.042541264518957,-0.4066265060240963,-0.0709068999233635,2,0
2021-12-02,17401.650390625,17401.650390625,17420.349609375,17149.30078125,17183.19921875,279900,0.0136745711024337,0.0135819178616608,0.1670730289682919,17656.38994140625,17821.3749609375,-0.0272402152952754,-0.0527918781725887,-0.0582019502655849,2,0
2021-12-03,17196.69921875,17196.69921875,17489.80078125,17180.80078125,17424.900390625,292500,-0.0117776858673942,-0.011847592241934,0.1710767747681399,17624.76494140625,17814.0689453125,-0.035475513635791,0.045016077170418,-0.0692941518458815,2,0
2021-12-06,16912.25,16912.25,17216.75,16891.69921875,17209.05078125,231700,-0.0165409195759996,-0.016679248094838,0.176905947852674,17574.53740234375,17801.3809375,-0.0560675308898487,-0.2078632478632478,-0.0846888824291113,2,0
2021-12-07,17176.69921875,17176.69921875,17251.650390625,16987.75,17044.099609375,254100,0.0156365485816494,0.0155155573824794,0.1845367916618168,17529.94482421875,17788.4559375,-0.0493593301033022,0.0966767371601209,-0.0703765756718902,2,0
2021-12-08,17469.75,17469.75,17484.599609375,17308.94921875,17315.25,257800,0.0170609485278816,0.0169170449933063,0.197054482402239,17501.21982421875,17780.786953125,-0.0318383972733696,0.0145611963793781,-0.0545163182791152,2,0
2021-12-09,17516.849609375,17516.849609375,17543.25,17379.599609375,17524.400390625,237200,0.0026960665936832,0.0026924387253313,0.1976487662906257,17476.20234375,17774.021953125,-0.0277706653126363,-0.0799069045771916,-0.0519672313099548,2,0
2021-12-10,17511.30078125,17511.30078125,17534.349609375,17405.25,17476.05078125,204500,-0.0003167708948091,-0.0003168210773069,0.1961249328116858,17458.08740234375,17769.2759765625,-0.0202700539366993,-0.1378583473861719,-0.0522675404984012,2,0
2021-12-13,17368.25,17368.25,17639.5,17355.94921875,17619.099609375,256600,-0.0081690551168631,-0.0082026046847206,0.1906445213414611,17421.36240234375,17762.4149609375,-0.0405739459474389,0.2547677261613692,-0.06000961919611,2,0
2021-12-14,17324.900390625,17324.900390625,17376.19921875,17225.80078125,17283.19921875,271000,-0.0024959111813221,-0.002499031160176,0.1904291903390532,17382.1349609375,17756.5499609375,-0.0433226222757068,0.0561184723304755,-0.0623557516978938,2,0
2021-12-15,17221.400390625,17221.400390625,17351.19921875,17192.19921875,17323.650390625,215000,-0.0059740603216401,-0.0059919764101691,0.1903985529200393,17343.24501953125,17750.336953125,-0.0432129684588832,-0.2066420664206641,-0.0679572949974894,2,0
2021-12-16,17248.400390625,17248.400390625,17379.349609375,17184.94921875,17373.0,219500,0.0015678167505297,0.0015665890089298,0.1904044578949104,17310.73251953125,17741.4799609375,-0.0363295547881414,0.0209302325581395,-0.0664960228323775,2,0
2021-12-17,16985.19921875,16985.19921875,17298.150390625,16966.44921875,17276.0,354600,-0.01525945397337,-0.0153770775563578,0.1954873223707041,17271.75244140625,17724.7379296875,-0.0438846217359688,0.6154897494305238,-0.0807407838059247,2,0
2021-12-20,16614.19921875,16614.19921875,16840.099609375,16410.19921875,16824.25,330600,-0.0218425462793778,-0.0220846262813664,0.1983580218977743,17231.63486328125,17704.1019140625,-0.0460683388219315,-0.0676818950930626,-0.1008197457783884,2,1
2021-12-21,16770.849609375,16770.849609375,16936.400390625,16688.25,16773.150390625,241000,0.009428705444209,0.0093845326454953,0.2011202206385763,17195.00986328125,17683.7119140625,-0.0418491326715924,-0.2710223835450696,-0.092341640020084,2,1
2021-12-22,16955.44921875,16955.44921875,16971.0,16819.5,16865.55078125,207900,0.0110071709945933,0.0109470329850817,0.2060027092610614,17172.02978515625,17664.9169140625,-0.0263910549715326,-0.1373443983402489,-0.0823508892471128,2,1
2021-12-23,17072.599609375,17072.599609375,17118.650390625,17015.55078125,17066.80078125,197000,0.0069093062126275,0.006885546336514,0.205976258436105,17148.847265625,17647.449921875,-0.0264395404162806,-0.0524290524290523,-0.0760105705451759,2,1
2021-12-24,17003.75,17003.75,17155.599609375,16909.599609375,17149.5,182600,-0.0040327548791804,-0.004040908363189,0.1776901010602828,17147.7123046875,17627.6859375,-0.0013331739611922,-0.0730964467005076,-0.0797367934251208,2,1
2021-12-27,17086.25,17086.25,17112.05078125,16833.19921875,16937.75,144800,0.0048518709108285,0.0048401385192229,0.1784621801011327,17149.32734375,17606.1759375,0.0018940352662999,-0.2070098576122672,-0.0752717951428344,2,1
2021-12-28,17233.25,17233.25,17250.25,17161.150390625,17177.599609375,176000,0.0086034091740434,0.0085666107599145,0.1801487543149413,17161.8298828125,17584.069921875,0.0147234203655772,0.2154696132596685,-0.0673159800216696,2,1
2021-12-29,17213.599609375,17213.599609375,17285.94921875,17176.650390625,17220.099609375,161700,-0.0011402602889762,-0.0011409108803489,0.1762737891699761,17164.16484375,17558.8008984375,0.0027203058028753,-0.08125,-0.0683794825718135,2,1
2021-12-30,17203.94921875,17203.94921875,17264.05078125,17146.349609375,17201.44921875,320800,-0.0005606259494814,-0.0005607831589689,0.1689624223124797,17154.27978515625,17534.5048828125,-0.0113610587178276,0.983920841063698,-0.0689017732089533,2,1
2021-12-31,17354.05078125,17354.05078125,17400.80078125,17238.5,17244.5,167000,0.0087248317576065,0.0086869903602652,0.1664904192071029,17162.14736328125,17516.25390625,0.0091501026155318,-0.479426433915212,-0.0607780978303955,2,1
2022-01-03,17625.69921875,17625.69921875,17646.650390625,17383.30078125,17387.150390625,200500,0.0156533158122078,0.0155320663316478,0.161715020855279,17197.81982421875,17505.2058984375,0.0421853519638131,0.2005988023952096,-0.0460761607779921,2,1
2022-01-04,17805.25,17805.25,17827.599609375,17593.55078125,17681.400390625,247400,0.0101868742352642,0.0101353377336508,0.1568342752383917,17229.24736328125,17499.012890625,0.0365932227865919,0.2339152119700749,-0.0363586585978171,2,1
2022-01-05,17925.25,17925.25,17944.69921875,17748.849609375,17820.099609375,251500,0.006739585234692,0.0067169757589339,0.1477053541836245,17252.02236328125,17495.0098828125,0.0260736415804461,0.0165723524656427,-0.0298641156417642,2,1
2022-01-06,17745.900390625,17745.900390625,17797.94921875,17655.55078125,17768.5,236500,-0.0100054174627969,-0.0100558080531172,0.1529356693233328,17263.47490234375,17484.5598828125,0.0130760260182523,-0.0596421471172962,-0.039570730160408,2,1
2022-01-07,17812.69921875,17812.69921875,17905.0,17704.55078125,17797.599609375,239300,0.0037641836511315,0.0037571168401497,0.1532775485830871,17278.54482421875,17476.5948828125,0.0172116532783628,0.0118393234672304,-0.0359554980048095,2,1
2022-01-10,18003.30078125,18003.30078125,18017.44921875,17879.150390625,17913.30078125,232400,0.0107003189218717,0.0106434756439645,0.1531078932943186,17310.29736328125,17479.5158984375,0.0365638899284614,-0.0288340994567488,-0.025639914378584,2,1
2022-01-11,18055.75,18055.75,18081.25,17964.400390625,17997.75,220200,0.0029133112526023,0.0029090757855369,0.1522972637227615,17346.83984375,17487.197890625,0.0421849241782932,-0.0524956970740103,-0.0228013001770566,2,1
2022-01-12,18212.349609375,18212.349609375,18227.94921875,18128.80078125,18170.400390625,245000,0.0086731157318304,0.0086357203311153,0.1508768931944137,17396.3873046875,17492.851875,0.0575417327437235,0.1126248864668484,-0.0143259427604979,2,1
2022-01-13,18257.80078125,18257.80078125,18272.25,18163.80078125,18257.0,303700,0.0024956237305924,0.0024925148330414,0.1508124996026591,17446.85732421875,17500.22890625,0.0585213914197886,0.2395918367346938,-0.0118660711926217,2,1
2022-01-14,18255.75,18255.75,18286.94921875,18119.650390625,18185.0,229500,-0.0001123235637506,-0.0001123298725145,0.1352866424519922,17510.38486328125,17508.759921875,0.0748034076543202,-0.2443200526835692,-0.0119770619169683,2,1
2022-01-17,18308.099609375,18308.099609375,18321.55078125,18228.75,18235.650390625,266700,0.0028675682661627,0.0028634646353713,0.0956172168695693,17595.0798828125,17516.5858984375,0.1019549825015546,0.1620915032679739,-0.0091438386934805,2,0
2022-01-18,18113.05078125,18113.05078125,18350.94921875,18085.900390625,18337.19921875,227500,-0.0106536905679234,-0.0107108474462168,0.1087012654217001,17662.18994140625,17517.4758984375,0.0800317934474055,-0.1469816272965879,-0.0197001136333606,2,0
2022-01-19,17938.400390625,17938.400390625,18129.19921875,17884.900390625,18129.19921875,276700,-0.0096422404339412,-0.0096890278340564,0.1153103222024257,17711.3375,17515.35890625,0.0579725820999195,0.2162637362637363,-0.029152400835073,2,0
2022-01-20,17757.0,17757.0,17943.69921875,17648.44921875,17921.0,258100,-0.010112406160797,-0.0101638838763968,0.1229608400562812,17745.55751953125,17510.154921875,0.0400876495837914,-0.067220816769064,-0.0389700060780634,2,0
2022-01-21,17617.150390625,17617.150390625,17707.599609375,17485.849609375,17613.69921875,277600,-0.0078757453046686,-0.0079069227919098,0.126188853873446,17776.2275390625,17505.0259375,0.0360744183268397,0.0755521115846571,-0.0465388335403398,2,0
2022-01-24,17149.099609375,17149.099609375,17599.400390625,16997.849609375,17575.150390625,323800,-0.0265679051873833,-0.0269272102621386,0.1614113538045694,17779.37001953125,17485.9529296875,0.0036783735094008,0.1664265129682998,-0.0718702994106921,2,0
2022-01-25,17277.94921875,17277.94921875,17309.150390625,16836.80078125,17001.55078125,326500,0.0075134912216943,0.0074854055398087,0.1607106904701805,17781.60498046875,17469.3229296875,0.0025937776536637,0.0083384805435453,-0.0648968050527205,2,0
2022-01-27,17110.150390625,17110.150390625,17182.5,16866.75,17062.0,395600,-0.0097117329146276,-0.0097591993637289,0.1644816858663202,17776.43251953125,17451.541953125,-0.0060097377130614,0.2116385911179172,-0.0739782775296635,2,0
2022-01-28,17101.94921875,17101.94921875,17373.5,17077.099609375,17208.30078125,355300,-0.0004793161771092,-0.0004794310858279,0.1644802377758881,17771.33251953125,17435.6079296875,-0.0059288712552599,-0.101870576339737,-0.0744221347215983,2,0
2022-01-31,17339.849609375,17339.849609375,17410.0,17264.150390625,17301.05078125,321700,0.0139107178709299,0.0138148518554594,0.1691364575050974,17770.6224609375,17427.10890625,-0.000818320290404,-0.0945679707289613,-0.0615466821701329,2,0
2022-02-01,17576.849609375,17576.849609375,17622.400390625,17244.55078125,17529.44921875,386400,0.0136679386118703,0.0135753748226512,0.1668744559514176,17768.17998046875,17430.3148828125,-0.0027714990916805,0.2011190550202051,-0.0487199598319283,2,0
2022-02-02,17780.0,17780.0,17794.599609375,17674.80078125,17706.19921875,271200,0.0115578385853996,0.011491556994747,0.1680472424257418,17766.91748046875,17435.847890625,-0.0014181210597997,-0.2981366459627329,-0.0377252186781533,2,0
2022-02-03,17560.19921875,17560.19921875,17781.150390625,17511.150390625,17767.75,226600,-0.0123622486642295,-0.0124392969118211,0.1715061243133827,17748.66494140625,17438.750859375,-0.0203651709878522,-0.1644542772861357,-0.049621098808171,2,0
2022-02-04,17516.30078125,17516.30078125,17617.80078125,17462.55078125,17590.19921875,261400,-0.0024998826581151,-0.0025030125821506,0.1682990391792127,17737.1849609375,17438.351875,-0.0129381775126099,0.1535745807590467,-0.051996934541899,2,0
2022-02-07,17213.599609375,17213.599609375,17536.75,17119.400390625,17456.30078125,265000,-0.0172811129276234,-0.0174321742274954,0.1774937480361315,17707.22998046875,17442.0948828125,-0.0336332861189491,0.0137719969395562,-0.0683794825718135,2,0
2022-02-08,17266.75,17266.75,17306.44921875,17043.650390625,17279.849609375,268500,0.0030876976246183,0.0030829404762161,0.1724720854283197,17670.40244140625,17446.3508984375,-0.0409119855408459,0.0132075471698114,-0.0655029201131048,2,0
2022-02-09,17463.80078125,17463.80078125,17477.150390625,17339.0,17370.099609375,236400,0.0114121523303458,0.0113475249468573,0.1782204343019981,17640.80498046875,17455.9629296875,-0.0327845267435581,-0.1195530726256983,-0.0548382970851721,2,0
2022-02-10,17605.849609375,17605.849609375,17639.44921875,17427.150390625,17554.099609375,273600,0.008133901085124,0.00810099920504,0.1778201183571259,17610.47998046875,17464.7419140625,-0.0333015790388625,0.1573604060913704,-0.0471504452842155,2,0
2022-02-11,17374.75,17374.75,17454.75,17303.0,17451.0,253100,-0.0131262969128136,-0.0132132081342731,0.1816152629228874,17566.32744140625,17464.20390625,-0.048365670752463,-0.0749269005847953,-0.0596578314526571,2,0
2022-02-14,16842.80078125,16842.80078125,17099.5,16809.650390625,17076.150390625,305500,-0.0306162228952934,-0.0310946906967536,0.2076875396638456,17495.67998046875,17457.1259375,-0.0773974894896128,0.2070327933623073,-0.0884475568827461,2,0
2022-02-15,17352.44921875,17352.44921875,17375.0,16839.25,16933.25,298700,0.0302591263839775,0.0298103496144214,0.2391847093556998,17447.8974609375,17465.929921875,-0.0521982298007402,-0.0222585924713584,-0.0608647763008377,2,0
2022-02-16,17322.19921875,17322.19921875,17490.599609375,17257.69921875,17408.44921875,244500,-0.0017432697608654,-0.0017447910238332,0.2373021931085296,17408.3548828125,17468.839921875,-0.0436619745646968,-0.1814529628389688,-0.062501942337676,2,0
2022-02-17,17304.599609375,17304.599609375,17442.900390625,17235.849609375,17396.55078125,232100,-0.0010160147191904,-0.0010165312120177,0.235678942876081,17376.66484375,17465.5369140625,-0.0353320679351787,-0.0507157464212678,-0.0634544541634735,2,0
2022-02-18,17276.30078125,17276.30078125,17380.80078125,17219.19921875,17236.05078125,189600,-0.0016353356196504,-0.0016366742405402,0.233599133526207,17352.6298828125,17460.7259375,-0.0270709702511685,-0.1831107281344248,-0.0649860204540049,2,0
2022-02-21,17206.650390625,17206.650390625,17351.05078125,17070.69921875,17192.25,215200,-0.004031556958107,-0.0040397055923562,0.2325653497749949,17332.1048828125,17454.6329296875,-0.0233011577297114,0.1350210970464134,-0.068755582569171,2,0
2022-02-22,17092.19921875,17092.19921875,17148.55078125,16843.80078125,16847.94921875,300100,-0.0066515660675804,-0.0066737863209561,0.2131241448730494,17329.25986328125,17449.1119140625,-0.0033179812305652,0.3945167286245352,-0.0749498163367775,2,0
2022-02-23,17063.25,17063.25,17220.69921875,17027.849609375,17194.5,200200,-0.0016937094155936,-0.001695145363,0.2112356517399553,17318.52490234375,17443.87890625,-0.0124261980418954,-0.3328890369876708,-0.0765165825427446,2,0
2022-02-24,16247.9501953125,16247.9501953125,16705.25,16203.25,16548.900390625,458000,-0.0477810384708364,-0.0489602690308219,0.271074341929724,17275.414892578126,17424.40990234375,-0.0503911523644419,1.2877122877122875,-0.1206415792394492,1,1
2022-02-25,16658.400390625,16658.400390625,16748.80078125,16478.30078125,16515.650390625,329800,0.0252616601096495,0.0249478581682029,0.2881807665169852,17253.237451171874,17412.60990234375,-0.025935571580268,-0.2799126637554585,-0.0984275256996379,1,1
2022-02-28,16793.900390625,16793.900390625,16815.900390625,16356.2998046875,16481.599609375,404200,0.0081340342903666,0.0081011313355374,0.2848974011967651,17225.939990234376,17408.78392578125,-0.0314852337851203,0.225591267434809,-0.0910941042784281,1,1
2022-03-02,16605.94921875,16605.94921875,16678.5,16478.650390625,16593.099609375,517700,-0.0111916331229355,-0.0112547306669936,0.2809623791767651,17177.394970703124,17408.61892578125,-0.0552374522284783,0.2808015833745669,-0.1012662456066171,1,1
2022-03-03,16498.05078125,16498.05078125,16768.94921875,16442.94921875,16723.19921875,442100,-0.006497577228417,-0.0065187783706088,0.2760064496458916,17113.297509765624,17403.16294921875,-0.0721006309758155,-0.1460305196059493,-0.1071058375835734,1,1
2022-03-04,16245.349609375,16245.349609375,16456.0,16133.7998046875,16339.4501953125,456100,-0.0153170320073322,-0.0154355495239856,0.2774598459836783,17047.555029296876,17388.96095703125,-0.0748766909188058,0.0316670436552815,-0.1207823260484659,1,1
2022-03-07,15863.150390625,15863.150390625,15944.599609375,15711.4501953125,15867.9501953125,585400,-0.0235266847399477,-0.0238078559614201,0.286213943417089,16964.897509765626,17364.77197265625,-0.0943778261900243,0.2834904626178469,-0.1414674030813139,1,1
2022-03-08,16013.4501953125,16013.4501953125,16028.75,15671.4501953125,15747.75,543600,0.0094747765094835,0.0094301723362427,0.286567366742552,16904.8900390625,17344.9659765625,-0.0697210020737827,-0.0714041680901947,-0.1333329985994027,1,1
2022-03-09,16345.349609375,16345.349609375,16418.05078125,15990.0,16078.0,462200,0.0207262900882942,0.0205144230156611,0.2984055177364008,16858.82001953125,17330.14796875,-0.0533626994440181,-0.1497424576894775,-0.1153702069184218,1,1
2022-03-10,16594.900390625,16594.900390625,16757.30078125,16447.900390625,16757.099609375,486400,0.0152673871904744,0.015152013456311,0.3010815919430776,16815.375,17317.3809765625,-0.0497543691381257,0.0523582864560796,-0.1018642213472159,1,1
2022-03-11,16630.44921875,16630.44921875,16694.400390625,16470.900390625,16528.80078125,343700,0.0021421537513466,0.0021398626113986,0.2990207058569958,16766.60498046875,17305.71796875,-0.0554020630793986,-0.2933799342105263,-0.0999402764197563,1,1
2022-03-14,16871.30078125,16871.30078125,16887.94921875,16606.5,16633.69921875,314700,0.014482565042708,0.0143786943723374,0.3023587705744839,16741.43251953125,17299.065,-0.0289759115239067,-0.0843759092231597,-0.0869051029306836,1,1
2022-03-15,16663.0,16663.0,16927.75,16555.0,16900.650390625,381600,-0.0123464565033122,-0.0124233072084706,0.2848524850405392,16732.44248046875,17285.243984375,-0.0106752305382701,0.2125834127740704,-0.0981785893607463,1,1
2022-03-16,16975.349609375,16975.349609375,16987.900390625,16837.849609375,16876.650390625,260000,0.0187451004846066,0.018571576221107,0.2714503712136206,16713.5875,17272.2369921875,-0.0217317800283506,-0.3186582809224318,-0.0812738563991437,1,1
2022-03-17,17287.05078125,17287.05078125,17344.599609375,17175.75,17202.900390625,448300,0.0183619883565082,0.0181954426985114,0.2799167981679163,16711.830078125,17261.8730078125,-0.0020290978677784,0.7242307692307692,-0.0644042176475251,0,2
2022-03-21,17117.599609375,17117.599609375,17353.349609375,17096.400390625,17329.5,285500,-0.0098022024704637,-0.009850560325581,0.2820480958091246,16702.480078125,17245.72,-0.0108063754274146,-0.3631496765558777,-0.0735751169366559,0,2
2022-03-22,17315.5,17315.5,17334.400390625,17006.30078125,17120.400390625,338300,0.0115612232521558,0.0114949029834435,0.2852069063271843,16704.4400390625,17237.1119921875,0.0022689590350581,0.184938704028021,-0.0628645120372083,0,2
2022-03-23,17245.650390625,17245.650390625,17442.400390625,17199.599609375,17405.05078125,292100,-0.004033935455228,-0.0040420937201906,0.2852073676737347,16706.3900390625,17225.771015625,0.0022665654915177,-0.1365651788353532,-0.0666448561084538,0,2
2022-03-24,17222.75,17222.75,17291.75,17091.150390625,17094.94921875,290300,-0.0013278937068936,-0.0013287761390126,0.2841494878942277,16712.917578125,17210.16,0.0076380329751122,-0.0061622731941115,-0.0678842525303242,0,2
2022-03-25,17153.0,17153.0,17294.900390625,17076.55078125,17289.0,237100,-0.0040498758909001,-0.0040580988470762,0.2845019920426151,16717.405078125,17192.105,0.0052598420582246,-0.1832586978987255,-0.07165920562353,0,2
2022-03-28,17222.0,17222.0,17235.099609375,17003.900390625,17181.849609375,253200,0.0040226199498629,0.0040145508462854,0.2170997089954053,16766.107568359374,17172.2980078125,0.0599490885298572,0.0679038380430199,-0.0679248434237995,0,2
2022-03-29,17325.30078125,17325.30078125,17343.650390625,17235.69921875,17297.19921875,235100,0.005998187274997,0.0059802697624021,0.2014392468642938,16799.452587890624,17153.6480078125,0.0400338793033403,-0.0714849921011058,-0.0623340820802832,0,2
2022-03-30,17498.25,17498.25,17522.5,17387.19921875,17468.150390625,505000,0.0099824655821947,0.0099329698927592,0.2022827997835102,16834.670068359374,17138.4980078125,0.0419407995160072,1.148022118247554,-0.0529738643270526,0,2
2022-03-31,17464.75,17464.75,17559.80078125,17435.19921875,17519.19921875,281100,-0.0019144771620018,-0.0019163121157625,0.1967747625550861,16877.610107421875,17121.631015625,0.0517164523350652,-0.4433663366336633,-0.0547869242356174,0,2
2022-04-01,17670.44921875,17670.44921875,17703.69921875,17422.69921875,17436.900390625,291800,0.0117779652585923,0.0117091448747648,0.1963052509104875,16936.230029296876,17112.778984375,0.0710628457291711,0.0380647456421201,-0.0436542374672973,0,2
2022-04-04,18053.400390625,18053.400390625,18114.650390625,17791.400390625,17809.099609375,345500,0.0216718413399843,0.0214403456403388,0.192907176546452,17026.632568359375,17115.078984375,0.1112965140624979,0.1840301576422207,-0.0229284638355222,0,2
2022-04-05,17957.400390625,17957.400390625,18095.44921875,17921.55078125,18080.599609375,283500,-0.005317557796472,-0.0053317463281753,0.1651064180753468,17131.345068359376,17119.0869921875,0.1320198036600399,-0.1794500723589001,-0.0281240982003646,0,2
2022-04-06,17807.650390625,17807.650390625,17901.0,17779.849609375,17842.75,328800,-0.0083391803235717,-0.0083741458125089,0.1724203501306004,17221.055078125,17122.8969921875,0.1120433244197245,0.1597883597883598,-0.0362287465976057,0,2
2022-04-07,17639.55078125,17639.55078125,17787.5,17623.69921875,17723.30078125,308800,-0.0094397411049521,-0.0094845778489411,0.1702024423992165,17285.76513671875,17132.706015625,0.0791785555405129,-0.0608272506082725,-0.0453264977141195,0,2
2022-04-08,17784.349609375,17784.349609375,17842.75,17600.55078125,17698.150390625,274400,0.0082087593907955,0.0081752507766337,0.1657803938399713,17345.23759765625,17142.8340234375,0.0716755865206613,-0.1113989637305699,-0.0374898126370867,0,2
2022-04-11,17674.94921875,17674.94921875,17779.05078125,17650.94921875,17740.900390625,251700,-0.006151497975913,-0.0061704963921376,0.1692471393466493,17397.46259765625,17154.13,0.0628064814281972,-0.0827259475218659,-0.0434106921064454,0,2
2022-04-12,17530.30078125,17530.30078125,17595.30078125,17442.349609375,17584.849609375,266000,-0.0081838106412522,-0.0082174818512636,0.1681815766011266,17430.41259765625,17162.69703125,0.0390604144010273,0.0568136670639649,-0.0512392378636927,0,2
2022-04-13,17475.650390625,17475.650390625,17663.650390625,17457.400390625,17599.900390625,245100,-0.0031174816283502,-0.003122351097155,0.1607398030083417,17471.0451171875,17165.413046875,0.0487697527831123,-0.0785714285714286,-0.0541969821093523,0,2
2022-04-18,17173.650390625,17173.650390625,17237.75,17067.849609375,17183.44921875,376100,-0.0172811880101475,-0.0174322506303487,0.1634241721822293,17480.96015625,17157.3490625,0.0116816905579655,0.5344757241942064,-0.0705415818820855,2,0
2022-04-19,16958.650390625,16958.650390625,17275.650390625,16824.69921875,17258.94921875,401400,-0.0125191788064678,-0.0125982039716312,0.1557784684157155,17464.54013671875,17140.9220703125,-0.0189969009046465,0.0672693432597713,-0.0821776380116804,2,0
2022-04-20,17136.55078125,17136.55078125,17186.900390625,16978.94921875,17045.25,286100,0.010490244596548,0.0104356037788649,0.1570588396116098,17465.4876953125,17132.4491015625,0.0011071162024738,-0.2872446437468858,-0.0725494569382415,2,0
2022-04-21,17392.599609375,17392.599609375,17414.69921875,17215.5,17234.599609375,285200,0.014941678252146,0.0148311509927678,0.1606863653460443,17469.34267578125,17129.975078125,0.0044526354638907,-0.0031457532331352,-0.0586917893290346,2,0
2022-04-22,17171.94921875,17171.94921875,17315.30078125,17149.19921875,17242.75,262700,-0.0126864526051679,-0.0127676127989613,0.1666324890395176,17465.6576171875,17129.1420703125,-0.0042736092989027,-0.0788920056100981,-0.0706336513305674,2,0
2022-04-25,16953.94921875,16953.94921875,17054.30078125,16888.69921875,17009.05078125,275700,-0.0126951225643019,-0.0127763942010033,0.1724994640232429,17452.217578125,17122.8860546875,-0.0156073090098851,0.049486105824134,-0.0824320710340635,2,0
2022-04-26,17200.80078125,17200.80078125,17223.849609375,17064.44921875,17121.30078125,261100,0.0145601216162072,0.0144551408404643,0.1801886678679765,17454.6076171875,17117.6260546875,0.002786730090946,-0.0529561117156329,-0.0690721703971882,2,0
2022-04-27,17038.400390625,17038.400390625,17110.69921875,16958.44921875,17073.349609375,265100,-0.0094414436101153,-0.0094862965799431,0.1826929204105796,17445.42763671875,17106.2770703125,-0.0106607600380327,0.0153198008425889,-0.0778614730054703,2,0
2022-04-28,17245.05078125,17245.05078125,17322.5,17071.05078125,17189.5,312900,0.0121285088909346,0.0120555478734457,0.1867936515119679,17441.41513671875,17103.6830859375,-0.0046319542161628,0.1803093172387777,-0.0666773076821437,2,0
2022-04-29,17102.55078125,17102.55078125,17377.650390625,17053.25,17329.25,336200,-0.0082632403816946,-0.0082975702003302,0.1848344583352675,17421.63017578125,17108.8780859375,-0.0226136452931007,0.0744646852029402,-0.0743895774424565,2,0
2022-05-02,17069.099609375,17069.099609375,17092.25,16917.25,16924.44921875,278200,-0.0019559171203674,-0.001957832424116,0.1848368190888053,17401.84765625,17103.21109375,-0.0226542258334645,-0.1725163593099345,-0.0761999947147273,2,0
2022-05-04,16677.599609375,16677.599609375,17132.849609375,16623.94921875,17096.599609375,310600,-0.0229361834519363,-0.0232033101901817,0.1939526725956724,17352.20517578125,17090.3191015625,-0.0561870044775938,0.1164629762760602,-0.0973884411088501,2,0
2022-05-05,16682.650390625,16682.650390625,16945.69921875,16651.849609375,16854.75,265800,0.0003028482136697,0.0003028023644061,0.1720594354874602,17283.66767578125,17077.8801171875,-0.0759275244741052,-0.1442369607211847,-0.0971150868106022,2,0
2022-05-06,16411.25,16411.25,16484.19921875,16340.900390625,16415.55078125,300500,-0.0162684216398562,-0.016402205362178,0.177637051049092,17206.36015625,17060.5791015625,-0.0861010144559786,0.1305492851768246,-0.1118035992706324,2,0
2022-05-09,16301.849609375,16301.849609375,16403.69921875,16142.099609375,16227.7001953125,288400,-0.0066661826871809,-0.0066885009232451,0.1772500322758466,17131.0701171875,17042.4830859375,-0.0845592061961606,-0.0402662229617304,-0.117724478739991,2,0
2022-05-10,16240.0498046875,16240.0498046875,16404.55078125,16197.2998046875,16248.900390625,283100,-0.0037909688880922,-0.0037981728230063,0.1762404026381675,17061.095068359376,17025.44009765625,-0.0793388104900099,-0.018377253814147,-0.1210691577918131,2,0
2022-05-11,16167.099609375,16167.099609375,16318.75,15992.599609375,16270.0498046875,284300,-0.0044919933245182,-0.0045021126418402,0.1701369365532805,16980.232568359374,17007.51708984375,-0.0909366963381932,0.0042387848816671,-0.1250173092677254,2,0
2022-05-12,15808.0,15808.0,16041.9501953125,15735.75,16021.099609375,314900,-0.0222117521417858,-0.0224621478725792,0.1813763008160773,16886.885107421876,16998.7180859375,-0.1056268505014711,0.1076327822722476,-0.1444522079226236,2,0
2022-05-13,15782.150390625,15782.150390625,16083.599609375,15740.849609375,15977.0,369100,-0.0016352232651188,-0.0016365617019766,0.1816119819021082,16799.477587890626,16981.1930859375,-0.0997216426825249,0.1721181327405525,-0.1458512195766497,2,0
2022-05-16,15842.2998046875,15842.2998046875,15977.9501953125,15739.650390625,15845.099609375,217600,0.0038112305721171,0.003803986233609,0.1843333141077747,16717.81005859375,16962.16107421875,-0.0934643660995717,-0.4104578704958006,-0.1425958616315636,2,0
2022-05-17,16259.2998046875,16259.2998046875,16284.25,15900.7998046875,15912.599609375,295700,0.0263219359020472,0.0259814752129634,0.2080904065529029,16672.092529296875,16955.2280859375,-0.0532414812890705,0.3589154411764705,-0.1200273248592795,2,0
2022-05-18,16240.2998046875,16240.2998046875,16399.80078125,16211.2001953125,16318.150390625,290400,-0.0011685620062508,-0.0011692453072036,0.204835064472878,16636.175,16950.07306640625,-0.0423589477576951,-0.0179235711870138,-0.121055627493988,2,0
2022-05-19,15809.400390625,15809.400390625,15984.75,15775.2001953125,15917.400390625,313900,-0.0265327253341793,-0.0268910708974037,0.2168807666841902,16569.81748046875,16941.35408203125,-0.0774455961159409,0.0809228650137741,-0.1443764171137126,2,0
2022-05-20,16266.150390625,16266.150390625,16283.0498046875,16003.849609375,16043.7998046875,252400,0.0288910387942893,0.0284815608605715,0.2370965270926125,16513.49501953125,16949.41408203125,-0.0647660064653485,-0.1959222682382924,-0.119656562987236,2,0
2022-05-23,16214.7001953125,16214.7001953125,16414.69921875,16185.75,16290.9501953125,293800,-0.0031630222318707,-0.0031680351601504,0.2344722467459079,16465.632568359375,16953.43908203125,-0.0557449251242999,0.1640253565768621,-0.122441108850189,2,0
2022-05-24,16125.150390625,16125.150390625,16262.7998046875,16078.599609375,16225.5498046875,249800,-0.0055227542667355,-0.0055380610571896,0.2318079114480253,16424.192626953125,16949.03509765625,-0.0488852961296121,-0.1497617426820966,-0.1272876509605982,2,0
2022-05-25,16025.7998046875,16025.7998046875,16223.349609375,16006.9501953125,16196.349609375,243300,-0.0061612191843656,-0.0061802778185587,0.2231950100512521,16365.442578125,16937.6530859375,-0.0683108299145774,-0.0260208166533226,-0.1326646230279327,2,0
2022-05-26,16170.150390625,16170.150390625,16204.4501953125,15903.7001953125,16105.0,314300,0.0090073873189953,0.0089670627708302,0.2262628114081777,16322.030078125,16928.447109375,-0.0509584221578531,0.2918207973695026,-0.1248521973520784,2,0
2022-05-27,16352.4501953125,16352.4501953125,16370.599609375,16221.9501953125,16296.599609375,274100,0.0112738471989222,0.0112107710150345,0.2255550912011016,16277.400048828124,16918.07009765625,-0.0517598119750389,-0.1279032771237671,-0.1149859147485531,2,0
2022-05-30,16661.400390625,16661.400390625,16695.5,16506.150390625,16527.900390625,251400,0.0188932050929628,0.018716945110386,0.2367036908045241,16255.342529296877,16918.03810546875,-0.0257944207427026,-0.0828164903319956,-0.0982651621257366,2,0
2022-05-31,16584.55078125,16584.55078125,16690.75,16521.900390625,16578.44921875,651600,-0.0046124339835348,-0.00462310407988,0.2369898357676856,16231.115087890625,16910.22212890625,-0.0283874861131437,1.5918854415274462,-0.1024243545360852,2,0
2022-06-01,16522.75,16522.75,16649.19921875,16438.849609375,16594.400390625,249600,-0.0037264067061659,-0.0037333670564133,0.2229361356075671,16223.372607421876,16894.93611328125,-0.0092848858949674,-0.6169429097605893,-0.1057690864406332,2,0
2022-06-02,16628.0,16628.0,16646.400390625,16443.05078125,16481.650390625,236000,0.0063700049931154,0.0063498022602603,0.2242423699375874,16220.640087890624,16885.14412109375,-0.0032758817900848,-0.0544871794871795,-0.1000728310562617,2,0
2022-06-03,16584.30078125,16584.30078125,16793.849609375,16567.900390625,16761.650390625,245500,-0.0026280502014673,-0.0026315095876877,0.216200002818416,16229.292626953124,16870.52013671875,0.0105446435372076,0.0402542372881356,-0.1024378848339103,2,0
2022-06-06,16569.55078125,16569.55078125,16610.94921875,16444.55078125,16530.69921875,233600,-0.0008893953501298,-0.0008897910968418,0.2146080815867091,16242.677685546874,16856.99814453125,0.0164215213788407,-0.0484725050916496,-0.1032361724055918,2,0
2022-06-07,16416.349609375,16416.349609375,16487.25,16347.099609375,16469.599609375,233800,-0.0092459460064759,-0.0092889550768917,0.2170445242434488,16251.49267578125,16840.87013671875,0.0108558660107442,0.0008561643835616,-0.1115276023360904,2,0
2022-06-08,16356.25,16356.25,16514.30078125,16293.349609375,16474.94921875,243500,-0.0036609606157923,-0.0036676783326505,0.2168075115768703,16260.9501953125,16824.93513671875,0.0116997108445671,0.0414884516680924,-0.1147802647921566,2,0
2022-06-09,16478.099609375,16478.099609375,16492.80078125,16243.849609375,16263.849609375,205000,0.0074497277416889,0.0074221155706157,0.199977375734057,16294.45517578125,16810.05712890625,0.0423899044392079,-0.1581108829568788,-0.1081856187732882,2,0
2022-06-10,16201.7998046875,16201.7998046875,16324.7001953125,16172.599609375,16283.9501953125,189700,-0.0167676984141,-0.0169098677448552,0.2107943215224533,16315.437646484375,16787.587109375,0.0265901289542762,-0.0746341463414633,-0.123139293359055,2,0
2022-06-13,15774.400390625,15774.400390625,15886.150390625,15684.0,15877.5498046875,225500,-0.0263797491152091,-0.0267339375202159,0.2327359426932632,16312.04267578125,16753.1101171875,-0.0042859568938601,0.1887190300474432,-0.146270658809228,2,0
2022-06-14,15732.099609375,15732.099609375,15858.0,15659.4501953125,15674.25,225400,-0.0026816094559853,-0.0026852114114221,0.2111877175260926,16285.682666015626,16718.457109375,-0.0324245325226434,-0.0004434589800443,-0.1485600274834174,2,0
2022-06-15,15692.150390625,15692.150390625,15783.650390625,15678.900390625,15729.25,183000,-0.002539344381356,-0.0025425739848417,0.2112026797471555,16258.2751953125,16678.8911328125,-0.0337524196384777,-0.1881100266193434,-0.1507221267936893,2,0
2022-06-16,15360.599609375,15360.599609375,15863.150390625,15335.099609375,15832.25,264700,-0.0211284478542902,-0.021354848179315,0.2032136080033196,16235.83515625,16625.0351171875,-0.0283882228396302,0.446448087431694,-0.1686660500515314,2,0
2022-06-17,15293.5,15293.5,15400.400390625,15183.400390625,15272.650390625,342600,-0.0043682936266399,-0.004377862497838,0.1697638025948,16187.20263671875,16571.757109375,-0.059795979212487,0.2942954287873063,-0.1722975608467006,2,0
2022-06-20,15350.150390625,15350.150390625,15382.5,15191.099609375,15334.5,260000,0.0037042135956451,0.0036973698916184,0.1714588393197719,16143.975146484376,16522.607109375,-0.0533188892963578,-0.2410974897840047,-0.1692315742184402,2,0
2022-06-21,15638.7998046875,15638.7998046875,15707.25,15419.849609375,15455.9501953125,262800,0.018804337854487,0.0186297219218027,0.186985430218624,16119.6576171875,16482.59208984375,-0.0301609953492439,0.0107692307692308,-0.1536095240612034,2,0
2022-06-22,15413.2998046875,15413.2998046875,15565.400390625,15385.9501953125,15545.650390625,220900,-0.0144192650853174,-0.0145242329496379,0.192015027214564,16089.0326171875,16435.17109375,-0.038219621327158,-0.1594368340943683,-0.1658138526994529,2,0
2022-06-23,15556.650390625,15556.650390625,15628.4501953125,15367.5,15451.5498046875,259200,0.0093004475196092,0.0092574646586046,0.192236621686844,16058.3576171875,16392.8051171875,-0.0379402779306053,0.1733816206428249,-0.1580555482148992,2,0
2022-06-24,15699.25,15699.25,15749.25,15619.4501953125,15657.400390625,219600,0.0091664725885294,0.0091247154617346,0.1904793478105385,16025.697607421876,16356.1841015625,-0.0399450961483278,-0.1527777777777778,-0.1503378874765466,2,0
2022-06-27,15832.0498046875,15832.0498046875,15927.4501953125,15815.5,15926.2001953125,210900,0.008458990377725,0.0084234136068693,0.1787463152238326,15984.230078125,16323.31208984375,-0.0497767634468563,-0.0396174863387978,-0.1431506038423932,2,0
2022-06-28,15850.2001953125,15850.2001953125,15892.099609375,15710.150390625,15757.4501953125,251900,0.0011464333961117,0.0011457767431705,0.1790328968696861,15947.512548828125,16296.8430859375,-0.0442791966827184,0.1944049312470366,-0.1421682830791998,2,0
2022-06-29,15799.099609375,15799.099609375,15861.599609375,15687.7998046875,15701.7001953125,444900,-0.0032239710103227,-0.0032291792019122,0.1789869710217827,15911.330029296874,16273.6520703125,-0.0437972123662828,0.7661770543866613,-0.1449339076662879,2,0
2022-06-30,15780.25,15780.25,15890.0,15728.849609375,15774.5,306000,-0.0011930812414028,-0.0011937935294284,0.1761665253112887,15868.942529296875,16246.5260546875,-0.0509832812124128,-0.3122049898853675,-0.1459540709812108,2,0
2022-07-01,15752.0498046875,15752.0498046875,15793.9501953125,15511.0498046875,15703.7001953125,364100,-0.0017870563085186,-0.0017886549985601,0.1761909727436436,15827.32998046875,16213.71505859375,-0.0501830609285277,0.1898692810457516,-0.1474802991464284,2,0
2022-07-04,15835.349609375,15835.349609375,15852.349609375,15661.7998046875,15710.5,304300,0.0052881882498054,0.0052742548822503,0.1783183525883209,15790.619921875,16186.98306640625,-0.0443102641446271,-0.1642405932436144,-0.1429720144816468,2,0
2022-07-05,15810.849609375,15810.849609375,16025.75,15785.4501953125,15909.150390625,254200,-0.0015471713984448,-0.0015483695040555,0.1763813684314711,15760.344921875,16164.12107421875,-0.0368839610758662,-0.1646401577390732,-0.1442979836685076,2,0
2022-07-06,15989.7998046875,15989.7998046875,16011.349609375,15800.900390625,15818.2001953125,288400,0.0113181897073002,0.0112546182245321,0.1822308965703377,15742.022412109374,16139.9010546875,-0.022404291650745,0.1345397324940991,-0.1346129859147485,2,0
2022-07-07,16132.900390625,16132.900390625,16150.5,16045.9501953125,16113.75,264600,0.0089494920315105,0.0089096826671292,0.1832308978064322,15724.762451171877,16121.7910546875,-0.0209489702655761,-0.0825242718446601,-0.1268682117280198,2,0
2022-07-08,16220.599609375,16220.599609375,16275.5,16157.900390625,16273.650390625,281100,0.0054360478665673,0.0054213258871873,0.1745486130106832,15725.70244140625,16101.30203125,0.0011603528567276,0.0623582766439909,-0.1221218255331518,2,0
2022-07-11,16216.0,16216.0,16248.5498046875,16115.5,16136.150390625,255900,-0.0002835659276332,-0.0002836061400529,0.1431237890417321,15747.782421875,16083.571015625,0.0279947001749398,-0.0896478121664887,-0.1223707618720435,2,0
2022-07-12,16058.2998046875,16058.2998046875,16158.75,16031.150390625,16126.2001953125,208600,-0.0097249750439381,-0.0097725714476848,0.1479245943646876,15764.092431640624,16063.35501953125,0.0207346891649549,-0.1848378272762798,-0.1309056843106683,2,0
2022-07-13,15966.650390625,15966.650390625,16140.0,15950.150390625,16128.2001953125,233300,-0.0057072925015229,-0.0057236413300785,0.1493664018150562,15777.817431640626,16049.13603515625,0.0174928224090942,0.1184084372003835,-0.1358658597817182,2,0
2022-07-14,15938.650390625,15938.650390625,16070.849609375,15858.2001953125,16018.849609375,228600,-0.0017536552323109,-0.0017551946856914,0.1248889113515409,15806.719970703123,16034.25603515625,0.0376320453595573,-0.020145735105015,-0.1373812531381306,2,0
2022-07-15,16049.2001953125,16049.2001953125,16066.9501953125,15927.2998046875,16010.7998046875,205800,0.0069359576863876,0.0069120145803651,0.1238507961428953,15844.50498046875,16027.0150390625,0.0494131621481348,-0.0997375328083989,-0.131398166010412,2,0
2022-07-18,16278.5,16278.5,16287.9501953125,16142.2001953125,16151.400390625,227700,0.0142873041582765,0.0141862024707188,0.1307018307404676,15890.9224609375,16026.548046875,0.0604782093823643,0.1064139941690962,-0.118988187415766,2,0
2022-07-19,16340.5498046875,16340.5498046875,16359.5,16187.0498046875,16187.0498046875,222600,0.0038117642711243,0.0038045179061477,0.1169640852599713,15926.0099609375,16028.558046875,0.0448723692843526,-0.0223978919631093,-0.1156299780661187,0,2
2022-07-20,16520.849609375,16520.849609375,16588.0,16490.94921875,16562.80078125,284400,0.0110338885069691,0.0109734592658458,0.1027824131216334,15981.387451171877,16035.633046875,0.0718567612855147,0.2776280323450135,-0.1058719378451943,0,2
2022-07-21,16605.25,16605.25,16626.94921875,16483.900390625,16523.55078125,243600,0.005108719746296,0.0050957145121648,0.1007149661218792,16033.817431640626,16051.578046875,0.0674052307562895,-0.1434599156118143,-0.1013040881583468,0,2
2022-07-22,16719.44921875,16719.44921875,16752.25,16610.900390625,16661.25,190900,0.0068772959606149,0.0068537552301666,0.0992737962685115,16084.827392578123,16070.3240234375,0.064983946287243,-0.2163382594417077,-0.095123490394017,0,2
2022-07-25,16631.0,16631.0,16706.05078125,16564.25,16662.55078125,211400,-0.0052901993117577,-0.0053042419636502,0.1015318776849031,16124.77490234375,16086.09802734375,0.0504641032063928,0.1073860660031429,-0.0999104674823604,0,2
2022-07-26,16483.849609375,16483.849609375,16636.099609375,16463.30078125,16632.900390625,208200,-0.008847958067765,-0.0088873336833467,0.1092120683332584,16156.457373046876,16090.5890234375,0.0399773760743977,-0.0151371807000946,-0.1078744219233106,0,2
2022-07-27,16641.80078125,16641.80078125,16653.44921875,16438.75,16475.349609375,185200,0.0095821774414373,0.0095365595600848,0.1105596649398215,16198.592431640624,16098.61904296875,0.0533385567981956,-0.1104707012487992,-0.0993259163341349,0,2
2022-07-28,16929.599609375,16929.599609375,16947.650390625,16746.25,16774.849609375,376300,0.0172937311236929,0.0171458965295262,0.1208991898946413,16256.059912109376,16121.02302734375,0.0728346895248808,1.0318574514038876,-0.0837499009011389,2,0
2022-07-29,17158.25,17158.25,17172.80078125,17018.150390625,17079.5,436100,0.0135059538264792,0.0134155614131158,0.1240573174880313,16326.369921875,16138.86501953125,0.0892709337989803,0.1589157587031624,-0.0713750693692026,2,0
2022-08-01,17340.05078125,17340.05078125,17356.25,17154.80078125,17243.19921875,381500,0.0105955316684394,0.0105397924018547,0.1260122030739491,16401.60498046875,16161.37203125,0.0950216578094476,-0.1252006420545746,-0.0615357945086018,2,0
2022-08-02,17345.44921875,17345.44921875,17390.150390625,17215.849609375,17310.150390625,333600,0.0003113276638058,0.0003112792114048,0.1249895059149934,16478.3349609375,16185.7780078125,0.0970599080561149,-0.1255570117955439,-0.0612436246399408,2,0
2022-08-03,17388.150390625,17388.150390625,17407.5,17225.849609375,17349.25,285400,0.0024618083588656,0.0024587830727669,0.122686299955719,16548.252490234376,16213.02501953125,0.0874526637617791,-0.1444844124700239,-0.0589325863481409,2,0
2022-08-04,17382.0,17382.0,17490.69921875,17161.25,17463.099609375,325000,-0.0003537116074355,-0.0003537741781412,0.1223677869204277,16610.707470703124,16237.26201171875,0.077425607245481,0.1387526278906796,-0.0592654528157289,2,0
2022-08-05,17397.5,17397.5,17474.400390625,17348.75,17423.650390625,355300,0.0008917270739845,0.0008913297215996,0.1225930189389317,16669.552490234375,16258.1630078125,0.0725559115548841,0.0932307692307692,-0.058426574350572,2,0
2022-08-08,17525.099609375,17525.099609375,17548.80078125,17359.75,17401.5,257000,0.0073343646716481,0.0073075990121405,0.1224450918190438,16735.007470703124,16275.4369921875,0.0807288856299333,-0.2766676048409794,-0.0515207314817262,2,0
2022-08-10,17534.75,17534.75,17566.099609375,17442.80078125,17566.099609375,312700,0.0005506610997998,0.000550509541612,0.1122341946549759,16808.82998046875,16294.4409765625,0.0919431205837566,0.2167315175097275,-0.0509984408445866,2,0
2022-08-11,17659.0,17659.0,17719.30078125,17631.94921875,17711.650390625,311200,0.0070859293688247,0.0070609421403666,0.1059406356291955,16893.4474609375,16317.1659765625,0.1059927766921409,-0.0047969299648225,-0.0442738828255067,2,0
2022-08-12,17698.150390625,17698.150390625,17724.650390625,17597.849609375,17659.650390625,303900,0.0022170219505635,0.0022145679837284,0.1034733029969147,16981.4224609375,16338.568984375,0.1103920317516296,-0.0234575835475578,-0.0421550170450041,2,0
2022-08-16,17825.25,17825.25,17839.099609375,17764.05078125,17797.19921875,0,0.0071815193435313,0.007155855032733,0.1035293031227707,17070.224951171876,16363.38796875,0.1106628232605779,-1.0,-0.0352762347718083,2,0
2022-08-17,17944.25,17944.25,17965.94921875,17833.349609375,17868.150390625,262800,0.0066759231988331,0.0066537379070216,0.0982204476605517,17153.512451171875,16390.881953125,0.102328224344995,,-0.0288358130070558,2,0
2022-08-18,17956.5,17956.5,17968.44921875,17852.05078125,17898.650390625,263900,0.000682669936052,0.000682437022927,0.0992895527716064,17234.3099609375,16421.6849609375,0.0988920332930869,0.0041856925418568,-0.0281728284136254,2,0
2022-08-19,17758.44921875,17758.44921875,17992.19921875,17710.75,17966.55078125,295600,-0.011029475746944,-0.0110907513899549,0.1110386050042829,17296.18994140625,16449.7289453125,0.0749113779640429,0.1201212580522925,-0.0388915726328585,2,0
2022-08-22,17490.69921875,17490.69921875,17690.05078125,17467.349609375,17682.900390625,287600,-0.0150773300473388,-0.0151921485542088,0.1292949024815676,17340.46240234375,16469.9809375,0.0533234500383914,-0.027063599458728,-0.0533825216035517,2,0
2022-08-23,17577.5,17577.5,17625.55078125,17345.19921875,17357.349609375,285600,0.0049626821755044,0.004950408657946,0.1286387421446778,17383.36494140625,16497.49494140625,0.0513205172026685,-0.0069541029207231,-0.0486847599164926,2,0
2022-08-24,17604.94921875,17604.94921875,17623.650390625,17499.25,17525.44921875,262000,0.0015616110795051,0.0015603930328352,0.125380018034846,17432.06240234375,16534.10591796875,0.0585622763964885,-0.0826330532212885,-0.0471991754974763,2,0
2022-08-25,17522.44921875,17522.44921875,17726.5,17487.44921875,17679.0,230200,-0.0046861822192667,-0.0046971967955087,0.1209845841697909,17483.9923828125,16569.91291015625,0.063007102951504,-0.1213740458015266,-0.0516641737797627,2,0
2022-08-26,17558.900390625,17558.900390625,17685.849609375,17519.349609375,17619.30078125,266600,0.0020802555293466,0.0020780947938819,0.1185574157101027,17529.84736328125,16607.24791015625,0.0551081954068504,0.1581233709817548,-0.0496913929335905,2,0
2022-08-29,17312.900390625,17312.900390625,17380.150390625,17166.19921875,17188.650390625,244900,-0.0140099889245538,-0.0141090551859436,0.1198869333160133,17549.01240234375,16646.29392578125,0.0226408651175507,-0.0813953488372093,-0.0630052059934991,2,0
2022-08-30,17759.30078125,17759.30078125,17777.650390625,17401.5,17414.94921875,324700,0.0257842637890255,0.0254574554274316,0.1418720860264661,17579.06494140625,16695.60994140625,0.0350298416942287,0.3258472846059617,-0.0388454850558918,2,0
2022-09-01,17542.80078125,17542.80078125,17695.599609375,17468.44921875,17485.69921875,308500,-0.0121907952721076,-0.0122657125065035,0.1461035693265214,17589.20244140625,16739.46294921875,0.0116925839813131,-0.0498922081921774,-0.0505627229724373,2,0
2022-09-02,17539.44921875,17539.44921875,17643.849609375,17476.44921875,17598.400390625,256300,-0.0001910505934481,-0.0001910688459375,0.1461267598402622,17598.90244140625,16777.4759375,0.0111844898078679,-0.1692058346839546,-0.0507441135276551,2,0
2022-09-05,17665.80078125,17665.80078125,17683.150390625,17540.349609375,17546.44921875,230300,0.0072038500710118,0.0071780262893559,0.1478912809109832,17612.7849609375,16822.52595703125,0.0159677932607886,-0.1014436207569254,-0.043905816442483,2,0
2022-09-06,17655.599609375,17655.599609375,17764.650390625,17587.650390625,17695.69921875,251200,-0.0005774531254664,-0.0005776199157346,0.1479164162196002,17626.46494140625,16864.50494140625,0.0157403986523414,0.090751194094659,-0.0444579160170185,2,0
2022-09-07,17624.400390625,17624.400390625,17650.75,17484.30078125,17519.400390625,354100,-0.0017671004916441,-0.0017686636555011,0.148191179588527,17637.8099609375,16903.00794921875,0.0130421262034774,0.4096337579617835,-0.0461464549034116,2,0
2022-09-08,17798.75,17798.75,17807.650390625,17691.94921875,17748.150390625,279800,0.0098925129655895,0.0098439023835124,0.1499657844904668,17651.49248046875,16942.341953125,0.0156147694863093,-0.2098277322790172,-0.03671044634127,2,0
2022-09-09,17833.349609375,17833.349609375,17925.94921875,17786.0,17923.349609375,270300,0.0019439347917691,0.001942047795601,0.1500195296496057,17666.4224609375,16982.00494140625,0.0170290200530376,-0.0339528234453181,-0.0348378742633651,1,1
2022-09-12,17936.349609375,17936.349609375,17980.55078125,17889.150390625,17890.849609375,228200,0.005775695663245,0.0057590802792838,0.1493737951823426,17680.28994140625,17024.74994140625,0.0157058502392548,-0.1557528671846096,-0.0292633915594197,2,0
2022-09-13,18070.05078125,18070.05078125,18088.30078125,18015.44921875,18044.44921875,259900,0.0074542019299801,0.0074265566640349,0.151172932578581,17698.8849609375,17070.54595703125,0.0210135173685721,0.1389132340052585,-0.0220273248592796,1,1
2022-09-14,18003.75,18003.75,18091.55078125,17771.150390625,17771.150390625,365900,-0.0036690976717561,-0.0036758453208641,0.15024733089959,17707.8099609375,17115.5799609375,0.0100138847982496,0.4078491727587534,-0.0256156021246796,2,0
2022-09-15,17877.400390625,17877.400390625,18096.150390625,17861.5,18046.349609375,289600,-0.0070179606679163,-0.0070427023794097,0.1506702393900622,17704.46748046875,17156.4209765625,-0.0037254055965002,-0.2085269199234763,-0.0324537935044,1,1
2022-09-16,17530.849609375,17530.849609375,17820.05078125,17497.25,17796.80078125,468500,-0.0193848531485446,-0.0195752033704768,0.1655451968731223,17683.1849609375,17190.8209765625,-0.0237045298707988,0.6177486187845305,-0.0512095346317486,2,0
2022-09-19,17622.25,17622.25,17667.19921875,17429.69921875,17540.650390625,258300,0.0052136885924867,0.0052001443746094,0.1627107480887317,17676.375,17223.46998046875,-0.0076695446247747,-0.4486659551760938,-0.046262836605798,1,1
2022-09-20,17816.25,17816.25,17919.30078125,17744.400390625,17770.400390625,263100,0.0110088098852303,0.0109486540312579,0.1575350734182226,17692.6525390625,17257.13697265625,0.0186127939871614,0.0185830429732869,-0.0357633254935123,2,0
2022-09-21,17718.349609375,17718.349609375,17838.69921875,17663.599609375,17766.349609375,245500,-0.0054950054374517,-0.0055101585161579,0.1583611520369131,17699.69501953125,17287.09197265625,0.0080130626866732,-0.0668947168377043,-0.0410618112629158,1,1
2022-09-22,17629.80078125,17629.80078125,17722.75,17532.44921875,17609.650390625,284100,-0.0049975776569025,-0.0050101073108318,0.1594358941535265,17700.93759765625,17315.36798828125,0.0014116236401029,0.1572301425661915,-0.0458541793292989,2,0
2022-09-23,17327.349609375,17327.349609375,17642.150390625,17291.650390625,17593.849609375,390800,-0.0171556772324205,-0.0173045408909074,0.1703436733715176,17691.1826171875,17340.748984375,-0.0111342659316274,0.3755719816965857,-0.0622231970613884,1,1
2022-09-26,17016.30078125,17016.30078125,17196.400390625,16978.30078125,17156.30078125,492000,-0.0179513217622564,-0.0181144013493809,0.1809460985256827,17664.05263671875,17361.7419921875,-0.0309016850317519,0.2589559877175025,-0.0790575301921197,2,0
2022-09-27,17007.400390625,17007.400390625,17176.44921875,16942.349609375,17110.900390625,359900,-0.0005230508522044,-0.0005231876910193,0.1747801153935098,17648.77763671875,17383.1169921875,-0.0176458012873123,-0.2684959349593496,-0.0795392299357838,1,1
2022-09-28,16858.599609375,16858.599609375,17037.599609375,16820.400390625,16870.55078125,323900,-0.0087491784653945,-0.0087876772469355,0.1462544659424644,17603.742578125,17399.30498046875,-0.0507171528299101,-0.1000277854959711,-0.0875925054834703,2,0
2022-09-29,16818.099609375,16818.099609375,17026.05078125,16788.599609375,16993.599609375,340000,-0.0024023347691036,-0.0024052250050792,0.1417318026408745,17567.50751953125,17410.09697265625,-0.0413104601090591,0.0497066995986414,-0.0897844137311382,1,1
2022-09-30,17094.349609375,17094.349609375,17187.099609375,16747.69921875,16798.05078125,376100,0.016425755966269,0.0162923125267817,0.1560452649259019,17545.2525390625,17425.17296875,-0.0253770573878214,0.1061764705882353,-0.0748334346343913,2,0
2022-10-03,16887.349609375,16887.349609375,17114.650390625,16855.55078125,17102.099609375,278400,-0.0121092644487904,-0.012183178897324,0.1572473913021303,17506.32998046875,17432.50296875,-0.0440654336315864,-0.2597713374102632,-0.0860365212335826,1,1
2022-10-04,17274.30078125,17274.30078125,17287.30078125,17117.30078125,17147.44921875,226000,0.0229136709327191,0.0226550952685504,0.1804449660016747,17487.2650390625,17445.883984375,-0.0215964813748117,-0.1882183908045976,-0.0650942628366058,2,0
2022-10-06,17331.80078125,17331.80078125,17428.80078125,17315.650390625,17379.25,265500,0.0033286441360573,0.0033231164632058,0.1810955968867272,17472.63505859375,17458.131015625,-0.0166019610817876,0.1747787610619469,-0.0619822943368304,1,1
2022-10-07,17314.650390625,17314.650390625,17337.349609375,17216.94921875,17287.19921875,216300,-0.0009895331040011,-0.0009900230150986,0.1766493309027108,17448.430078125,17471.8040234375,-0.0271985172764941,-0.1853107344632768,-0.0629104939087233,2,0
2022-10-10,17241.0,17241.0,17280.150390625,17064.69921875,17094.349609375,234000,-0.0042536458411471,-0.0042627183291925,0.1764752229526509,17418.81259765625,17486.94703125,-0.0332158356309911,0.0818307905686546,-0.0668965407890912,1,1
2022-10-11,16983.55078125,16983.55078125,17261.80078125,16950.30078125,17256.05078125,282600,-0.0149323831999303,-0.0150449936685785,0.1802405061951095,17371.17265625,17493.78203125,-0.053121111534701,0.2076923076923076,-0.0808299992072091,2,0
2022-10-12,17123.599609375,17123.599609375,17142.349609375,16960.05078125,17025.55078125,256000,0.0082461453396196,0.008212331644389,0.1808482889997306,17323.85009765625,17497.66203125,-0.0523767853965891,-0.0941259731068648,-0.0732503897888533,1,1
2022-10-13,17014.349609375,17014.349609375,17112.349609375,16956.94921875,17087.349609375,266400,-0.0063800837728176,-0.0064005234917517,0.1813033456864555,17274.380078125,17494.7840234375,-0.0549552393598555,0.0406249999999999,-0.0791631299384265,2,0
2022-10-14,17185.69921875,17185.69921875,17348.55078125,17169.75,17322.30078125,227000,0.0100708880038873,0.0100205145326987,0.1860938509286462,17239.79501953125,17491.6969921875,-0.038691373284772,-0.1478978978978978,-0.0698894849501863,1,1
2022-10-17,17311.80078125,17311.80078125,17328.55078125,17098.55078125,17144.80078125,212200,0.0073375869608156,0.0073107978348221,0.1765934802756341,17228.842578125,17491.0240234375,-0.0124950491850582,-0.0651982378854625,-0.0630647181628392,2,0
2022-10-18,17486.94921875,17486.94921875,17527.80078125,17434.05078125,17438.75,239500,0.010117285874136,0.0100664487390829,0.179544012610875,17222.0775390625,17493.0,-0.0076778380314659,0.1286522148916116,-0.0535854760709283,1,1
2022-10-19,17512.25,17512.25,17607.599609375,17472.849609375,17568.150390625,210500,0.0014468379208691,0.0014457922593648,0.1746907336327799,17206.8775390625,17495.605,-0.0170630744404687,-0.1210855949895616,-0.0522161676488465,2,0
2022-10-20,17563.94921875,17563.94921875,17584.150390625,17421.0,17423.099609375,249600,0.002952174549244,0.0029478254394111,0.1742843510888101,17199.15751953125,17498.933984375,-0.0087141519401617,0.1857482185273158,-0.0494181443407943,1,1
2022-10-21,17576.30078125,17576.30078125,17670.150390625,17520.75,17622.849609375,277700,0.0007032337856462,0.0007029866326317,0.1734743304026327,17196.48251953125,17499.9580078125,-0.0030346344047686,0.1125801282051282,-0.0487496630638725,2,0
2022-10-24,17730.75,17730.75,17777.55078125,17707.400390625,17736.349609375,45000,0.0087873563767617,0.008748972260095,0.1636821018312466,17216.6525390625,17503.8780078125,0.0232811364530176,-0.8379546272956427,-0.0403906873497,1,1
2022-10-25,17656.349609375,17656.349609375,17811.5,17637.0,17808.30078125,251400,-0.004196122026705,-0.0042049504521588,0.1487326675372484,17248.65498046875,17503.825,0.0376138642794947,4.586666666666667,-0.0444173251235432,2,0
2022-10-27,17736.94921875,17736.94921875,17783.900390625,17654.5,17771.400390625,324600,0.0045649078749665,0.0045545202832827,0.1487519274921991,17285.132421875,17504.6009765625,0.0428959636022416,0.2911694510739857,-0.040055178245818,1,1
2022-10-28,17786.80078125,17786.80078125,17838.900390625,17723.69921875,17756.400390625,250000,0.0028106052447454,0.0028066628790527,0.1430816374765037,17331.54248046875,17503.8319921875,0.0550580234053859,-0.2298213185459026,-0.0373571522951295,2,0
2022-10-31,18012.19921875,18012.19921875,18022.80078125,17899.900390625,17910.19921875,227200,0.0126722303955641,0.0125926096268805,0.1458887542719644,17391.2474609375,17505.1909765625,0.0710008643728907,-0.0911999999999999,-0.0251583203403715,1,1
2022-11-01,18145.400390625,18145.400390625,18175.80078125,18060.150390625,18130.69921875,349900,0.0073950532223929,0.0073678438770083,0.13871574125658,17443.8,17508.968984375,0.0614852746824352,0.5400528169014085,-0.0179493142358817,2,0
2022-11-02,18082.849609375,18082.849609375,18178.75,18048.650390625,18177.900390625,270900,-0.0034471976315451,-0.0034531529072475,0.1291902669487428,17503.575,17515.4569921875,0.0707926363611444,-0.225778793941126,-0.021334637033905,1,1
2022-11-03,18052.69921875,18052.69921875,18106.30078125,17959.19921875,17968.349609375,213000,-0.0016673473084335,-0.001668738878993,0.1083234651292632,17542.494921875,17526.6969921875,0.0450610677304459,-0.2137320044296788,-0.0229664120927036,2,0
2022-11-04,18117.150390625,18117.150390625,18135.099609375,18017.150390625,18053.400390625,267900,0.0035701681556883,0.0035638102334325,0.1083598163396761,17581.76240234375,17537.49,0.0453126376934018,0.2577464788732395,-0.0194782378901191,1,1
2022-11-07,18202.80078125,18202.80078125,18255.5,18064.75,18211.75,314800,0.0047275862251119,0.0047164462855731,0.1080133458277825,17626.169921875,17549.44703125,0.0512947342619107,0.1750653228816723,-0.014842736714146,2,0
2022-11-09,18157.0,18157.0,18296.400390625,18117.5,18288.25,307200,-0.0025161392359563,-0.0025193100341803,0.1067350843015176,17671.969921875,17562.138046875,0.0531291688417145,-0.0241423125794154,-0.0173215295578869,1,0
2022-11-10,18028.19921875,18028.19921875,18103.099609375,17969.400390625,18044.349609375,256500,-0.0070937259046097,-0.0071190060025469,0.0920683221593294,17724.20234375,17571.5240234375,0.0615094246753924,-0.1650390625,-0.0242923812795644,1,0
2022-11-11,18349.69921875,18349.69921875,18362.30078125,18259.349609375,18272.349609375,378500,0.0178331732470333,0.0176760277314828,0.1044863958278241,17785.50732421875,17592.26,0.0716029127838122,0.4756335282651072,-0.0068924182764725,1,0
2022-11-14,18329.150390625,18329.150390625,18399.44921875,18311.400390625,18376.400390625,301400,-0.0011198455015547,-0.0011204729970374,0.0994380451305889,17851.24736328125,17603.6569921875,0.0772759941717393,-0.2036988110964332,-0.0080045453344256,1,0
2022-11-15,18403.400390625,18403.400390625,18427.94921875,18282.0,18362.75,250900,0.0040509242609507,0.0040427413587009,0.0966405243395134,17912.132421875,17620.868984375,0.0708554919049473,-0.1675514266755142,-0.0039860468803678,1,0
2022-11-16,18409.650390625,18409.650390625,18442.150390625,18344.150390625,18398.25,219300,0.0003396111515991,0.0003395534967851,0.0960873139066482,17967.02490234375,17638.2730078125,0.0634162571096621,-0.1259465922678357,-0.00364778943474,1,0
2022-11-17,18343.900390625,18343.900390625,18417.599609375,18312.94921875,18358.69921875,200500,-0.0035714963948192,-0.0035778894143715,0.0951199387716496,18009.8724609375,17651.835,0.0490051844467045,-0.0857273141814866,-0.007206257762744,1,0
2022-11-18,18307.650390625,18307.650390625,18394.599609375,18209.80078125,18382.94921875,198800,-0.0019761337135545,-0.0019780888419361,0.0963403330186084,18049.64248046875,17664.876015625,0.0454196571328642,-0.0084788029925186,-0.0091681509473851,1,0
2022-11-21,18159.94921875,18159.94921875,18262.30078125,18133.349609375,18246.400390625,213800,-0.0080677295405768,-0.0081004497747084,0.1029875559348569,18079.44248046875,17675.5869921875,0.0339331429724103,0.0754527162977867,-0.0171619143257313,1,0
2022-11-22,18244.19921875,18244.19921875,18261.849609375,18137.69921875,18179.150390625,177700,0.0046393301536886,0.0046286016308605,0.1034411274518356,18112.83740234375,17684.4959765625,0.0379999435496973,-0.1688493919550981,-0.0126022039586691,1,0
2022-11-23,18267.25,18267.25,18325.400390625,18246.0,18325.19921875,178800,0.0012634580983039,0.0012626606067816,0.1001955145316983,18139.66240234375,17693.173984375,0.0302581673082074,0.0061902082160945,-0.0113546682170132,1,0
2022-11-24,18484.099609375,18484.099609375,18529.69921875,18294.25,18326.099609375,204000,0.0118709498898301,0.0118010428622143,0.1041585132744037,18181.04990234375,17704.128984375,0.0468811514448315,0.1409395973154361,0.0,1,0
2022-11-25,18512.75,18512.75,18534.900390625,18445.099609375,18528.44921875,205900,0.0015500019600884,0.0015488019469054,0.1038380393156903,18219.83994140625,17712.98296875,0.0437392457790819,0.009313725490196,0.0,1,0
2022-11-28,18562.75,18562.75,18614.25,18365.599609375,18430.55078125,206500,0.0027008413120686,0.0026972005940332,0.1038294517286552,18258.63740234375,17724.16296875,0.043625001949084,0.0029140359397765,0.0,1,0
2022-11-29,18618.05078125,18618.05078125,18678.099609375,18552.150390625,18552.44921875,195300,0.0029791265437502,0.0029746977400658,0.0963228149616627,18288.92998046875,17738.9759765625,0.033635624120198,-0.0542372881355932,0.0,1,0
2022-11-30,18758.349609375,18758.349609375,18816.05078125,18616.55078125,18625.69921875,345600,0.0075356346254191,0.0075073835684748,0.0964338075347986,18319.57744140625,17763.5259765625,0.0337798673798726,0.7695852534562213,0.0,1,0
2022-12-01,18812.5,18812.5,18887.599609375,18778.19921875,18871.94921875,325000,0.0028867353340049,0.0028825767148602,0.0945819399483621,18356.0599609375,17787.3309765625,0.040350409718981,-0.0596064814814815,0.0,1,0
2022-12-02,18696.099609375,18696.099609375,18781.94921875,18639.19921875,18752.400390625,254400,-0.006187396179402,-0.0062066174425393,0.0982046943248244,18388.22998046875,17804.92796875,0.0356401213374644,-0.2172307692307692,-0.006187396179402,1,0
2022-12-05,18701.05078125,18701.05078125,18728.599609375,18591.349609375,18719.55078125,288400,0.0002648237856262,0.000264788725997,0.0980951208270356,18417.425,17824.5819921875,0.0322291518277151,0.1336477987421382,-0.0059242109634551,1,0
2022-12-06,18642.75,18642.75,18654.900390625,18577.900390625,18600.650390625,217800,-0.0031175136590962,-0.0031223832280691,0.09872165432661,18439.4224609375,17844.8409765625,0.0241693146036721,-0.2447988904299584,-0.0090232558139534,1,0
2022-12-07,18560.5,18560.5,18668.30078125,18528.400390625,18638.849609375,200500,-0.0044119027503989,-0.0044216639141222,0.0998947004679502,18459.5974609375,17869.503984375,0.0222228341686401,-0.0794306703397612,-0.0133953488372092,2,0
2022-12-08,18609.349609375,18609.349609375,18625.0,18536.94921875,18570.849609375,202800,0.0026319123609277,0.0026284549446723,0.095137999458141,18488.65498046875,17901.3649609375,0.0322356317219183,0.0114713216957607,-0.0107986918604651,0,2
2022-12-09,18496.599609375,18496.599609375,18664.69921875,18410.099609375,18662.400390625,215800,-0.0060587824059793,-0.0060772113035933,0.0776046692124906,18496.0,17931.1489453125,0.0080056021013628,0.0641025641025641,-0.0167920473421926,0,2
2022-12-12,18497.150390625,18497.150390625,18521.55078125,18345.69921875,18402.150390625,193900,2.977743269738653e-05,2.977698935843848e-05,0.0774131965430843,18504.4,17963.9199609375,0.0091657276207373,-0.1014828544949026,-0.0167627699335548,0,2
2022-12-13,18608.0,18608.0,18617.25,18490.19921875,18524.400390625,187600,0.0059927938646799,0.0059749084955102,0.0788902037653993,18514.62998046875,17999.71796875,0.0111174894330521,-0.0324909747292418,-0.0108704318936877,0,2
2022-12-14,18660.30078125,18660.30078125,18696.099609375,18632.900390625,18671.25,208000,0.0028106610731943,0.0028067185510282,0.0792868392984232,18527.1625,18031.0369921875,0.0136151629882468,0.1087420042643922,-0.0080903239202657,0,2
2022-12-15,18414.900390625,18414.900390625,18652.900390625,18387.69921875,18614.400390625,183100,-0.0131509343553336,-0.013238173588299,0.0924789577550294,18530.7125,18061.5880078125,0.0038704963768929,-0.1197115384615384,-0.0211348629568106,0,2
2022-12-16,18269.0,18269.0,18440.94921875,18255.150390625,18319.099609375,277700,-0.0079229530179417,-0.007954506384605,0.0966778709929914,18528.77998046875,18081.4819921875,-0.0021111606241286,0.5166575641725832,-0.0288903654485049,0,2
2022-12-19,18420.44921875,18420.44921875,18431.650390625,18244.55078125,18288.099609375,154800,0.0082899566889265,0.0082557837296452,0.096170384588259,18541.80498046875,18103.2549609375,0.0143447537689718,-0.4425639178970112,-0.0208399086378737,0,2
2022-12-20,18385.30078125,18385.30078125,18404.900390625,18202.650390625,18340.30078125,169000,-0.0019081205394395,-0.0019099433205291,0.0954365798192002,18548.86005859375,18124.66796875,0.0077340507417276,0.0917312661498708,-0.0227082641196013,0,2
2022-12-21,18199.099609375,18199.099609375,18473.349609375,18162.75,18435.150390625,187600,-0.0101277196435586,-0.0101793539169421,0.1024275911514869,18545.4525390625,18143.8299609375,-0.0037307416619907,0.1100591715976331,-0.0326060008305647,0,2
2022-12-22,18127.349609375,18127.349609375,18318.75,18068.599609375,18288.80078125,195700,-0.0039425027358517,-0.0039502948868902,0.0927829405273313,18527.6150390625,18166.7059375,-0.0193003720786626,0.0431769722814499,-0.0364199543189368,0,2
2022-12-23,17806.80078125,17806.80078125,18050.44921875,17779.5,17977.650390625,221500,-0.0176831602541178,-0.0178413752680846,0.1097641704637909,18492.317578125,18180.3699609375,-0.0381331362844525,0.1318344404701072,-0.0534590946843853,0,2
2022-12-26,18014.599609375,18014.599609375,18084.099609375,17774.25,17830.400390625,176700,0.0116696328935068,0.0116020678589944,0.1189269330144898,18464.91005859375,18200.3749609375,-0.029529589668826,-0.2022573363431151,-0.0424133098006644,0,2
2022-12-27,18132.30078125,18132.30078125,18149.25,17967.44921875,18089.80078125,214300,0.0065336546149905,0.0065124028114138,0.1213305586624747,18440.62255859375,18219.3069921875,-0.0260902715169942,0.2127900396151669,-0.03615676910299,0,2
2022-12-28,18122.5,18122.5,18173.099609375,18068.349609375,18084.75,193900,-0.0005405150382313,-0.0005406611691443,0.1168431182004554,18408.830078125,18235.5209765625,-0.0338968844603054,-0.0951936537564162,-0.0366777408637873,0,2
2022-12-29,18191.0,18191.0,18229.69921875,17992.80078125,18045.69921875,281100,0.0037798317009243,0.0037727060871833,0.1173502151655025,18377.755078125,18249.6019921875,-0.0330365448504983,0.4497163486333162,-0.0330365448504983,0,2
2022-12-30,18105.30078125,18105.30078125,18265.25,18080.30078125,18259.099609375,192000,-0.0047110779368918,-0.0047222100411233,0.1167072685479564,18348.21513671875,18261.4630078125,-0.0316001112782234,-0.3169690501600853,-0.0375919850498338,0,2
2023-01-02,18197.44921875,18197.44921875,18215.150390625,18086.5,18131.69921875,256100,0.0050895833553579,0.0050766752055361,0.1189582189746002,18323.03505859375,18274.1330078125,-0.026929051655478,0.3338541666666665,-0.0326937292358804,0,2
2023-01-03,18232.55078125,18232.55078125,18251.94921875,18149.80078125,18163.19921875,208700,0.0019289276248581,0.0019270696328715,0.1193185584119628,18302.52509765625,18287.2580078125,-0.0220031496828525,-0.1850839515814135,-0.030827865448505,0,2
2023-01-04,18042.94921875,18042.94921875,18243.0,18020.599609375,18230.650390625,235200,-0.0103990694870288,-0.0104535176122929,0.123388947993104,18276.64755859375,18293.5019921875,-0.0278845279626087,0.1269765213224725,-0.040906353820598,1,1
2023-01-05,17992.150390625,17992.150390625,18120.30078125,17892.599609375,18101.94921875,269900,-0.0028154392892826,-0.002819410093268,0.1225340911693213,18245.78759765625,18300.2180078125,-0.0331660821955361,0.1475340136054421,-0.0436066237541528,2,0
2023-01-06,17859.44921875,17859.44921875,18047.400390625,17795.55078125,18008.05078125,238200,-0.0073755037054461,-0.0074028372147649,0.1232523536392987,18213.930078125,18302.6680078125,-0.034446893163112,-0.1174509077436087,-0.0506605066445182,1,1
2023-01-09,18101.19921875,18101.19921875,18141.400390625,17936.150390625,17952.55078125,257200,0.0135362517084902,0.0134454550995231,0.1345110645821351,18194.13251953125,18308.9559765625,-0.0214060632861416,0.0797649034424852,-0.0378100083056478,2,0
2023-01-10,17914.150390625,17914.150390625,18127.599609375,17856.0,18121.30078125,283300,-0.0103335047509585,-0.0103872660939372,0.1356600284230922,18159.4400390625,18306.995,-0.0372877047170572,0.1014774494556765,-0.0477528031561461,1,1
2023-01-11,17895.69921875,17895.69921875,17976.349609375,17824.349609375,17924.25,259900,-0.0010299775022909,-0.0010305082936186,0.1345737014822192,18121.2099609375,18302.0009765625,-0.0409747716000524,-0.0825979527003176,-0.0487335963455149,2,0
2023-01-12,17858.19921875,17858.19921875,17945.80078125,17761.650390625,17920.849609375,227800,-0.0020954755408891,-0.0020976741216788,0.1279842493110515,18093.37490234375,18297.50796875,-0.0302310172776397,-0.1235090419392074,-0.0507269518272425,1,1
2023-01-13,17956.599609375,17956.599609375,17999.349609375,17774.25,17867.5,256700,0.0055100959183882,0.0054949708747303,0.1279408467494519,18077.7548828125,18295.5859765625,-0.0171000268556024,0.126865671641791,-0.0454963662790697,2,0
2023-01-16,17894.849609375,17894.849609375,18049.650390625,17853.650390625,18033.150390625,206200,-0.0034388470725693,-0.0034447734977776,0.1235467713466026,18051.47490234375,18291.1399609375,-0.0285334848859167,-0.1967276977015971,-0.0487787583056478,1,1
2023-01-17,18053.30078125,18053.30078125,18072.05078125,17886.94921875,17922.80078125,219100,0.0088545685118242,0.0088155967034695,0.128769882248182,18034.87490234375,18288.1499609375,-0.0180579041893393,0.062560620756547,-0.0403561046511627,2,0
2023-01-18,18165.349609375,18165.349609375,18183.75,18032.44921875,18074.30078125,255800,0.00620655632356,0.0061873749786786,0.126226222525726,18033.18740234375,18288.316953125,-0.0018544873496166,0.1675034230944774,-0.0344000207641196,1,1
2023-01-19,18107.849609375,18107.849609375,18155.19921875,18063.75,18119.80078125,237800,-0.003165367099256,-0.0031703874707042,0.1259401419874017,18032.21240234375,18289.9099609375,-0.0010757226191475,-0.070367474589523,-0.0374564991694351,2,0
2023-01-20,18027.650390625,18027.650390625,18145.44921875,18016.19921875,18115.599609375,237200,-0.0044289753051891,-0.0044388122721841,0.1086296300336618,18043.2548828125,18283.468984375,0.0124025428311382,-0.0025231286795626,-0.041719580564784,1,1
2023-01-23,18118.55078125,18118.55078125,18162.599609375,18063.44921875,18118.44921875,202500,0.0050422760956287,0.0050296063930943,0.1021243866617935,18048.45244140625,18279.2569921875,0.0057703848061603,-0.1462900505902192,-0.0368876661129567,2,0
2023-01-24,18118.30078125,18118.30078125,18201.25,18078.650390625,18183.94921875,216900,-1.3798013043020418e-05,-1.379810823647804e-05,0.0994406502071385,18047.75244140625,18273.555,-0.0007721027887689,0.0711111111111111,-0.0369009551495016,1,1
2023-01-25,17891.94921875,17891.94921875,18100.599609375,17846.150390625,18093.349609375,257200,-0.0124929796250122,-0.0125716729916367,0.1089607893479649,18036.22490234375,18263.2009765625,-0.012721797834184,0.185799907791609,-0.0489329318936877,2,0
2023-01-27,17604.349609375,17604.349609375,17884.75,17493.55078125,17877.19921875,476300,-0.0160742469061787,-0.0162048389496388,0.1206756974407481,18006.8923828125,18248.4099609375,-0.0322494854942004,0.8518662519440123,-0.0642206187707641,1,1
2023-01-30,17648.94921875,17648.94921875,17709.150390625,17405.55078125,17541.94921875,432400,0.0025334426073457,0.0025302388515036,0.1209637048708047,17984.0748046875,18235.2359375,-0.0252054118301421,-0.0921688011757295,-0.0618498754152824,2,0
2023-01-31,17662.150390625,17662.150390625,17735.69921875,17537.55078125,17731.44921875,398300,0.0007479862801675,0.000747706677847,0.118906706597406,17957.30986328125,18225.2799609375,-0.0294161462790866,-0.0788621646623496,-0.0611481519933554,1,1
2023-02-01,17616.30078125,17616.30078125,17972.19921875,17353.400390625,17811.599609375,512900,-0.0025959245256645,-0.0025992997802722,0.1182638088188182,17926.49736328125,18212.7219921875,-0.0337994396611657,0.2877228219934722,-0.0635853405315615,2,0
2023-02-02,17610.400390625,17610.400390625,17653.900390625,17445.94921875,17517.099609375,490100,-0.0003349392530399,-0.0003349953577196,0.1137190310490144,17904.869921875,18199.585,-0.0239732885616892,-0.044453109767986,-0.0638989825581395,2,0
2023-02-03,17854.05078125,17854.05078125,17870.30078125,17584.19921875,17721.75,424100,0.0138355963078902,0.0137407582052342,0.1252273306176187,17897.96494140625,18186.9840234375,-0.0076755477459191,-0.1346663946133441,-0.0509474667774086,0,2
2023-02-06,17764.599609375,17764.599609375,17823.69921875,17698.349609375,17818.55078125,282500,-0.0050101331608701,-0.0050227259566789,0.123734407022572,17893.2224609375,18172.021015625,-0.0053108921900806,-0.3338835180381985,-0.0557023463455149,0,2
2023-02-07,17721.5,17721.5,17811.150390625,17652.55078125,17790.099609375,354400,-0.0024261514654264,-0.0024290993398515,0.1127453415352988,17874.2375,18155.196015625,-0.0209764675898761,0.2545132743362832,-0.0579933554817275,0,2
2023-02-08,17871.69921875,17871.69921875,17898.69921875,17744.150390625,17750.30078125,291000,0.0084755364246817,0.0084398207303899,0.1118906951387151,17872.11494140625,18140.268984375,-0.0023697005411552,-0.1788939051918735,-0.0500093438538206,0,2
2023-02-09,17893.44921875,17893.44921875,17916.900390625,17779.80078125,17885.5,260900,0.0012170079483646,0.0012162679944837,0.1119320574572354,17872.00244140625,18122.9709765625,-0.0001257285324532,-0.1034364261168384,-0.0488531976744186,0,2
2023-02-10,17856.5,17856.5,17876.94921875,17801.0,17847.55078125,232000,-0.0020649578680046,-0.0020670928330845,0.111924531351674,17871.91748046875,18103.8509765625,-9.51506212460984e-05,-0.1107704101188195,-0.0508172757475082,0,2
2023-02-13,17770.900390625,17770.900390625,17880.69921875,17719.75,17859.099609375,231300,-0.0047937507000251,-0.0048052775756446,0.1111810294743298,17862.63251953125,18085.3469921875,-0.0103415581340382,-0.0030172413793103,-0.0553674210963455,0,2
2023-02-14,17929.849609375,17929.849609375,17954.55078125,17800.05078125,17840.349609375,244500,0.0089443537049958,0.0089045899051629,0.1154323395097892,17864.38251953125,18069.92296875,0.0019558700276343,0.0570687418936446,-0.0469182931893688,0,2
2023-02-15,18015.849609375,18015.849609375,18034.099609375,17853.80078125,17896.599609375,229300,0.0047964707944361,0.0047850043793272,0.1122373867160219,17862.5099609375,18057.3849609375,-0.00207447781039,-0.0621676891615542,-0.0423468646179402,0,2
2023-02-16,18035.849609375,18035.849609375,18134.75,18000.650390625,18094.75,230200,0.0011101336008929,0.0011095178582493,0.1098849930285767,17856.0349609375,18046.891953125,-0.0071289572061506,0.0039249890972525,-0.0412837416943521,0,2
2023-02-17,17944.19921875,17944.19921875,18034.25,17884.599609375,17974.849609375,208100,-0.0050815676893513,-0.005094522761127,0.1107470973385845,17847.85244140625,18033.5889453125,-0.0090375386451339,-0.0960034752389227,-0.0461555232558139,0,2
2023-02-20,17844.599609375,17844.599609375,18004.349609375,17818.400390625,17965.55078125,174600,-0.0055505184801407,-0.0055659798467826,0.1113556209387551,17838.69990234375,18020.5489453125,-0.0101538901234291,-0.1609802979336857,-0.0514498546511628,0,2
2023-02-21,17826.69921875,17826.69921875,17924.900390625,17800.30078125,17905.80078125,198200,-0.001003126492992,-0.0010036299610954,0.1094171430797135,17824.10732421875,18007.139921875,-0.0161078866639832,0.1351660939289805,-0.0524013704318936,0,2
2023-02-22,17554.30078125,17554.30078125,17772.5,17529.44921875,17755.349609375,204000,-0.0152803631315826,-0.0153983109464969,0.1209487412969609,17795.90732421875,17986.0659375,-0.0311287469398711,0.0292633703329969,-0.0668810215946843,0,2
2023-02-23,17511.25,17511.25,17620.05078125,17455.400390625,17574.650390625,240800,-0.0024524349779846,-0.0024554471223785,0.1138806362475335,17776.87236328125,17963.084921875,-0.0212776827217373,0.1803921568627451,-0.0691694352159468,0,2
2023-02-24,17465.80078125,17465.80078125,17599.75,17421.80078125,17591.349609375,209400,-0.002595429723749,-0.0025988036906682,0.0992011348950233,17769.944921875,17944.1029296875,-0.0078701475032748,-0.1303986710963455,-0.0715853405315615,0,2
2023-02-27,17392.69921875,17392.69921875,17451.599609375,17299.0,17428.599609375,246400,-0.0041854114458053,-0.0041941947968163,0.099442509874976,17757.132421875,17926.5769140625,-0.0145192779934889,0.1766953199617955,-0.0754711378737541,0,2
2023-02-28,17303.94921875,17303.94921875,17440.44921875,17255.19921875,17383.25,420900,-0.0051027157362857,-0.0051157790480877,0.1004587928975963,17739.22236328125,17904.2469140625,-0.020280722559419,0.708198051948052,-0.080188745847176,0,2
2023-03-01,17450.900390625,17450.900390625,17467.75,17345.25,17360.099609375,272900,0.008492348770636,0.0084564916412935,0.1056892678142257,17730.95234375,17885.55890625,-0.0093890535066842,-0.3516274649560466,-0.0723773878737541,0,2
2023-03-02,17321.900390625,17321.900390625,17445.80078125,17306.0,17421.5,310700,-0.0073921687198044,-0.0074196261962128,0.1085216809070645,17716.52734375,17868.014921875,-0.0163823646027709,0.1385122755588128,-0.079234530730897,2,0
2023-03-03,17594.349609375,17594.349609375,17644.75,17427.69921875,17451.25,356200,0.0157285986298278,0.0156061861385825,0.1119892941684484,17703.54228515625,17857.354921875,-0.0145457843184658,0.1464435146443514,-0.0647521802325581,0,2
2023-03-06,17711.44921875,17711.44921875,17799.94921875,17671.94921875,17680.349609375,362800,0.0066555236183669,0.006633473404126,0.1136971660169514,17700.884765625,17855.447890625,-0.0029919273045112,0.0185289163391353,-0.0585276162790697,0,2
2023-03-08,17754.400390625,17754.400390625,17766.5,17602.25,17665.75,267000,0.0024250512391459,0.0024221155475668,0.1137113402511858,17702.52978515625,17850.24390625,0.0018565240315435,-0.2640573318632855,-0.0562444975083056,0,2
2023-03-09,17589.599609375,17589.599609375,17772.349609375,17573.599609375,17772.05078125,262400,-0.0092822498999752,-0.0093255984380825,0.1139007696346388,17688.4248046875,17839.3898828125,-0.0157847111190768,-0.0172284644194756,-0.0650046719269102,0,2
2023-03-10,17412.900390625,17412.900390625,17451.5,17324.349609375,17443.80078125,235900,-0.010045664635585,-0.0100964628118636,0.1182463352624499,17664.39736328125,17825.197890625,-0.0268561316630584,-0.1009908536585365,-0.0743973214285714,0,2
2023-03-13,17154.30078125,17154.30078125,17529.900390625,17113.44921875,17421.900390625,254900,-0.0148510359316261,-0.0149624166878137,0.1277455073983301,17629.28740234375,17804.46390625,-0.0393245719345896,0.0805426027977955,-0.0881434800664452,0,2
2023-03-14,17043.30078125,17043.30078125,17224.650390625,16987.099609375,17160.55078125,290600,-0.0064706805258611,-0.0064917061281422,0.1283743646420848,17592.907421875,17783.22390625,-0.0409433170735031,0.1400549234994115,-0.0940438122923588,0,2
2023-03-15,16972.150390625,16972.150390625,17211.349609375,16938.900390625,17166.44921875,248200,-0.0041746837386849,-0.0041834220591396,0.1217421596312864,17545.0224609375,17758.7179296875,-0.0534136782859152,-0.1459050240880935,-0.0978258928571428,0,2
2023-03-16,16985.599609375,16985.599609375,17062.44921875,16850.150390625,16994.650390625,349800,0.0007924286811309,0.0007921148752918,0.1192665962809509,17493.5099609375,17733.77890625,-0.0571857571159942,0.4093473005640613,-0.0971109842192691,0,2
2023-03-17,17100.05078125,17100.05078125,17145.80078125,16958.150390625,17111.80078125,408100,0.0067381296219788,0.0067155298897271,0.1233828850983725,17446.72001953125,17714.9209375,-0.0518854863171277,0.1666666666666667,-0.0910272009966777,0,2
2023-03-20,16988.400390625,16988.400390625,17066.599609375,16828.349609375,17066.599609375,241800,-0.0065292432199922,-0.0065506519680019,0.1238706302517115,17398.930078125,17694.8459375,-0.0532650588902445,-0.4074981622151433,-0.0969621054817275,0,2
2023-03-21,17107.5,17107.5,17127.69921875,17016.0,17060.400390625,246700,0.007010642946744,0.0069861826445701,0.1280122623963443,17362.07509765625,17679.806953125,-0.0413065927793498,0.020264681555004,-0.0906312292358804,0,2
2023-03-22,17151.900390625,17151.900390625,17207.25,17107.849609375,17177.44921875,0,0.0025953757489405,0.0025920135774438,0.1290561447311471,17328.33515625,17660.8209765625,-0.037853268282849,-1.0,-0.0882710755813953,0,2
2023-03-23,17076.900390625,17076.900390625,17205.400390625,17045.30078125,17097.400390625,219200,-0.0043726933046436,-0.0043822814890137,0.1193680284119255,17304.46513671875,17644.0759765625,-0.0271956369310316,,-0.0922577865448505,0,2
2023-03-24,16945.05078125,16945.05078125,17109.44921875,16917.349609375,17076.19921875,228000,-0.0077209333285906,-0.0077508940504488,0.1214632194817134,17276.15517578125,17625.0630078125,-0.0323334552787494,0.0401459854014598,-0.099266403654485,0,2
2023-03-27,16985.69921875,16985.69921875,17091.0,16918.55078125,16984.30078125,218400,0.0023988383407489,0.002395965721106,0.1222336657677436,17252.15009765625,17607.6130078125,-0.0274880933610214,-0.0421052631578947,-0.0971056893687707,0,2
2023-03-28,16951.69921875,16951.69921875,17061.75,16913.75,17031.75,238800,-0.0020016838613549,-0.002003689907923,0.1218146096909224,17230.10009765625,17587.515,-0.0253554663628394,0.0934065934065933,-0.0989129983388704,0,2
2023-03-29,17080.69921875,17080.69921875,17126.150390625,16940.599609375,16977.30078125,345900,0.0076098565893214,0.0075810476927372,0.1248180103958259,17218.93759765625,17571.2319921875,-0.0129016791009819,0.4484924623115578,-0.0920558554817275,0,2
2023-03-31,17359.75,17359.75,17381.599609375,17204.650390625,17210.349609375,263900,0.0163371989446239,0.0162051828184336,0.1349359356664308,17214.380078125,17557.3609765625,-0.0052232485765587,-0.2370627348944781,-0.0772225913621262,0,2
2023-04-03,17398.05078125,17398.05078125,17428.05078125,17312.75,17427.94921875,230200,0.0022062979737611,0.0022038676723761,0.1324666192473361,17218.18759765625,17542.015,0.004396191463277,-0.1276998863205759,-0.0751866694352159,2,0
2023-04-05,17557.05078125,17557.05078125,17570.55078125,17402.69921875,17422.30078125,248300,0.0091389548173612,0.0090974472685303,0.1241958230710956,17216.32265625,17530.9990234375,-0.0021199321914761,0.078627280625543,-0.0667348421926909,0,2
2023-04-06,17599.150390625,17599.150390625,17638.69921875,17502.849609375,17533.849609375,242700,0.0023978747854371,0.0023950044712142,0.1220377765152768,17210.70771484375,17522.4290234375,-0.006340465240197,-0.0225533628674989,-0.0644969892026577,0,2
2023-04-10,17624.05078125,17624.05078125,17694.099609375,17597.94921875,17634.900390625,254800,0.001414863221935,0.0014138632460749,0.1217897444432915,17204.190234375,17512.5390234375,-0.0073418198591392,0.0498557890399671,-0.063173380398671,0,2
2023-04-11,17722.30078125,17722.30078125,17748.75,17655.150390625,17704.80078125,304300,0.0055747683219642,0.0055592868116142,0.1186917966957071,17210.82529296875,17504.6190234375,0.0075442974724833,0.194270015698587,-0.0579507890365448,0,2
2023-04-12,17812.400390625,17812.400390625,17825.75,17717.25,17759.55078125,232800,0.0050839679614469,0.0050710882313096,0.1130178244334118,17230.80029296875,17503.028046875,0.0229427603120666,-0.2349654945777193,-0.0531614410299002,0,2
2023-04-13,17828.0,17828.0,17842.150390625,17729.650390625,17807.30078125,285800,0.0008757724412713,0.0008753891763391,0.0957657795945153,17264.48525390625,17507.5010546875,0.0392729046401219,0.2276632302405499,-0.0523322259136213,0,2
2023-04-17,17706.849609375,17706.849609375,17863.0,17574.05078125,17863.0,357400,-0.0067955121508301,-0.0068187067828511,0.0961532560440556,17297.6626953125,17508.6590625,0.0389331172782561,0.2505248425472357,-0.0587721137873754,0,2
2023-04-18,17660.150390625,17660.150390625,17766.599609375,17610.19921875,17766.599609375,258900,-0.0026373533282438,-0.0026408372714739,0.0950058182113184,17332.0626953125,17508.6190625,0.0405369964421264,-0.2756015668718522,-0.0612544642857142,0,2
2023-04-19,17618.75,17618.75,17666.150390625,17579.849609375,17653.349609375,281500,-0.0023442830162407,-0.0023470351496987,0.0961756444188218,17363.72021484375,17508.668046875,0.0372757162058348,0.0872923908845113,-0.063455149501661,0,2
2023-04-20,17624.44921875,17624.44921875,17684.44921875,17584.349609375,17638.599609375,215100,0.0003234746363958,0.0003234223297552,0.0945313372060966,17389.94013671875,17508.9490234375,0.0306664842232513,-0.2358792184724689,-0.0631522009966777,0,2
2023-04-21,17624.05078125,17624.05078125,17663.19921875,17553.94921875,17639.75,230200,-2.260708945023282e-05,-2.260734499433094e-05,0.0898735539639829,17421.72265625,17504.3490234375,0.0374167300045378,0.0701999070199907,-0.063173380398671,0,2
2023-04-24,17743.400390625,17743.400390625,17754.5,17612.5,17707.55078125,255700,0.0067719737565652,0.0067491469394085,0.0896971863217096,17453.51767578125,17503.9250390625,0.0371708543402016,0.1107732406602954,-0.056829215116279,0,2
2023-04-25,17769.25,17769.25,17807.44921875,17716.849609375,17761.55078125,297400,0.0014568576938982,0.0014557975062981,0.089658960259719,17484.38515625,17504.8800390625,0.035993073380512,0.1630817364098553,-0.055455149501661,0,2
2023-04-26,17813.599609375,17813.599609375,17827.75,17711.19921875,17767.30078125,233000,0.0024958627615121,0.0024927532688865,0.0866755737315716,17521.2201171875,17503.718046875,0.0431401016518453,-0.2165433759246805,-0.0530976951827242,0,2
2023-04-27,17915.05078125,17915.05078125,17931.599609375,17797.900390625,17813.099609375,241400,0.0056951528101938,0.0056789967392659,0.0791939662295814,17569.7201171875,17504.150078125,0.0572438532360919,0.0360515021459226,-0.0477049418604651,0,2
2023-04-28,18065.0,18065.0,18089.150390625,17885.30078125,17950.400390625,290300,0.0083700136036979,0.0083351792806977,0.081578931325011,17623.68515625,17508.320078125,0.0635417339816422,0.2025683512841756,-0.039734219269103,0,2
2023-05-02,18147.650390625,18147.650390625,18180.25,18101.75,18124.80078125,265200,0.0045751669319125,0.0045647326692429,0.0794539900710819,17683.48271484375,17515.855078125,0.07055051864961,-0.0864622803995865,-0.0353408430232558,0,2
2023-05-03,18089.849609375,18089.849609375,18116.349609375,18042.400390625,18113.80078125,226200,-0.0031850283648763,-0.0031901113635851,0.0811333960586887,17733.940234375,17519.055078125,0.0590813278602333,-0.1470588235294118,-0.0384133098006644,0,2
2023-05-04,18255.80078125,18255.80078125,18267.44921875,18066.69921875,18081.0,226600,0.0091737176073036,0.0091318946467,0.0686366065726608,17778.7427734375,17523.8541015625,0.0516165717392242,0.0017683465959328,-0.0295919850498338,0,2
2023-05-05,18069.0,18069.0,18216.94921875,18055.44921875,18117.30078125,239700,-0.0102324068655403,-0.0102851178222677,0.0823396200384685,17812.290234375,17524.517109375,0.038564620093711,0.057811120917917,-0.0395215946843854,2,1
2023-05-08,18264.400390625,18264.400390625,18286.94921875,18100.30078125,18120.599609375,228400,0.0108141231183243,0.0107560686526575,0.0844481837574411,17847.65771484375,17530.9211328125,0.0402886349300994,-0.047142261159783,-0.0291348629568106,0,2
2023-05-09,18265.94921875,18265.94921875,18344.19921875,18229.650390625,18303.400390625,245400,8.480038171931881e-05,8.479678637020549e-05,0.0846935580828322,17880.99765625,17539.348125,0.0378881260359136,0.074430823117338,-0.0290525332225913,0,2
2023-05-10,18315.099609375,18315.099609375,18326.75,18211.94921875,18313.599609375,220500,0.0026908205008338,0.0026872067245805,0.084725318062853,17915.55009765625,17549.1161328125,0.0392105558876507,-0.1014669926650366,-0.0264398878737541,0,2
2023-05-11,18297.0,18297.0,18389.69921875,18270.400390625,18357.80078125,248900,-0.0009882342854272,-0.0009887229108728,0.0841845053469748,17944.28505859375,17563.9701171875,0.0324280253361926,0.1287981859410429,-0.0274019933554817,0,2
2023-05-12,18314.80078125,18314.80078125,18342.75,18194.55078125,18273.75,241700,0.0009728797753729,0.0009724068345624,0.0831916026960201,17969.405078125,17580.0411328125,0.0282050919363694,-0.0289272800321414,-0.0264557724252492,0,2
2023-05-15,18398.849609375,18398.849609375,18458.900390625,18287.900390625,18339.30078125,216100,0.0045891205221868,0.0045786226137952,0.0839226701769553,17997.94755859375,17598.702109375,0.0320198344948956,-0.1059164253206453,-0.0219880606312292,0,2
2023-05-16,18286.5,18286.5,18432.349609375,18264.349609375,18432.349609375,219500,-0.0061063388070606,-0.0061250587396132,0.0830338303446384,18026.930078125,17616.578125,0.0327359413680286,0.015733456732994,-0.0279601328903654,0,2
2023-05-17,18181.75,18181.75,18309.0,18115.349609375,18300.44921875,229900,-0.0057282694884204,-0.0057447389485387,0.0858256865213211,18053.01005859375,17634.134140625,0.0295354001997567,0.047380410022779,-0.0335282392026577,0,2
2023-05-18,18129.94921875,18129.94921875,18297.19921875,18104.849609375,18287.5,272100,-0.0028490536527011,-0.0028531199312594,0.0861412873823333,18078.57001953125,17647.7151171875,0.029014499822632,0.1835580687255329,-0.03628176910299,0,2
2023-05-19,18203.400390625,18203.400390625,18218.099609375,18060.400390625,18186.150390625,260900,0.0040513721791914,0.0040431874696799,0.0865185975273346,18107.517578125,17665.3451171875,0.0328493199809656,-0.0411613377434766,-0.0323773878737541,0,2
2023-05-22,18314.400390625,18314.400390625,18335.25,18178.849609375,18201.099609375,262600,0.0060977618257063,0.0060792457091855,0.0876890159827168,18142.03505859375,17679.7461328125,0.0391708817651306,0.0065159064775777,-0.0264770556478405,0,2
2023-05-23,18348.0,18348.0,18419.75,18324.19921875,18362.900390625,270400,0.0018346005688616,0.0018329197446846,0.0858153919694553,18172.2650390625,17692.4771484375,0.0340746190732668,0.0297029702970297,-0.0246910299003322,0,2
2023-05-24,18285.400390625,18285.400390625,18392.599609375,18262.94921875,18294.80078125,232600,-0.0034117947119577,-0.0034176281556568,0.0877035748312114,18198.07255859375,17703.0971484375,0.0290473931440551,-0.139792899408284,-0.0280185838870431,0,2
2023-05-25,18321.150390625,18321.150390625,18338.099609375,18202.400390625,18268.900390625,235900,0.0019551116867164,0.0019532029433287,0.0876378835852342,18223.45009765625,17717.7281640625,0.0284923200464708,0.0141874462596731,-0.0261182516611295,0,2
2023-05-26,18499.349609375,18499.349609375,18508.55078125,18333.150390625,18368.349609375,198700,0.0097264208278746,0.0096794236936861,0.091299592902822,18252.6650390625,17739.4571484375,0.0326149691262125,-0.1576939381093683,-0.0166458679401992,0,2
2023-05-29,18598.650390625,18598.650390625,18641.19921875,18581.25,18619.150390625,265300,0.0053677985089635,0.0053534432264762,0.0889679546166351,18279.34755859375,17768.344140625,0.0295405696443398,0.3351786612984397,-0.0113674210963454,0,2
2023-05-30,18633.849609375,18633.849609375,18662.44921875,18575.5,18606.650390625,234400,0.0018925684396833,0.0018907797884415,0.0882318447121304,18303.65751953125,17800.1551171875,0.0267913040137233,-0.1164719185827365,-0.0094963662790698,0,2
2023-05-31,18534.400390625,18534.400390625,18603.900390625,18483.849609375,18594.19921875,696500,-0.0053370195013254,-0.0053513122664302,0.0900132218702602,18325.88505859375,17831.4001171875,0.024574597956835,1.97141638225256,-0.014782703488372,0,2
2023-06-01,18487.75,18487.75,18580.30078125,18464.55078125,18579.400390625,265600,-0.0025169624936233,-0.0025201353688439,0.0858238611727256,18337.48251953125,17861.443125,0.0127055077741771,-0.618664752333094,-0.0172624584717607,0,2
2023-06-02,18534.099609375,18534.099609375,18573.69921875,18478.400390625,18550.849609375,270900,0.0025070443604549,0.0025039069673706,0.0756521088449315,18360.7375,17890.1241015625,0.0257401964345009,0.0199548192771084,-0.0147986918604651,1,0
2023-06-05,18593.849609375,18593.849609375,18640.150390625,18582.80078125,18612.0,256100,0.0032237875731377,0.0032186023111129,0.0673986590099071,18377.2099609375,17922.2330859375,0.0180377790512686,-0.0546327057954965,-0.0116226121262458,1,0
2023-06-06,18599.0,18599.0,18622.75,18531.599609375,18600.80078125,220800,0.0002769943144211,0.0002769559585788,0.0673715111846591,18393.8625,17952.0630859375,0.0182334231449698,-0.1378367825068333,-0.0113488372093023,1,0
2023-06-07,18726.400390625,18726.400390625,18738.94921875,18636.0,18665.599609375,260100,0.0068498516385289,0.0068264979901573,0.0703609356499553,18414.4275390625,17983.5530859375,0.0224569229773374,0.1779891304347827,-0.0045767234219269,1,0
2023-06-08,18634.55078125,18634.55078125,18777.900390625,18615.599609375,18725.349609375,286500,-0.0049048192636628,-0.004916887367083,0.0732380761667202,18431.305078125,18014.70609375,0.0184484222140242,0.1014994232987311,-0.0094590946843853,1,0
2023-06-09,18563.400390625,18563.400390625,18676.650390625,18555.400390625,18655.900390625,221800,-0.0038181972541345,-0.0038255051772626,0.0751427694562064,18443.73505859375,18047.0730859375,0.0135736998913744,-0.2258289703315881,-0.0132411752491694,1,0
2023-06-12,18601.5,18601.5,18633.599609375,18559.75,18595.05078125,179500,0.0020524046550352,0.0020503013499982,0.0739264275518152,18453.867578125,18079.3891015625,0.0110142968135213,-0.1907123534715959,-0.0112159468438538,1,0
2023-06-13,18716.150390625,18716.150390625,18728.900390625,18631.80078125,18631.80078125,233200,0.0061635024393194,0.006144585747086,0.0720430388391373,18475.35009765625,18114.678125,0.0234954961652038,0.2991643454038997,-0.0051215739202657,1,0
2023-06-14,18755.900390625,18755.900390625,18769.69921875,18690.0,18744.599609375,261400,0.0021238341844009,0.0021215820368078,0.0672967561071327,18504.0576171875,18148.1821484375,0.031578389903337,0.1209262435677529,-0.0030086171096345,1,0
2023-06-15,18688.099609375,18688.099609375,18794.099609375,18669.05078125,18774.44921875,263000,-0.0036149041015322,-0.0036214536561356,0.0680156132976878,18531.96513671875,18174.749140625,0.0307860978478506,0.0061208875286915,-0.0066126453488372,1,0
2023-06-16,18826.0,18826.0,18864.69921875,18710.5,18723.30078125,272800,0.007379048352023,0.0073519563684706,0.0706106944907405,18563.0951171875,18203.308125,0.0342023795562749,0.0372623574144486,0.0,1,0
2023-06-19,18755.44921875,18755.44921875,18881.44921875,18719.150390625,18873.30078125,219800,-0.0037475183921172,-0.0037545579318734,0.0711137883441494,18585.14755859375,18227.27609375,0.02408207851297,-0.1942815249266862,-0.0037475183921172,1,0
2023-06-20,18816.69921875,18816.69921875,18839.69921875,18660.650390625,18752.349609375,211600,0.0032657175674986,0.0032603966930515,0.0714646534325629,18608.58251953125,18251.6270703125,0.0255449759510573,-0.0373066424021838,-0.0004940391612663,1,0
2023-06-21,18856.849609375,18856.849609375,18875.900390625,18794.849609375,18849.400390625,217500,0.002133763746672,0.0021314905059401,0.0693287182393944,18637.15498046875,18276.283046875,0.0312516656207859,0.0278827977315689,0.0,1,0
2023-06-22,18771.25,18771.25,18886.599609375,18759.5,18853.599609375,252700,-0.0045394438174043,-0.0045497783797934,0.0725796221257002,18659.6599609375,18297.26203125,0.0245672132905647,0.16183908045977,-0.0045394438174043,1,0
2023-06-23,18665.5,18665.5,18756.400390625,18647.099609375,18741.849609375,210600,-0.0056336152360657,-0.0056495438985202,0.0691816316452634,18667.96748046875,18314.3240234375,0.0089814179489207,-0.1666007123070835,-0.0101474855736171,1,0
2023-06-26,18691.19921875,18691.19921875,18722.05078125,18646.69921875,18682.349609375,171300,0.0013768299134766,0.0013758829522746,0.0668413842194351,18672.594921875,18331.5880078125,0.0049761045119516,-0.1866096866096865,-0.0087846270218246,1,0
2023-06-27,18817.400390625,18817.400390625,18829.25,18714.25,18748.55078125,222500,0.0067519034171119,0.0067292114028286,0.0705234827018057,18681.7724609375,18353.7990234375,0.009850395119517,0.2988908347927612,-0.0020920365579193,1,0
2023-06-28,18972.099609375,18972.099609375,19011.25,18861.349609375,18908.150390625,398800,0.0082210728123248,0.008187463868637,0.072008817456693,18703.657421875,18380.0380078125,0.0236155046575661,0.7923595505617977,0.0,1,0
2023-06-30,19189.05078125,19189.05078125,19201.69921875,19024.599609375,19076.849609375,247900,0.0114352747635688,0.0113703862194518,0.0791062635284775,18738.7224609375,18411.4440234375,0.0379332683128017,-0.3783851554663991,0.0,1,0
2023-07-03,19322.55078125,19322.55078125,19345.099609375,19234.400390625,19246.5,226100,0.0069570924336936,0.0069330035274252,0.0811199106818142,18778.14501953125,18445.4060546875,0.0425405705425356,-0.0879386849536103,0.0,2,0
2023-07-04,19389.0,19389.0,19434.150390625,19300.0,19406.599609375,226900,0.0034389465191355,0.0034330468644171,0.0811632857757688,18817.9025390625,18480.7050390625,0.0427641616625793,0.0035382574082265,0.0,0,2
2023-07-05,19398.5,19398.5,19421.599609375,19339.599609375,19405.94921875,224400,0.0004899685388621,0.000489848543472,0.0811035764936685,18857.8775390625,18513.80703125,0.0429861820527985,-0.0110180696342,0.0,0,2
2023-07-06,19497.30078125,19497.30078125,19512.19921875,19373.0,19385.69921875,268300,0.0050932175812563,0.0050802910218655,0.0799842529276756,18896.42255859375,18548.368046875,0.0411665015456432,0.1956327985739749,0.0,0,2
2023-07-07,19331.80078125,19331.80078125,19523.599609375,19303.599609375,19422.80078125,237100,-0.0084883544577184,-0.0085245857132682,0.0850002929434992,18931.28505859375,18578.7320703125,0.0374170543838152,-0.1162877376071561,-0.0084883544577184,0,2
2023-07-10,19355.900390625,19355.900390625,19435.849609375,19327.099609375,19400.349609375,268200,0.0012466303397029,0.0012458539412885,0.0823856776981578,18970.91005859375,18607.5490625,0.0426915319027558,0.1311682834247152,-0.0072523059582165,0,2
2023-07-11,19439.400390625,19439.400390625,19515.099609375,19406.44921875,19427.099609375,251300,0.0043139300324381,0.0043046517107255,0.0827589526242323,19012.805078125,18635.0370703125,0.0450447754549363,-0.0630126771066368,-0.0029696618662559,0,2
2023-07-12,19384.30078125,19384.30078125,19507.69921875,19361.75,19497.44921875,327900,-0.0028344294714754,-0.0028384540734558,0.0832260154644357,19046.21259765625,18659.770078125,0.0356991355957301,0.3048149621965779,-0.0057956740406174,0,2
2023-07-13,19413.75,19413.75,19567.0,19385.80078125,19495.19921875,310400,0.0015192303855748,0.0015180775225879,0.0832182168507995,19079.105078125,18686.2480859375,0.0350742750640657,-0.0533699298566636,-0.0042852486191498,0,2
2023-07-14,19564.5,19564.5,19595.349609375,19433.5,19493.44921875,291200,0.0077651149314275,0.0077351215942267,0.0833073295788666,19122.92509765625,18712.4220703125,0.0468961750495673,-0.0618556701030927,0.0,0,2
2023-07-17,19711.44921875,19711.44921875,19731.849609375,19562.94921875,19612.150390625,268700,0.0075110132510414,0.0074829460454974,0.0834140925212206,19167.19755859375,18745.2710546875,0.047033316623287,-0.0772664835164834,0.0,0,2
2023-07-18,19749.25,19749.25,19819.44921875,19690.19921875,19787.5,286400,0.0019177068530324,0.001915870400722,0.0803283483552034,19216.88759765625,18774.968046875,0.0529873088966852,0.0658727205061406,0.0,0,2
2023-07-19,19833.150390625,19833.150390625,19851.69921875,19727.44921875,19802.94921875,259700,0.0042482823714824,0.0042392838963021,0.0805130051981072,19267.71015625,18806.3120703125,0.054018569360037,-0.0932262569832402,0.0,0,2
2023-07-20,19979.150390625,19979.150390625,19991.849609375,19758.400390625,19831.69921875,274700,0.0073614124394989,0.0073344494857055,0.0821861571718279,19323.8251953125,18839.5930859375,0.059516876068844,0.0577589526376587,0.0,0,2
2023-07-21,19745.0,19745.0,19887.400390625,19700.0,19800.44921875,312500,-0.011719737128305,-0.0117889545859248,0.0940406920156002,19372.5126953125,18868.5530859375,0.0518745421855231,0.1376046596286857,-0.011719737128305,0,2
2023-07-24,19672.349609375,19672.349609375,19782.75,19658.30078125,19748.44921875,265600,-0.0036794322929856,-0.0036862180542648,0.0920124958654375,19422.85517578125,18895.7040625,0.053941743289759,-0.15008,-0.0153560474420355,0,2
2023-07-25,19680.599609375,19680.599609375,19729.349609375,19615.94921875,19729.349609375,369700,0.0004193703428323,0.0004192824316674,0.0922473472957669,19472.3251953125,18921.3390625,0.0529340241386164,0.3919427710843373,-0.0149431169700835,0,2
2023-07-26,19778.30078125,19778.30078125,19825.599609375,19716.69921875,19733.349609375,244700,0.0049643391875346,0.0049520574860006,0.0913986989366818,19520.37021484375,18951.175078125,0.0510644600570719,-0.3381119826886665,-0.0100529604837074,0,2
2023-07-27,19659.900390625,19659.900390625,19867.55078125,19603.55078125,19850.900390625,334900,-0.0059863783008722,-0.0060043684967971,0.093523678320711,19554.76025390625,18980.7380859375,0.0362532769388437,0.3686146301593789,-0.0159791579600804,0,2
2023-07-28,19646.05078125,19646.05078125,19695.900390625,19563.099609375,19659.75,258700,-0.0007044597937843,-0.000704708042179,0.0866727662966048,19577.61025390625,19011.0601171875,0.023815664735566,-0.2275306061510899,-0.0166723610795433,0,2
2023-07-31,19753.80078125,19753.80078125,19772.75,19597.599609375,19666.349609375,295100,0.0054845628365591,0.0054695773892536,0.0855318766761491,19599.17275390625,19042.068125,0.0223184819065644,0.1407035175879396,-0.0112792388549586,1,0
2023-08-01,19733.55078125,19733.55078125,19795.599609375,19704.599609375,19784.0,298000,-0.0010251191770254,-0.001025644971054,0.085385511131326,19616.40029296875,19070.4511328125,0.0177704255634638,0.0098271772280582,-0.0122927954679316,1,0
2023-08-02,19526.55078125,19526.55078125,19678.25,19423.55078125,19655.400390625,290700,-0.0104897492749598,-0.0105451544933879,0.0945484984712871,19622.80283203125,19094.0221484375,0.0066010661262467,-0.0244966442953019,-0.0226535964005445,1,0
2023-08-03,19381.650390625,19381.650390625,19537.650390625,19296.44921875,19463.75,315700,-0.0074206854169113,-0.0074483556761193,0.096634122743441,19617.0203125,19115.9471484375,-0.005931610325067,0.085999312005504,-0.0299061766050057,1,0
2023-08-04,19517.0,19517.0,19538.849609375,19436.44921875,19462.80078125,280800,0.0069833892701145,0.0069591183373327,0.0947620808832765,19626.2802734375,19139.864140625,0.0095800293436514,-0.110547988596769,-0.0231316338077047,1,0
2023-08-07,19597.30078125,19597.30078125,19620.44921875,19524.80078125,19576.849609375,216600,0.0041144018676027,0.0041059608614452,0.0956100164673394,19638.35029296875,19161.8231640625,0.0124716694007127,-0.2286324786324786,-0.0191124047774413,1,0
2023-08-08,19570.849609375,19570.849609375,19634.400390625,19533.099609375,19627.19921875,260300,-0.0013497354646058,-0.0013506471779916,0.0948233217819958,19644.92275390625,19181.2671484375,0.0067619996557812,0.2017543859649122,-0.0204363435515051,1,0
2023-08-09,19632.55078125,19632.55078125,19645.5,19467.5,19578.80078125,266500,0.0031527078847637,0.0031477485221408,0.0945449535028811,19657.33525390625,19201.241171875,0.012806755466781,0.0238186707645025,-0.017348065488192,1,0
2023-08-10,19543.099609375,19543.099609375,19623.599609375,19495.400390625,19605.55078125,312200,-0.0045562684580157,-0.004566679886024,0.096244091837661,19663.802734375,19221.41515625,0.006662783304359,0.1714821763602252,-0.0218252915026162,1,0
2023-08-11,19428.30078125,19428.30078125,19557.75,19412.75,19554.25,235500,-0.0058741361615907,-0.0058914567617632,0.0944806725043213,19656.9927734375,19240.226171875,-0.006961548659562,-0.2456758488148622,-0.0275712229301542,1,0
2023-08-14,19434.55078125,19434.55078125,19465.849609375,19257.900390625,19383.94921875,243900,0.0003216956578122,0.0003216439248586,0.089916313102197,19643.1478515625,19258.2351953125,-0.0140475940874305,0.0356687898089171,-0.0272583968150391,1,0
2023-08-16,19465.0,19465.0,19482.75,19317.19921875,19369.0,0,0.0015667570139761,0.0015655309306883,0.089789262244458,19628.9353515625,19275.658203125,-0.0143929516310745,-1.0,-0.0257343470854626,1,0
2023-08-17,19365.25,19365.25,19461.55078125,19326.25,19450.55078125,268700,-0.0051245825841254,-0.0051377582900605,0.0890799569027549,19605.54033203125,19290.983203125,-0.0235918339451595,,-0.0307270518826999,1,0
2023-08-18,19310.150390625,19310.150390625,19373.80078125,19253.599609375,19301.75,256100,-0.0028452826260957,-0.0028493381372506,0.0832958020500482,19572.09033203125,19302.658203125,-0.0334849073619226,-0.0468924451060662,-0.0334849073619226,1,0
2023-08-21,19393.599609375,19393.599609375,19425.94921875,19296.30078125,19320.650390625,262600,0.0043215209131937,0.0043122099570484,0.0767913853425536,19554.5203125,19317.8391796875,-0.0177969303937706,0.0253807106598984,-0.02930809217617,1,0
2023-08-22,19396.44921875,19396.44921875,19443.5,19381.30078125,19417.099609375,208700,0.0001469355577301,0.0001469247637584,0.0761480831293758,19540.72529296875,19334.50015625,-0.0140247807762382,-0.2052551408987052,-0.0291654630193096,1,0
2023-08-23,19444.0,19444.0,19472.05078125,19366.599609375,19439.19921875,225200,0.0024515199000461,0.0024485198272942,0.0768830133286909,19528.8953125,19351.35015625,-0.0120219715898439,0.0790608528988978,-0.0267854428322494,1,0
2023-08-24,19386.69921875,19386.69921875,19584.44921875,19369.0,19535.150390625,268300,-0.0029469646806212,-0.0029513155310064,0.0743845898232945,19509.315234375,19364.7611328125,-0.0197995554234488,0.1913854351687389,-0.0296534717588893,1,0
2023-08-25,19265.80078125,19265.80078125,19339.55078125,19229.69921875,19297.400390625,466500,-0.0062361537740819,-0.0062556798015631,0.0746138360194164,19489.61025390625,19374.959140625,-0.0200458599252583,0.7387253074916138,-0.0357047019231474,1,0
2023-08-28,19306.05078125,19306.05078125,19366.849609375,19249.69921875,19298.349609375,248200,0.0020891942389009,0.0020870149074536,0.0754202677564984,19472.61025390625,19387.3181640625,-0.0173062771640849,-0.4679528403001072,-0.0336901017418059,1,0
2023-08-29,19342.650390625,19342.650390625,19377.900390625,19309.099609375,19374.849609375,307400,0.001895758474361,0.0018939637920959,0.0724412769482651,19452.052734375,19397.651171875,-0.0208137358059851,0.2385173247381145,-0.031858211563324,1,1
2023-08-30,19347.44921875,19347.44921875,19452.80078125,19334.75,19433.44921875,233000,0.0002480956863764,0.0002480649157308,0.0725882865561887,19432.74765625,19409.491171875,-0.0195657419579479,-0.2420299284320104,-0.0316180197618122,2,0
2023-08-31,19253.80078125,19253.80078125,19388.19921875,19223.650390625,19375.55078125,562600,-0.0048403506033882,-0.0048521030396481,0.0650703718668454,19419.11015625,19418.233203125,-0.0139681607394739,1.4145922746781117,-0.0363053280641684,1,1
2023-09-01,19435.30078125,19435.30078125,19458.55078125,19255.69921875,19258.150390625,333000,0.0094267101889176,0.0093825560252025,0.0692248414708549,19421.79267578125,19429.8022265625,0.002768102279409,-0.4081052257376466,-0.0272208576812252,2,0
2023-09-04,19528.80078125,19528.80078125,19545.150390625,19432.849609375,19525.05078125,296800,0.0048108337016425,0.0047992986219631,0.0667837686805991,19422.38271484375,19444.9532421875,0.0006046411461801,-0.1087087087087087,-0.0225409789991031,1,1
2023-09-05,19574.900390625,19574.900390625,19587.05078125,19525.75,19564.650390625,256800,0.0023605960187407,0.0023578141889496,0.0656473753969743,19421.2626953125,19463.14125,-0.0011430344859753,-0.1347708894878706,-0.0202335931256461,2,0
2023-09-06,19611.05078125,19611.05078125,19636.44921875,19491.5,19581.19921875,287600,0.0018467726478093,0.0018450694598145,0.0657921660780967,19423.27275390625,19481.53828125,0.0020541352407992,0.1199376947040498,-0.018424187324188,1,1
2023-09-07,19727.05078125,19727.05078125,19737.0,19550.05078125,19598.650390625,304900,0.0059150323607803,0.0058976072365512,0.0681616525727012,19427.99775390625,19499.7312890625,0.0048134346398966,0.0601529902642559,-0.0126181346276513,2,0
2023-09-08,19819.94921875,19819.94921875,19867.150390625,19727.05078125,19774.80078125,288100,0.004709190366575,0.0046981368182121,0.067425774719686,19441.840234375,19516.68828125,0.0141661054238393,-0.0551000327976385,-0.0079683654591089,1,1
2023-09-11,19996.349609375,19996.349609375,20008.150390625,19865.349609375,19890.0,248800,0.0089001434200508,0.0088607705870589,0.0686124026491763,19470.24267578125,19532.8342578125,0.029238214629311,-0.1364109684137452,0.0,2,0
2023-09-12,19993.19921875,19993.19921875,20110.349609375,19914.650390625,20110.150390625,328100,-0.0001575482868895,-0.0001575606989245,0.068737058978028,19498.17509765625,19546.2472265625,0.0287451170746364,0.3187299035369775,-0.0001575482868895,1,1
2023-09-13,20070.0,20070.0,20096.900390625,19944.099609375,19989.5,251400,0.0038413452699443,0.003833986143147,0.0692716389747002,19528.42509765625,19559.8672265625,0.0310814282044695,-0.2337701920146296,0.0,2,0
2023-09-14,20103.099609375,20103.099609375,20167.650390625,20043.44921875,20127.94921875,275100,0.0016492082399102,0.0016478497893743,0.064641078538223,19565.317578125,19573.95921875,0.0381017342598211,0.094272076372315,0.0,1,1
2023-09-15,20192.349609375,20192.349609375,20222.44921875,20129.69921875,20156.44921875,438200,0.0044396138771742,0.0044297878632228,0.0627287738856032,19609.4275390625,19587.8601953125,0.0456857766979539,0.5928753180661577,0.0,2,0
2023-09-18,20133.30078125,20133.30078125,20195.349609375,20115.69921875,20155.94921875,264900,-0.0029243168460981,-0.0029286010148227,0.0647786596448735,19646.41259765625,19603.8901953125,0.0381415099194593,-0.395481515289822,-0.0029243168460981,1,1
2023-09-20,19901.400390625,19901.400390625,20050.650390625,19878.849609375,19980.75,378100,-0.011518249945432,-0.0115850988033336,0.0804193804840889,19671.66015625,19614.8001953125,0.0260331757725469,0.4273310683276707,-0.0144088837791772,2,0
2023-09-21,19742.349609375,19742.349609375,19848.75,19709.94921875,19840.55078125,275100,-0.0079919391664983,-0.0080240458900552,0.0867522570112306,19686.57763671875,19620.8591796875,0.0153440449174553,-0.2724147051044697,-0.0222856680230552,1,1
2023-09-22,19674.25,19674.25,19798.650390625,19657.5,19744.849609375,246400,-0.0034494176591149,-0.0034553806166447,0.0870562914548485,19700.95517578125,19626.6581640625,0.0148323744029563,-0.104325699745547,-0.0256582131053463,2,0
2023-09-25,19674.55078125,19674.55078125,19734.150390625,19601.55078125,19678.19921875,188400,1.5288066889551644e-05,1.5287950028248088e-05,0.0831338016479643,19721.39267578125,19631.8741796875,0.0212163514323167,-0.2353896103896103,-0.025643317302935,1,1
2023-09-26,19664.69921875,19664.69921875,19699.349609375,19637.44921875,19682.80078125,204900,-0.0005007261720755,-0.0005008515772894,0.0832130108533591,19739.32509765625,19633.8781640625,0.0185769964848698,0.0875796178343948,-0.0261312031948981,2,0
2023-09-27,19716.44921875,19716.44921875,19730.69921875,19554.0,19637.05078125,203600,0.0026316191986632,0.0026281625519171,0.0833676155082586,19758.0150390625,19633.9781640625,0.0193251090505246,-0.0063445583211322,-0.0235683513722467,1,1
2023-09-28,19523.55078125,19523.55078125,19766.650390625,19492.099609375,19761.80078125,352800,-0.0097836296667737,-0.0098318038412133,0.0917601927719271,19766.8201171875,19629.4641796875,0.0091020558063714,0.7328094302554027,-0.033121397017338,2,0
2023-09-29,19638.30078125,19638.30078125,19726.25,19551.05078125,19581.19921875,243500,0.0058775169171687,0.0058603116976752,0.0914239633092801,19786.0451171875,19625.5671875,0.0199700830172939,-0.3098072562358276,-0.0274385516714589,1,1
2023-10-03,19528.75,19528.75,19623.19921875,19479.650390625,19622.400390625,221700,-0.0055784246544688,-0.0055940421731296,0.0885992526946888,19790.717578125,19616.5591796875,0.0048082208658255,-0.0895277207392196,-0.0328639124328008,2,0
2023-10-04,19436.099609375,19436.099609375,19457.80078125,19333.599609375,19446.30078125,277100,-0.0047443072713306,-0.0047555972198833,0.088569370207939,19786.08251953125,19610.381171875,-0.0047468952606657,0.2498872350022554,-0.0374523032054122,1,1
2023-10-05,19545.75,19545.75,19576.94921875,19487.30078125,19521.849609375,234900,0.0056415841052857,0.0056257299700197,0.0905765119374979,19784.625,19607.8491796875,-0.0014891718498327,-0.152291591483219,-0.0320220094185965,2,0
2023-10-06,19653.5,19653.5,19675.75,19589.400390625,19621.19921875,159100,0.0055127073660514,0.005497568008546,0.0925104385163586,19786.7474609375,19607.3071875,0.0021645560568628,-0.3226905065985526,-0.0266858300197427,1,1
2023-10-09,19512.349609375,19512.349609375,19588.94921875,19480.5,19539.44921875,165100,-0.0071819467588469,-0.007207861089913,0.093325310046445,19776.01240234375,19601.9881640625,-0.0108835919902973,0.0377121307353864,-0.0336761205681723,2,0
2023-10-10,19689.849609375,19689.849609375,19717.80078125,19565.44921875,19565.599609375,216600,0.0090968029762401,0.0090556762901256,0.0977505271369073,19769.507421875,19602.5871484375,-0.0065640737995394,0.311932162325863,-0.0248856626257449,1,1
2023-10-11,19811.349609375,19811.349609375,19839.19921875,19756.94921875,19767.0,213700,0.0061706921287072,0.0061517313687301,0.0948010050040295,19760.257421875,19605.893125,-0.009251688613869,-0.0133887349953831,-0.0188685322595201,2,0
2023-10-12,19794.0,19794.0,19843.30078125,19772.650390625,19822.69921875,217900,-0.0008757409120068,-0.0008761245971014,0.0948044371645341,19750.2974609375,19606.697109375,-0.0099633488653074,0.0196537201684605,-0.0197277492258777,1,1
2023-10-13,19751.05078125,19751.05078125,19805.400390625,19635.30078125,19654.55078125,255000,-0.002169809980297,-0.002172167428733,0.0935511121253846,19734.35,19607.047109375,-0.0158918394992526,0.1702615878843505,-0.0218547537390156,2,0
2023-10-16,19731.75,19731.75,19781.30078125,19691.849609375,19737.25,181000,-0.0009772027556287,-0.0009776805295215,0.0931027263969716,19715.78251953125,19611.15109375,-0.018472256348062,-0.2901960784313725,-0.0228105999690669,1,1
2023-10-17,19811.5,19811.5,19849.75,19775.650390625,19843.19921875,185800,0.0040417094276989,0.0040335636613206,0.092810229984757,19696.7400390625,19619.7480859375,-0.0188610843583144,0.0265193370165746,-0.0188610843583144,2,0
2023-10-18,19671.099609375,19671.099609375,19840.94921875,19659.94921875,19820.44921875,198900,-0.0070868127413371,-0.007112043473065,0.0951503705812572,19673.62998046875,19622.830078125,-0.0229570489656343,0.0705059203444564,-0.0258142321267056,1,1
2023-10-19,19624.69921875,19624.69921875,19681.80078125,19512.349609375,19545.19921875,230300,-0.0023588102112444,-0.0023615965866002,0.0870353498771817,19659.794921875,19623.378046875,-0.0139036030854062,0.1578682755153344,-0.0281121514636141,2,0
2023-10-20,19542.650390625,19542.650390625,19593.80078125,19518.69921875,19542.150390625,198300,-0.0041808960845935,-0.0041896604678091,0.0837583755049804,19649.8099609375,19622.8140625,-0.0101152711152054,-0.1389491966999565,-0.0321755135642241,1,1
2023-10-23,19281.75,19281.75,19556.849609375,19257.849609375,19521.599609375,176000,-0.0133503074255556,-0.013440223951969,0.0951430796936522,19630.1849609375,19615.798046875,-0.0199499345591318,-0.1124558749369641,-0.0450962679921222,2,0
2023-10-25,19122.150390625,19122.150390625,19347.30078125,19074.150390625,19286.44921875,225300,-0.008277236732921,-0.0083116832700098,0.0984882470837454,19602.56494140625,19607.3790625,-0.0280768997862681,0.2801136363636363,-0.0530002322391012,1,1
2023-10-26,18857.25,18857.25,19041.69921875,18837.849609375,19027.25,300400,-0.0138530649123475,-0.013949914095014,0.1079336681138101,19562.19248046875,19595.958046875,-0.0410608476523306,0.3333333333333332,-0.066119081493871,2,0
2023-10-27,19047.25,19047.25,19076.150390625,18926.650390625,18928.75,205200,0.0100757003274603,0.0100252788637633,0.1151788046820624,19528.73251953125,19588.21203125,-0.0339411631032225,-0.3169107856191744,-0.0567095772174699,2,0
2023-10-30,19140.900390625,19140.900390625,19158.5,18940.0,19053.400390625,180100,0.0049167407696648,0.0049046930738934,0.1132873987678219,19509.6,19581.7300390625,-0.0195994260937661,-0.1223196881091618,-0.0520716627381405,0,2
2023-10-31,19079.599609375,19079.599609375,19233.69921875,19056.44921875,19232.94921875,206000,-0.0032026069828995,-0.0032077463043944,0.1105550155007951,19481.66494140625,19576.01703125,-0.0284495679182401,0.1438089950027763,-0.0551075046503437,0,2
2023-11-01,18989.150390625,18989.150390625,19096.05078125,18973.69921875,19064.05078125,194100,-0.0047406245729368,-0.0047518969731957,0.1101754040378307,19454.6849609375,19569.59703125,-0.0276310367727069,-0.057766990291262,-0.059586885232582,0,2
2023-11-02,19133.25,19133.25,19175.25,19064.150390625,19120.0,245600,0.0075885232572669,0.0075598752540646,0.1138146658674829,19439.54248046875,19564.3900390625,-0.0155818099033059,0.265327150953117,-0.0524505384397304,0,2
2023-11-03,19230.599609375,19230.599609375,19276.25,19210.900390625,19241.0,189500,0.0050879808383312,0.0050750808020812,0.1134193802952629,19423.7849609375,19561.073046875,-0.0161237297430387,-0.2284201954397394,-0.0476294249359408,0,2
2023-11-06,19411.75,19411.75,19423.0,19309.69921875,19345.849609375,180700,0.0094199033989916,0.0093758127789547,0.1170583092715369,19411.6974609375,19560.428046875,-0.0123006080341924,-0.0464379947229551,-0.0386581861187952,0,2
2023-11-07,19406.69921875,19406.69921875,19423.5,19329.099609375,19404.05078125,198700,-0.0002601919584787,-0.0002602258142791,0.1144400333652618,19406.41494140625,19560.828046875,-0.0054145396500193,0.099612617598229,-0.0389083195281164,0,2
2023-11-08,19443.5,19443.5,19464.400390625,19401.5,19449.599609375,195000,0.0018962926582819,0.0018944969651071,0.1094116084482976,19394.0974609375,19564.38203125,-0.0125115028434602,-0.0186210367388022,-0.0370858084305018,0,2
2023-11-09,19395.30078125,19395.30078125,19463.900390625,19378.349609375,19457.400390625,208400,-0.002478937369815,-0.002482015022314,0.106569561000728,19373.29501953125,19566.16703125,-0.0210005293091248,0.0687179487179487,-0.0394728124039087,0,2
2023-11-10,19425.349609375,19425.349609375,19451.30078125,19329.44921875,19351.849609375,152200,0.0015492839458333,0.0015480850435944,0.1069720562764863,19354.8625,19567.821015625,-0.0186243503397494,-0.2696737044145874,-0.0379846830526297,0,2
2023-11-13,19443.55078125,19443.55078125,19494.400390625,19414.75,19486.75,189300,0.0009369804014345,0.0009365417093074,0.1070662424543961,19339.4875,19569.743046875,-0.015568791929385,0.2437582128777924,-0.03708329355477,0,2
2023-11-15,19675.44921875,19675.44921875,19693.19921875,19579.650390625,19651.400390625,291500,0.0119267535086042,0.0118561902899385,0.1160722190947279,19336.6724609375,19578.176015625,-0.0028533090704068,0.5398837823560485,-0.0255988233476807,0,2
2023-11-16,19765.19921875,19765.19921875,19875.25,19627.0,19674.69921875,282700,0.0045615222809993,0.0045511500683312,0.1163334712749211,19334.357421875,19584.773984375,-0.0023370659086894,-0.030188679245283,-0.0211540706697491,0,2
2023-11-17,19731.80078125,19731.80078125,19806.0,19667.44921875,19674.75,236800,-0.0016897597201204,-0.0016911889743673,0.1135688342206979,19337.39248046875,19588.833984375,0.003085804712517,-0.1623629288998939,-0.0228080850933352,0,2
2023-11-20,19694.0,19694.0,19756.44921875,19670.5,19731.150390625,173800,-0.0019157289123818,-0.0019175662679732,0.1134492565571819,19340.85751953125,19591.2159765625,0.0035313041222964,-0.2660472972972972,-0.0246801198976677,0,2
2023-11-21,19783.400390625,19783.400390625,19829.099609375,19754.05078125,19770.900390625,195000,0.004539473475424,0.0045292011413009,0.1132202364132099,19352.89501953125,19594.66296875,0.0123192092775445,0.1219792865362485,-0.0202526811718894,0,2
2023-11-22,19811.849609375,19811.849609375,19825.55078125,19703.849609375,19784.0,184500,0.0014380348265852,0.0014370018446946,0.1003094409963892,19379.4,19596.3589453125,0.027492297606545,-0.0538461538461538,-0.0188437704061611,0,2
2023-11-23,19802.0,19802.0,19875.150390625,19786.75,19828.44921875,170000,-0.0004971574875239,-0.000497281111283,0.0939542514248852,19413.39248046875,19595.9999609375,0.035552989359832,-0.078590785907859,-0.0193315595721345,0,2
2023-11-24,19794.69921875,19794.69921875,19832.849609375,19768.849609375,19809.599609375,145900,-0.0003686890844358,-0.0003687570669664,0.0741389498697271,19460.26494140625,19591.966953125,0.0497129336859829,-0.1417647058823529,-0.019693121321571,0,2
2023-11-28,19889.69921875,19889.69921875,19916.849609375,19800.0,19844.650390625,229600,0.0047992646389904,0.0047877848833909,0.0691839396165923,19502.38740234375,19589.896953125,0.0442294409297929,0.5736806031528443,-0.0149883691833705,1,0
2023-11-29,20096.599609375,20096.599609375,20104.650390625,19956.30078125,19976.55078125,236200,0.0104023891135545,0.0103486565738691,0.0745360633180673,19550.17236328125,19590.4289453125,0.0499296897871164,0.028745644599303,-0.0047418949182389,1,0
2023-11-30,20133.150390625,20133.150390625,20158.69921875,20015.849609375,20108.5,486600,0.0018187545137213,0.0018171025823992,0.0715645379628672,19602.84990234375,19591.0299609375,0.0552187049424415,1.0601185436071128,-0.0029317647473038,1,0
2023-12-01,20267.900390625,20267.900390625,20291.55078125,20183.69921875,20194.099609375,265800,0.0066929416105065,0.0066706433156343,0.0671667230917452,19666.78740234375,19592.5409765625,0.0673410854985552,-0.4537607891491985,0.0,1,0
2023-12-04,20686.80078125,20686.80078125,20702.650390625,20507.75,20601.94921875,381100,0.0206681690037693,0.0204574804837739,0.0898830255808502,19744.46494140625,19603.6109765625,0.081196387506043,0.4337848006019564,0.0,1,0
2023-12-05,20855.099609375,20855.099609375,20864.05078125,20711.150390625,20808.900390625,421000,0.0081355657602475,0.0081026504477443,0.091041470494208,19825.68994140625,19622.6849609375,0.08447474509365,0.1046969299396483,0.0,1,0
2023-12-06,20937.69921875,20937.69921875,20961.94921875,20852.150390625,20950.75,359200,0.0039606432442005,0.0039528205452235,0.0888462758990149,19901.98740234375,19646.591953125,0.0786095647610338,-0.146793349168646,0.0,1,0
2023-12-07,20901.150390625,20901.150390625,20941.25,20850.80078125,20932.400390625,275000,-0.001745599062397,-0.0017471243957791,0.0898944688647551,19976.7099609375,19671.1299609375,0.0770069734698171,-0.2344097995545657,-0.001745599062397,1,0
2023-12-08,20969.400390625,20969.400390625,21006.099609375,20862.69921875,20934.099609375,292400,0.0032653705047074,0.0032600507599202,0.08965920833117,20053.00498046875,19697.026953125,0.0784786890541826,0.0632727272727273,0.0,1,0
2023-12-11,20997.099609375,20997.099609375,21026.099609375,20923.69921875,20965.30078125,212900,0.0013209351833629,0.0013200635160099,0.08711834077813,20133.094921875,19723.6749609375,0.0825869547572835,-0.2718878248974008,0.0,1,0
2023-12-12,20906.400390625,20906.400390625,21037.900390625,20867.150390625,21018.55078125,244900,-0.0043196070141755,-0.0043289634704181,0.0916624842799552,20207.1474609375,19747.473984375,0.0762431982452054,0.1503053076561766,-0.0043196070141755,1,0
2023-12-13,20926.349609375,20926.349609375,20950.0,20769.5,20929.75,260300,0.0009542158562574,0.0009537608817135,0.0916556843651429,20281.28740234375,19775.5299609375,0.0762617304219406,0.0628828093099225,-0.0033695129954239,1,0
2023-12-14,21182.69921875,21182.69921875,21210.900390625,21074.44921875,21110.400390625,334400,0.0122500872899569,0.0121756621637251,0.0920401212317137,20356.64990234375,19806.4179296875,0.0766056207023544,0.2846715328467153,0.0,1,0
2023-12-15,21456.650390625,21456.650390625,21492.30078125,21235.30078125,21287.44921875,508800,0.0129327792008919,0.0128498649215015,0.0976143079392336,20441.2224609375,19844.9759375,0.085577238719174,0.5215311004784688,0.0,1,0
2023-12-18,21418.650390625,21418.650390625,21482.80078125,21365.349609375,21434.80078125,249700,-0.0017710126840955,-0.0017725827811074,0.0976788221291636,20525.56494140625,19884.626953125,0.0854888830510551,-0.5092374213836478,-0.0017710126840955,1,0
2023-12-19,21453.099609375,21453.099609375,21505.05078125,21337.75,21477.650390625,249800,0.0016083748565725,0.0016070828069474,0.0955767935155724,20613.519921875,19922.7739453125,0.0893216009634914,0.0004004805766919,-0.0001654862797947,1,0
2023-12-20,21150.150390625,21150.150390625,21593.0,21087.349609375,21543.5,363900,-0.0141214660942333,-0.0142221227330497,0.1159317331868484,20681.857421875,19952.706953125,0.0690856967464339,0.4567654123298639,-0.0142846154651389,2,1
2023-12-21,21255.05078125,21255.05078125,21288.349609375,20976.80078125,21033.94921875,277500,0.0049597940765233,0.0049475348167753,0.1158370383136146,20754.01748046875,19987.5609765625,0.0728453526717705,-0.2374278647980214,-0.0093956701397849,2,1
2023-12-22,21349.400390625,21349.400390625,21390.5,21232.44921875,21295.849609375,284700,0.0044389265566107,0.0044291035803757,0.1148895050052799,20831.3875,20020.7519921875,0.0781436415829208,0.0259459459459459,-0.0049984502728748,2,1
2023-12-26,21441.349609375,21441.349609375,21477.150390625,21329.44921875,21365.19921875,219500,0.0043068759341071,0.0042976278879013,0.1138536229174938,20913.72001953125,20053.3519921875,0.0831864315000681,-0.2290129961362838,-0.0007131020439558,2,1
2023-12-27,21654.75,21654.75,21675.75,21495.80078125,21497.650390625,256500,0.0099527499207277,0.0099035475021389,0.1157580969128595,21001.97255859375,20090.5669921875,0.08874195440754,0.1685649202733485,0.0,2,1
2023-12-28,21778.69921875,21778.69921875,21801.44921875,21678.0,21715.0,393100,0.0057238813077962,0.0057075621422148,0.113669108011378,21086.0775390625,20131.1199609375,0.0837007076854088,0.5325536062378167,0.0,2,1
2023-12-29,21731.400390625,21731.400390625,21770.30078125,21676.900390625,21737.650390625,270900,-0.0021717930740454,-0.0021741548367498,0.1155617472890136,21165.9900390625,20171.11296875,0.0793839994730394,-0.3108623759857543,-0.0021717930740454,2,1
2024-01-01,21741.900390625,21741.900390625,21834.349609375,21680.849609375,21727.75,154000,0.0004831718072126,0.000483055117301,0.1156242145847453,21239.6900390625,20209.7209765625,0.0727258360062694,-0.4315245478036176,-0.0016896706160172,2,1
2024-01-02,21665.80078125,21665.80078125,21755.599609375,21555.650390625,21751.349609375,263700,-0.003500136051024,-0.003506275858172,0.0991551330116338,21288.6400390625,20249.615,0.0473248623773348,0.7123376623376623,-0.0051838925900038,0,2
2024-01-03,21517.349609375,21517.349609375,21677.0,21500.349609375,21661.099609375,311900,-0.0068518663756694,-0.0068754481934599,0.1017730117436099,21321.7525390625,20287.4680078125,0.0317548231561692,0.1827834660599165,-0.0120002396263407,0,2
2024-01-04,21658.599609375,21658.599609375,21685.650390625,21564.55078125,21605.80078125,339200,0.0065644701863494,0.0065430178827624,0.1029877562199406,21357.79755859375,20329.7869921875,0.0344307358269539,0.0875280538634177,-0.0055145446552474,0,2
2024-01-05,21710.80078125,21710.80078125,21749.599609375,21629.19921875,21705.75,309300,0.0024101822286055,0.002407282397897,0.102200220997038,21398.280078125,20378.3680078125,0.0387371209475704,-0.0881485849056603,-0.0031176534841688,0,2
2024-01-08,21513.0,21513.0,21763.94921875,21492.900390625,21747.599609375,231500,-0.009110708685643,-0.0091524650052922,0.1092632571968857,21425.46005859375,20426.185,0.0259234694005858,-0.251535725832525,-0.0121999581371348,0,2
2024-01-09,21544.849609375,21544.849609375,21724.44921875,21517.849609375,21653.599609375,228600,0.0014804820050666,0.0014793871720368,0.1092655022326649,21452.84755859375,20479.9369921875,0.0260869363002609,-0.0125269978401727,-0.0107375379505526,0,2
2024-01-10,21618.69921875,21618.69921875,21641.849609375,21448.650390625,21529.30078125,217000,0.0034277152411805,0.0034218540152167,0.1074296199545177,21488.4625,20531.3659765625,0.0340708498266595,-0.0507436570428696,-0.0073466279318579,0,2
2024-01-11,21647.19921875,21647.19921875,21726.5,21593.75,21688.0,212500,0.0013183031833516,0.001317434984659,0.10740498298536,21524.50498046875,20581.491953125,0.0344469830061551,-0.02073732718894,-0.0060380098314957,0,2
2024-01-12,21894.55078125,21894.55078125,21928.25,21715.150390625,21773.55078125,294700,0.0114264926377058,0.0113617033464997,0.1063853897567169,21560.09755859375,20637.7909765625,0.0336053283459691,0.3868235294117648,0.0,0,2
2024-01-15,22097.44921875,22097.44921875,22115.55078125,21963.55078125,22053.150390625,345500,0.0092670746948486,0.0092243988092869,0.1020128746582298,21592.1375,20699.956953125,0.0298648119095505,0.172378690193417,0.0,0,2
2024-01-16,22032.30078125,22032.30078125,22124.150390625,21969.80078125,22080.5,292400,-0.0029482333845447,-0.0029525879856159,0.1025948868086025,21622.82001953125,20757.93796875,0.0286502827878265,-0.1536903039073806,-0.0029482333845447,0,2
2024-01-17,21571.94921875,21571.94921875,21851.5,21550.44921875,21647.25,456000,-0.0208943935120824,-0.0211157704737447,0.1300541605764947,21628.7625,20804.7649609375,0.0055399737818335,0.5595075239398084,-0.023781025348125,0,2
2024-01-18,21462.25,21462.25,21539.400390625,21285.55078125,21414.19921875,387300,-0.0050852715087356,-0.0050982455047793,0.1202249547357287,21644.36748046875,20845.7749609375,0.0147563777850647,-0.1506578947368421,-0.0287453638862092,0,2
2024-01-19,21622.400390625,21622.400390625,21670.599609375,21575.0,21615.19921875,343100,0.0074619571864553,0.0074342545093672,0.1216963374410717,21662.7349609375,20890.088984375,0.0172829325676819,-0.1141234185386005,-0.0214979033743819,0,2
2024-01-23,21238.80078125,21238.80078125,21750.25,21192.599609375,21716.69921875,449700,-0.0177408429427344,-0.0179000980548101,0.1377546218294939,21657.20498046875,20925.995,-0.0051804550643758,0.3106965899154765,-0.0388573553897535,0,2
2024-01-24,21453.94921875,21453.94921875,21482.349609375,21137.19921875,21185.25,407500,0.0101299710711508,0.0100790068029252,0.1417617287431295,21657.8349609375,20967.16796875,0.0005876313573791,-0.0938403380031132,-0.0291210082046022,0,2
2024-01-25,21352.599609375,21352.599609375,21459.0,21247.05078125,21454.599609375,418100,-0.0047240537554001,-0.0047352473640612,0.1377033871870561,21642.72744140625,21005.71296875,-0.0139530768364908,0.0260122699386502,-0.0337074927518323,2,0
2024-01-29,21737.599609375,21737.599609375,21763.25,21429.599609375,21433.099609375,376700,0.0180305914522447,0.0178699682193025,0.1513080536200423,21640.6724609375,21051.5939453125,-0.0018871471138925,-0.0990193733556565,-0.0162846673302754,2,0
2024-01-30,21522.099609375,21522.099609375,21813.05078125,21501.80078125,21775.75,375100,-0.0099136981024832,-0.0099631660190465,0.1552038950225754,21630.207421875,21088.526953125,-0.0096312606407221,-0.0042474117334748,-0.0260369241571469,2,0
2024-01-31,21725.69921875,21725.69921875,21741.349609375,21448.849609375,21487.25,410600,0.0094600254190029,0.009415559590485,0.1591311230292503,21629.39736328125,21127.736953125,-0.0007451589596089,0.0946414289522794,-0.0168232087025033,2,0
2024-02-01,21697.44921875,21697.44921875,21832.94921875,21658.75,21780.650390625,332500,-0.0013003033741542,-0.0013011495021482,0.1586854352313366,21630.97978515625,21167.049921875,0.0014607554929328,-0.1902094495859717,-0.0181016368016175,2,0
2024-02-02,21853.80078125,21853.80078125,22126.80078125,21805.55078125,21812.75,442800,0.0072059881750932,0.0071801490987671,0.1583655425497749,21647.80234375,21210.2459375,0.0156362738898108,0.3317293233082707,-0.0110260888072665,2,0
2024-02-05,21771.69921875,21771.69921875,21964.30078125,21726.94921875,21921.05078125,440800,-0.0037568550808078,-0.0037639297855089,0.1576115003670402,21653.45732421875,21250.0119140625,0.0052219262286026,-0.0045167118337849,-0.0147415204703172,2,0
2024-02-06,21929.400390625,21929.400390625,21951.400390625,21737.55078125,21825.19921875,371000,0.0072434021015312,0.0072172946598549,0.159395181995027,21664.3873046875,21292.3629296875,0.0100687032034205,-0.1583484573502722,-0.0076048971291404,2,0
2024-02-07,21930.5,21930.5,22053.30078125,21860.150390625,22045.05078125,346300,5.014315737827957e-05,5.014190025218764e-05,0.1552977564519899,21685.2623046875,21334.9329296875,0.0194068702644911,-0.0665768194070081,-0.0075551353053157,2,0
2024-02-08,21717.94921875,21717.94921875,22011.05078125,21665.30078125,22009.650390625,491100,-0.0096920171108729,-0.0097392904057516,0.1598404217991087,21693.91728515625,21373.3979296875,0.0080343846679569,0.4181345654057176,-0.0171739279155346,2,0
2024-02-09,21782.5,21782.5,21804.44921875,21629.900390625,21727.0,349200,0.0029722318898448,0.00296782354157,0.1597346698531019,21702.10732421875,21411.2539453125,0.0075768102230653,-0.2889431887599267,-0.0142527409219141,2,0
2024-02-12,21616.05078125,21616.05078125,21831.69921875,21574.75,21800.80078125,287400,-0.0076414194307357,-0.0076707646646054,0.1622003897610142,21700.54990234375,21441.64296875,-0.0014389130522262,-0.1769759450171821,-0.0217852491812279,2,0
2024-02-13,21743.25,21743.25,21766.80078125,21543.349609375,21664.30078125,365800,0.0058844800115076,0.0058672340814856,0.1581863171446634,21692.98486328125,21473.8449609375,-0.0069104309451998,0.2727905358385525,-0.0160289640330729,2,0
2024-02-14,21840.05078125,21840.05078125,21870.849609375,21530.19921875,21578.150390625,359100,0.0044519922849619,0.0044421114826255,0.1552318200476912,21680.11494140625,21505.28796875,-0.0116483325723221,-0.0183160196828868,-0.0116483325723221,2,0
2024-02-15,21910.75,21910.75,21953.849609375,21794.80078125,21906.55078125,345400,0.0032371361888359,0.003231907943473,0.1555331873619838,21674.03740234375,21529.766953125,-0.0055169354511283,-0.038150932887775,-0.0084489036223955,2,0
2024-02-16,22040.69921875,22040.69921875,22068.650390625,21968.94921875,22020.30078125,343900,0.0059308430222606,0.00591332480386,0.1358472313419941,21697.47490234375,21553.4789453125,0.0217296079851962,-0.0043427909669947,-0.0025681697212295,2,0
2024-02-19,22122.25,22122.25,22186.650390625,22021.05078125,22103.44921875,0,0.0037000088082788,0.0036931806134258,0.1341220478540316,21730.47490234375,21577.1699609375,0.0307516686274738,-1.0,0.0,2,0
2024-02-20,22196.94921875,22196.94921875,22215.599609375,22045.849609375,22099.19921875,295700,0.003376655573009,0.0033709674724873,0.1325092049344577,21759.20234375,21603.0859375,0.0265719262313777,,0.0,2,0
2024-02-21,22055.05078125,22055.05078125,22249.400390625,21997.94921875,22248.849609375,364500,-0.00639270001033,-0.0064132208193745,0.1156177035580627,21800.01484375,21624.7989453125,0.0384320192277805,0.2326682448427459,-0.00639270001033,2,0
2024-02-22,22217.44921875,22217.44921875,22252.5,21875.25,22081.55078125,343500,0.0073633218581414,0.0073363449492495,0.1134290089785258,21838.18984375,21649.2059375,0.0355878534164109,-0.0576131687242797,0.0,2,0
2024-02-23,22212.69921875,22212.69921875,22297.5,22186.099609375,22290.0,226000,-0.0002137959201901,-0.0002138187777958,0.1111129616096654,21881.19482421875,21675.3319140625,0.0402807913373399,-0.3420669577874817,-0.0002137959201901,1,0
2024-02-26,22122.05078125,22122.05078125,22202.150390625,22075.150390625,22169.19921875,207800,-0.0040809285088362,-0.004089278221713,0.0957228285818903,21900.4173828125,21699.2459375,0.0176859993183973,-0.0805309734513274,-0.0042938519431605,1,0
2024-02-27,22198.349609375,22198.349609375,22218.25,22085.650390625,22090.19921875,252200,0.0034489943486464,0.0034430602082678,0.0870207763140671,21934.2298828125,21719.5589453125,0.0314211908816473,0.2136669874879693,-0.0008596670656,1,0
2024-02-28,21951.150390625,21951.150390625,22229.150390625,21915.849609375,22214.099609375,203000,-0.0111359278099485,-0.0111983964511737,0.0928660825966466,21945.50244140625,21729.4489453125,0.0103771652918966,-0.1950832672482156,-0.0119860216851654,1,0
2024-02-29,21982.80078125,21982.80078125,22060.55078125,21860.650390625,21935.19921875,360200,0.0014418556686905,0.0014408171929075,0.0926642240789302,21959.77001953125,21740.731953125,0.0131513875028872,0.7743842364532019,-0.0105614481297867,1,0
2024-03-01,22338.75,22338.75,22353.30078125,22047.75,22048.30078125,351500,0.0161921687000685,0.0160624736924449,0.1054446487775943,21984.01748046875,21758.4449609375,0.0221906122236674,-0.0241532481954469,0.0,1,0
2024-03-04,22405.599609375,22405.599609375,22440.900390625,22358.30078125,22403.5,298800,0.0029925402887358,0.0029880715530739,0.1040303326558374,22015.7125,21783.5539453125,0.0291157977269445,-0.1499288762446656,0.0,1,0
2024-03-05,22356.30078125,22356.30078125,22416.900390625,22269.150390625,22371.25,296200,-0.0022002905070378,-0.0022027147028049,0.1024476536194492,22037.05751953125,21805.5789453125,0.0194670343475285,-0.0087014725568942,-0.0022002905070378,1,0
2024-03-06,22474.05078125,22474.05078125,22497.19921875,22224.349609375,22327.5,312300,0.0052669715420341,0.0052531495595052,0.1034915094568049,22064.23505859375,21828.071953125,0.024785152242311,0.0543551654287643,0.0,1,0
2024-03-07,22493.55078125,22493.55078125,22525.650390625,22430.0,22505.30078125,379900,0.000867667346212,0.0008672911404987,0.0950967123537335,22103.01513671875,21849.1159765625,0.0357124678158098,0.2164585334614153,0.0,1,0
2024-03-11,22332.650390625,22332.650390625,22526.599609375,22307.25,22517.5,277900,-0.0071531788017711,-0.0071788854481033,0.1000702195424829,22130.52265625,21862.673984375,0.0252565311890278,-0.2684917083443011,-0.0071531788017711,1,0
2024-03-12,22335.69921875,22335.69921875,22452.55078125,22256.0,22334.44921875,299200,0.000136518866846,0.0001365095489935,0.0945260839998123,22166.505078125,21873.813984375,0.0332923180456363,0.0766462756387189,-0.0070176364787892,1,0
2024-03-13,21997.69921875,21997.69921875,22446.75,21905.650390625,22432.19921875,493300,-0.0151327252704165,-0.0152483933565969,0.1103810893062705,22179.2275390625,21879.1399609375,0.0117024464488979,0.6487299465240641,-0.0220441657843246,1,0
2024-03-14,22146.650390625,22146.650390625,22204.599609375,21917.5,21982.55078125,426700,0.0067712159528048,0.0067483942326731,0.1117460115211997,22194.55751953125,21887.2349609375,0.0140384110113067,-0.135009122237989,-0.0154222156385449,1,0
2024-03-15,22023.349609375,22023.349609375,22120.900390625,21931.69921875,22064.849609375,661500,-0.0055674686273187,-0.0055830247464483,0.1134614775547659,22200.1875,21894.3859375,0.0051390121002248,0.5502695101945161,-0.0209038215641323,1,0
2024-03-18,22055.69921875,22055.69921875,22123.69921875,21916.55078125,21990.099609375,356300,0.0014688778023679,0.0014678000566242,0.1116038545730947,22200.9375,21905.1529296875,0.0006805591715184,-0.4613756613756613,-0.0194656489212445,1,0
2024-03-19,21817.44921875,21817.44921875,21978.30078125,21793.099609375,21946.44921875,344200,-0.0108021966402886,-0.0108609639603587,0.1170969944522247,22185.6974609375,21908.329921875,-0.013778019019313,-0.0339601459444288,-0.0300575737941551,1,0
2024-03-20,21839.099609375,21839.099609375,21930.900390625,21710.19921875,21843.900390625,312400,0.0009923428906801,0.0009918508439663,0.1163035134808158,22167.80498046875,21910.8958984375,-0.0161215672409936,-0.0923881464264961,-0.0290950583231408,1,0
2024-03-21,22011.94921875,22011.94921875,22080.94921875,21941.30078125,21989.900390625,353200,0.0079146856998078,0.0078835288646751,0.1182283714522381,22165.64990234375,21920.8748828125,-0.0019542717415388,0.1306017925736236,-0.0214106508653783,1,0
2024-03-22,22096.75,22096.75,22180.69921875,21883.30078125,21932.19921875,388700,0.0038524885010076,0.0038450866714008,0.1159441637680902,22159.61494140625,21931.912890625,-0.0054326316923969,0.1005096262740656,-0.0176406466506284,1,0
2024-03-26,22004.69921875,22004.69921875,22073.19921875,21947.55078125,21947.900390625,328400,-0.0041658063402989,-0.0041745074847941,0.1167670940272761,22149.21494140625,21939.632890625,-0.0093640128086921,-0.1551324929251351,-0.0217329654732633,1,1
2024-03-27,22123.650390625,22123.650390625,22193.599609375,22052.849609375,22053.94921875,409100,0.0054057167831516,0.0053911583385007,0.1177155381318809,22149.294921875,21949.1619140625,7.230836737592838e-05,0.2457369062119365,-0.0164447309463181,2,0
2024-03-28,22326.900390625,22326.900390625,22516.0,22163.599609375,22163.599609375,410500,0.0091870010785439,0.0091450572802347,0.1216011311781532,22155.7224609375,21957.80890625,0.0057910062465054,0.0034221461745294,-0.0074088076287144,1,1
2024-04-01,22462.0,22462.0,22529.94921875,22427.75,22455.0,0,0.0060509791780918,0.0060327455209344,0.1152276673069659,22181.26494140625,21965.099921875,0.0232721110413045,-1.0,-0.0014026589913185,2,0
2024-04-02,22453.30078125,22453.30078125,22497.599609375,22388.150390625,22458.80078125,289500,-0.0003872860275131,-0.0003873610421153,0.1153491983209197,22204.78994140625,21973.519921875,0.0214030962060716,,-0.0017894017886029,1,1
2024-04-03,22434.650390625,22434.650390625,22521.099609375,22346.5,22385.69921875,309600,-0.0008306302403686,-0.000830975404816,0.1008855878343453,22209.5849609375,21990.7739453125,0.0042930061272452,0.0694300518134714,-0.0026185456977338,2,0
2024-04-04,22514.650390625,22514.650390625,22619.0,22303.80078125,22592.099609375,401000,0.0035659124883635,0.0035595696965144,0.1011141356627137,22215.0375,22011.821953125,0.0048671217530982,0.295219638242894,0.0,1,1
2024-04-05,22513.69921875,22513.69921875,22537.599609375,22427.599609375,22486.400390625,242200,-4.224679746289706e-05,-4.22476898839797e-05,0.1007111305167329,22222.907421875,22029.6479296875,0.007040450879602,-0.3960099750623441,-4.224679746289706e-05,2,0
2024-04-08,22666.30078125,22666.30078125,22697.30078125,22550.349609375,22578.349609375,227600,0.0067781647528144,0.0067552962734934,0.1018160327114948,22232.519921875,22058.1979296875,0.0085543101184231,-0.060280759702725,0.0,1,1
2024-04-09,22642.75,22642.75,22768.400390625,22612.25,22765.099609375,232400,-0.0010390218270411,-0.0010395619844089,0.1019313136607799,22239.9798828125,22081.9739453125,0.0066329776121594,0.0210896309314587,-0.0010390218270411,2,0
2024-04-10,22753.80078125,22753.80078125,22775.69921875,22673.69921875,22720.25,276800,0.0049044741142307,0.0048924863608352,0.0991032266519957,22261.03740234375,22109.99796875,0.0188580568476455,0.1910499139414803,0.0,1,1
2024-04-12,22519.400390625,22519.400390625,22726.44921875,22503.75,22677.400390625,357200,-0.0103015928142499,-0.0103550214717636,0.1069127519492172,22270.2224609375,22125.633984375,0.0082245543367986,0.2904624277456646,-0.0103015928142499,2,0
2024-04-15,22272.5,22272.5,22427.44921875,22259.55078125,22339.05078125,355500,-0.010963897188301,-0.0110244436660376,0.0995024416842396,22283.9625,22140.6419921875,0.0124922510539542,-0.0047592385218364,-0.0211525443980599,1,1
2024-04-16,22147.900390625,22147.900390625,22213.75,22079.44921875,22125.30078125,317300,-0.005594325260972,-0.0056100321053902,0.0990775184172768,22284.025,22149.086015625,5.644194394882618e-05,-0.1074542897327707,-0.0266285354455719,2,0
2024-04-18,21995.849609375,21995.849609375,22326.5,21961.69921875,22212.349609375,456900,-0.0068652458503182,-0.0068889200657005,0.100156573728013,22282.65,22155.0540234375,-0.0012486747242251,0.4399621809013552,-0.0333109698534225,1,1
2024-04-19,22147.0,22147.0,22179.55078125,21777.650390625,21861.5,362500,0.0068717686886063,0.0068482656961372,0.103026736252815,22287.2150390625,22160.9180078125,0.0041395550576053,-0.2066097614357627,-0.0266681064444418,2,0
2024-04-22,22336.400390625,22336.400390625,22375.650390625,22198.150390625,22336.900390625,279300,0.0085519659829773,0.0085156050796275,0.0982680812075856,22313.16259765625,22172.21203125,0.0237860607201052,-0.2295172413793104,-0.0183442052006077,1,1
2024-04-23,22368.0,22368.0,22447.55078125,22349.44921875,22447.05078125,231500,0.0014147135985376,0.0014137138340638,0.0982690410023013,22339.6076171875,22180.9840234375,0.0242180492824877,-0.1711421410669531,-0.0169554433986217,2,0
2024-04-24,22402.400390625,22402.400390625,22476.44921875,22384.0,22421.55078125,235900,0.0015379287654238,0.0015367473640989,0.0950712470688192,22359.13017578125,22190.42203125,0.0177381461312118,0.0190064794816413,-0.0154435908973311,1,1
2024-04-25,22570.349609375,22570.349609375,22625.94921875,22305.25,22316.900390625,475000,0.0074969296067168,0.0074689672972998,0.0974121319069726,22382.81015625,22207.4700390625,0.0214329984895969,1.013565069944892,-0.0080624408044466,2,0
2024-04-26,22419.94921875,22419.94921875,22620.400390625,22385.55078125,22620.400390625,329900,-0.0066636269808832,-0.0066859280691195,0.0995858054287988,22403.57265625,22220.2190234375,0.0188709691449073,-0.3054736842105263,-0.0146723426872537,2,1
2024-04-29,22643.400390625,22643.400390625,22655.80078125,22441.900390625,22475.55078125,292000,0.0099666225688024,0.0099172833455234,0.103491525301903,22429.56015625,22240.766015625,0.0234929584776049,-0.1148832979690815,-0.004851953820215,1,0
2024-04-30,22604.849609375,22604.849609375,22783.349609375,22568.400390625,22679.650390625,361900,-0.0017025173156396,-0.0017039682453004,0.0994779446245225,22443.4576171875,22257.9980078125,0.0124490732653024,0.2393835616438355,-0.0065462106004611,1,0
2024-05-02,22648.19921875,22648.19921875,22710.5,22567.849609375,22567.849609375,445900,0.001917712797214,0.0019158763335262,0.0975610650084109,22452.767578125,22274.1609765625,0.0082895209130977,0.2321083172147002,-0.0046410515550887,1,0
2024-05-03,22475.849609375,22475.849609375,22794.69921875,22348.05078125,22766.349609375,438100,-0.0076098592965534,-0.0076389620148829,0.1016594943053407,22453.89501953125,22285.46296875,0.0010042544900048,-0.0174927113702624,-0.01221559310232,1,0
2024-05-06,22442.69921875,22442.69921875,22588.80078125,22409.44921875,22561.599609375,320300,-0.0014749338156797,-0.0014760226012829,0.1017593867992596,22454.2974609375,22293.50296875,0.0003587677090952,-0.2688883816480255,-0.0136725097266545,1,0
2024-05-07,22302.5,22302.5,22499.05078125,22232.05078125,22489.75,297800,-0.006246985595782,-0.006266579655461,0.1031911370471612,22443.68994140625,22297.10796875,-0.0094227708156346,-0.0702466437714642,-0.0198340833511159,1,0
2024-05-08,22302.5,22302.5,22368.650390625,22185.19921875,22231.19921875,277400,0.0,0.0,0.1031935870353792,22433.12998046875,22299.218984375,-0.009380920332013,-0.0685023505708529,-0.0198340833511159,1,0
2024-05-09,21957.5,21957.5,22307.75,21932.400390625,22224.80078125,331300,-0.0154691178119045,-0.015590012996666,0.1125024378913525,22397.68994140625,22297.26796875,-0.0312711274808606,0.1943042537851478,-0.0349963853909709,1,0
2024-05-10,22055.19921875,22055.19921875,22131.30078125,21950.30078125,21990.94921875,265800,0.004449469144939,0.00443959952266,0.114520099581144,22368.31240234375,22294.02296875,-0.0259487377306202,-0.197706006640507,-0.0307026315830133,1,0
2024-05-13,22104.05078125,22104.05078125,22131.650390625,21821.05078125,22027.94921875,278200,0.0022149680905385,0.0022125186649836,0.1129782805385939,22335.82490234375,22291.85,-0.0285556688417267,0.0466516177577125,-0.0285556688417267,1,0
2024-05-14,22217.849609375,22217.849609375,22270.05078125,22081.25,22112.900390625,230200,0.0051483245877055,0.0051351172756336,0.110126116150879,22320.74736328125,22293.7659765625,-0.01339071094342,-0.1725377426312005,-0.0235543581060375,1,0
2024-05-15,22200.55078125,22200.55078125,22297.55078125,22151.75,22255.599609375,231900,-0.0007786004689536,-0.0007789037357247,0.1031378036230085,22317.14990234375,22293.81,-0.0032304060500617,0.0073848827106863,-0.0243146191407238,1,0
2024-05-16,22403.849609375,22403.849609375,22432.25,22054.55078125,22319.19921875,368900,0.0091573776762647,0.0091157031198713,0.1060258902083039,22329.94736328125,22302.863984375,0.011556364903029,0.5907718844329453,-0.0153798996149853,1,0
2024-05-17,22466.099609375,22466.099609375,22502.150390625,22345.650390625,22415.25,242700,0.002778540343975,0.0027746873362616,0.1024937589640349,22353.45986328125,22312.5299609375,0.0213790332426881,-0.3420981295744104,-0.0126440929425767,1,0
2024-05-21,22529.05078125,22529.05078125,22591.099609375,22404.55078125,22404.55078125,347600,0.0028020516676037,0.0027981332388829,0.1004467227585846,22372.56240234375,22316.3359765625,0.0172506787036619,0.4322208487845076,-0.009877470676688,1,0
2024-05-22,22597.80078125,22597.80078125,22629.5,22483.150390625,22576.599609375,290300,0.00305161547495,0.0030469687473969,0.0967218527946975,22385.632421875,22320.18,0.0117028879342042,-0.1648446490218642,-0.0068559974441083,1,0
2024-05-23,22967.650390625,22967.650390625,22993.599609375,22577.44921875,22614.099609375,369800,0.016366619608483,0.0162341301383458,0.1115782798686968,22415.61494140625,22332.4069921875,0.0268084044449661,0.2738546331381331,0.0,1,0
2024-05-24,22957.099609375,22957.099609375,23026.400390625,22908.0,22930.75,261900,-0.0004593757337192,-0.0004594812790761,0.1117523685046149,22443.34990234375,22342.06796875,0.0247607046154809,-0.2917793401838832,-0.0004593757337192,1,0
2024-05-27,22932.44921875,22932.44921875,23110.80078125,22871.19921875,23038.94921875,260000,-0.0010737589261899,-0.0010743358183047,0.1095114391088422,22461.4548828125,22350.8459375,0.0160431546538648,-0.0072546773577701,-0.0015326414011146,1,0
2024-05-28,22888.150390625,22888.150390625,22998.55078125,22858.5,22977.150390625,217900,-0.0019317094176221,-0.0019335775744709,0.106462017222328,22484.86494140625,22361.9559375,0.0208832396231941,-0.1619230769230769,-0.0034613902009084,1,0
2024-05-29,22704.69921875,22704.69921875,22825.5,22685.44921875,22762.75,269900,-0.008015115627261,-0.0080474093408375,0.105674336788713,22487.9298828125,22369.3359375,0.0027071388160577,0.2386415787058284,-0.011448762385478,1,0
2024-05-30,22488.650390625,22488.650390625,22705.75,22417.0,22617.44921875,373400,-0.0095155996581792,-0.0095611622438567,0.1110326582313616,22482.119921875,22379.1549609375,-0.0051404552898156,0.3834753612449055,-0.0208554202042156,1,0
2024-05-31,22530.69921875,22530.69921875,22653.75,22465.099609375,22568.099609375,572100,0.0018697799732139,0.0018680341105537,0.1110203657636155,22476.244921875,22386.8359375,-0.005188050443442,0.5321371183717194,-0.0190246352780324,1,0
2024-06-03,23263.900390625,23263.900390625,23338.69921875,23062.30078125,23337.900390625,569400,0.0325423176953527,0.0320240306745201,0.1561532219033976,22515.6474609375,22411.646953125,0.035062113110122,-0.004719454640797,0.0,2,1
2024-06-04,21884.5,21884.5,23179.5,21281.44921875,23179.5,1006100,-0.0592935994164107,-0.0611241959627575,0.2725347351009498,22487.7375,22408.22296875,-0.0248721962233333,0.7669476642079383,-0.0592935994164107,0,2
2024-06-05,22620.349609375,22620.349609375,22670.400390625,21791.94921875,22128.349609375,638500,0.0336242367600356,0.0330713026490232,0.2975706432811715,22503.62998046875,22424.2809765625,0.014251747982289,-0.3653712354636715,-0.0276630646815072,0,2
2024-06-06,22821.400390625,22821.400390625,22910.150390625,22642.599609375,22798.599609375,480400,0.0088880492442378,0.0088487830297353,0.2989461456944538,22529.575,22443.9269921875,0.0232664674644098,-0.2476115896632733,-0.0190208861184051,0,2
2024-06-07,23290.150390625,23290.150390625,23320.19921875,22789.05078125,22821.849609375,473600,0.0205399314668071,0.0203318318180632,0.2994602636094319,22596.20751953125,22469.491015625,0.060692264175111,-0.0141548709408826,0.0,0,2
2024-06-10,23259.19921875,23259.19921875,23411.900390625,23227.150390625,23319.150390625,304400,-0.0013289382574128,-0.0013298220789751,0.2997787297175804,22656.40751953125,22492.74,0.0545903026337859,-0.3572635135135135,-0.0013289382574128,0,2
2024-06-11,23264.849609375,23264.849609375,23389.44921875,23206.650390625,23283.75,305200,0.0002429314342191,0.0002429019311563,0.29989901975113,22714.4474609375,22517.9430078125,0.0525152081676205,0.002628120893561,-0.0010863296640705,0,2
2024-06-12,23322.94921875,23322.94921875,23441.94921875,23295.94921875,23344.44921875,295600,0.0024973129141392,0.0024941998100964,0.2997446293214439,22769.70244140625,22541.928984375,0.0497392694974716,-0.0314547837483617,0.0,0,2
2024-06-13,23398.900390625,23398.900390625,23481.05078125,23353.900390625,23480.94921875,268300,0.003256499474515,0.0032512085635553,0.299514199658789,22829.619921875,22563.368984375,0.0539783729324001,-0.0923545331529093,0.0,0,2
2024-06-14,23465.599609375,23465.599609375,23490.400390625,23334.25,23464.94921875,223100,0.0028505279152657,0.0028464728647632,0.2985383955425331,22882.707421875,22583.4409765625,0.0473914089994473,-0.1684681326872903,0.0,0,2
2024-06-18,23557.900390625,23557.900390625,23579.05078125,23499.69921875,23570.80078125,272200,0.0039334507869606,0.0039257349959185,0.2985898508378074,22937.2974609375,22605.53296875,0.0485977005458657,0.22008068130883,0.0,0,2
2024-06-19,23516.0,23516.0,23664.0,23412.900390625,23629.849609375,328800,-0.0017786131162043,-0.0017801967265448,0.2989453798936285,22986.644921875,22627.1599609375,0.0438078474025811,0.2079353416605436,-0.0017786131162043,0,2
2024-06-20,23567.0,23567.0,23624.0,23442.599609375,23586.150390625,280300,0.0021687361796223,0.0021663878659495,0.2989264342258271,23035.1048828125,22648.206953125,0.0428890947456344,-0.1475060827250608,0.0,0,2
2024-06-21,23501.099609375,23501.099609375,23667.099609375,23398.19921875,23661.150390625,609900,-0.0027962995130903,-0.0028002164622532,0.2945937265563741,23061.77734375,22667.9549609375,0.0232261119303585,1.17588298251873,-0.0027962995130903,0,2
2024-06-24,23537.849609375,23537.849609375,23558.099609375,23350.0,23382.30078125,239400,0.001563756616109,0.0015625352218749,0.2945348166878512,23090.81484375,22685.3859375,0.0252971851793872,-0.6074766355140186,-0.0012369156288454,0,2
2024-06-25,23721.30078125,23721.30078125,23754.150390625,23562.05078125,23577.099609375,298100,0.0077938798539154,0.0077636644675083,0.295279928372981,23130.257421875,22706.956953125,0.0343989233324026,0.2451963241436925,0.0,0,2
2024-06-26,23868.80078125,23868.80078125,23889.900390625,23670.44921875,23723.099609375,287800,0.0062180401218379,0.006198787876631,0.2953669518493891,23179.28994140625,22729.256953125,0.0428453314876275,-0.0345521637034552,0.0,2,0
2024-06-27,24044.5,24044.5,24087.44921875,23805.400390625,23881.55078125,515200,0.0073610408985447,0.0073340806597626,0.2933996368443206,23246.27998046875,22759.7589453125,0.059009844981499,0.7901320361362056,0.0,1,1
2024-06-28,24010.599609375,24010.599609375,24174.0,23985.80078125,24085.900390625,354800,-0.0014099020825968,-0.0014108969297394,0.2902300131006608,23322.37744140625,22794.5209375,0.0676763252713672,-0.3113354037267081,-0.0014099020825968,1,1
2024-07-01,24141.94921875,24141.94921875,24164.0,23992.69921875,23992.94921875,0,0.0054704843490753,0.0054555755969174,0.2902788461114146,23402.93994140625,22834.4019140625,0.0715135373454864,-1.0,0.0,1,1
2024-07-04,24302.150390625,24302.150390625,24401.0,24281.0,24369.94921875,251200,0.0006444070008029,0.0006441994597673,0.0834601835970369,23650.12744140625,22959.0669140625,0.0743490180431596,,0.0,2,0
2024-07-05,24323.849609375,24323.849609375,24363.0,24168.849609375,24213.349609375,298400,0.0008928929498506,0.0008924945580705,0.0815625200226673,23725.24990234375,22998.18390625,0.0658351018356964,0.1878980891719746,0.0,0,2
2024-07-08,24320.55078125,24320.55078125,24344.599609375,24240.55078125,24329.44921875,266300,-0.0001356211363734,-0.0001356303337513,0.0512144838285579,23776.769921875,23036.5469140625,0.0442418951077177,-0.1075737265415549,-0.0001356211363734,0,2
2024-07-09,24433.19921875,24433.19921875,24443.599609375,24331.900390625,24351.0,250500,0.0046318209860134,0.0046211271118829,0.0501749504748128,23835.469921875,23073.80390625,0.0504746525862163,-0.0593315809237702,0.0,0,2
2024-07-10,24324.44921875,24324.44921875,24461.05078125,24141.80078125,24459.849609375,292300,-0.0044509111977667,-0.0044608459932337,0.055436456096738,23888.44990234375,23111.89390625,0.0455450874244214,0.1668662674650698,-0.0044509111977667,0,2
2024-07-11,24315.94921875,24315.94921875,24402.650390625,24193.75,24396.55078125,306400,-0.0003494426502141,-0.0003495037195243,0.0561687689425096,23938.09990234375,23145.3448828125,0.0425760906430177,0.0482381115292507,-0.004798798509776,0,2
2024-07-12,24502.150390625,24502.150390625,24592.19921875,24331.150390625,24387.94921875,325800,0.007657573644356,0.0076284032489554,0.059428822703403,23993.26240234375,23183.2908984375,0.0471496515469602,0.0633159268929504,0.0,0,2
2024-07-15,24586.69921875,24586.69921875,24635.05078125,24522.75,24587.599609375,305400,0.0034506697076412,0.0034447298074261,0.0595391460757264,24049.3173828125,23222.0608984375,0.0477763035267633,-0.0626151012891343,0.0,0,2
2024-07-16,24613.0,24613.0,24661.25,24587.650390625,24615.900390625,283200,0.0010697158254551,0.0010691440871768,0.0593891943629919,24102.07236328125,23264.80390625,0.0447875061817852,-0.0726915520628683,0.0,0,2
2024-07-18,24800.849609375,24800.849609375,24837.75,24504.44921875,24543.80078125,350900,0.0076321297434283,0.0076031523871201,0.0603994936921443,24166.31484375,23311.9669140625,0.0546372516318676,0.239053672316384,0.0,0,2
2024-07-19,24530.900390625,24530.900390625,24854.80078125,24508.150390625,24853.80078125,343800,-0.0108846762510892,-0.0109443477378994,0.0773662981956022,24214.50986328125,23356.534921875,0.0409004281675648,-0.0202336848104873,-0.0108846762510892,0,2
2024-07-22,24509.25,24509.25,24595.19921875,24362.30078125,24445.75,324200,-0.0008825762723847,-0.000882965972133,0.0760757078095282,24264.9173828125,23400.669921875,0.0428980093434789,-0.0570098894706224,-0.0117576459664822,0,2
2024-07-23,24479.05078125,24479.05078125,24582.55078125,24074.19921875,24568.900390625,436400,-0.0012321559717249,-0.0012329157000276,0.0769795023462388,24311.97744140625,23451.1009375,0.0399867102345714,0.3460826650215916,-0.0129753146845161,0,2
2024-07-24,24413.5,24413.5,24504.25,24307.25,24444.94921875,366600,-0.0026778318259059,-0.0026814236311497,0.0754492703820766,24346.58740234375,23498.266953125,0.0291804916236775,-0.1599450045829514,-0.0156184007998088,0,2
2024-07-25,24406.099609375,24406.099609375,24426.150390625,24210.80078125,24230.94921875,391800,-0.0003031269840456,-0.0003031729363163,0.0735131314539224,24373.45234375,23544.3079296875,0.0225105078822003,0.0687397708674304,-0.0159167934251244,0,2
2024-07-26,24834.849609375,24834.849609375,24861.150390625,24410.900390625,24423.349609375,383800,0.0175673297602745,0.0174148078999285,0.0913681527328763,24412.96982421875,23596.6479296875,0.0328702867339725,-0.0204185809086268,0.0,0,2
2024-07-29,24836.099609375,24836.099609375,24999.75,24774.599609375,24943.30078125,355000,5.03324972633834e-05,5.0331230625744864e-05,0.0908717517268288,24454.24482421875,23649.35890625,0.0343806491062257,-0.0750390828556539,0.0,2,1
2024-07-30,24857.30078125,24857.30078125,24971.75,24798.650390625,24839.400390625,385000,0.0008536433743,0.0008532792280141,0.089804598933776,24490.01240234375,23698.4279296875,0.0296310606910072,0.0845070422535212,0.0,1,0
2024-07-31,24951.150390625,24951.150390625,24984.599609375,24856.5,24886.69921875,333600,0.0037755350108565,0.0037684255675633,0.0897620312826193,24531.37744140625,23748.1289453125,0.0342938956528933,-0.1335064935064934,0.0,1,0
2024-08-01,25010.900390625,25010.900390625,25078.30078125,24956.400390625,25030.94921875,431300,0.0023946791656728,0.002391816490734,0.0878370175144274,24567.5974609375,23797.7659375,0.0298272863782347,0.2928657074340528,0.0,1,0
2024-08-02,24717.69921875,24717.69921875,24851.900390625,24686.849609375,24789.0,345000,-0.0117229354919546,-0.0117921908833044,0.0996814102198627,24588.37490234375,23840.16390625,0.017099261647451,-0.2000927428703918,-0.0117229354919546,1,0
2024-08-05,24055.599609375,24055.599609375,24350.05078125,23893.69921875,24302.849609375,487000,-0.0267864578946228,-0.0271517531414515,0.1407577096573955,24574.96240234375,23861.922890625,-0.0110282707839391,0.4115942028985506,-0.0381953774686208,2,1
2024-08-06,23992.55078125,23992.55078125,24382.599609375,23960.400390625,24189.849609375,312300,-0.0026209626510589,-0.0026244033870099,0.1409366018138687,24558.56240234375,23882.6319140625,-0.0134865366722234,-0.3587268993839836,-0.0407162314618915,2,1
2024-08-07,24297.5,24297.5,24337.69921875,24184.900390625,24289.400390625,317600,0.0127101624804444,0.0126300663412452,0.1476391223494868,24551.77744140625,23909.9329296875,-0.0055538866414949,0.0169708613512649,-0.0285235788989191,2,1
2024-08-08,24117.0,24117.0,24340.5,24079.69921875,24248.55078125,311900,-0.007428747813561,-0.0074564783815551,0.1491399515618831,24541.40498046875,23934.509921875,-0.0085284240923363,-0.0179471032745591,-0.0357404322380999,2,1
2024-08-09,24367.5,24367.5,24419.75,24311.19921875,24386.849609375,215100,0.0103868640378157,0.0103332912152946,0.1539577163994003,24543.98251953125,23967.7659375,0.0021200398465319,-0.3103558832959282,-0.0257247992105942,2,1
2024-08-12,24347.0,24347.0,24472.80078125,24212.099609375,24320.05078125,279900,-0.0008412844977941,-0.0008416385761983,0.1513828651877366,24536.225,24004.9329296875,-0.006332113228901,0.3012552301255229,-0.0265444418336036,2,1
2024-08-13,24139.0,24139.0,24359.94921875,24116.5,24342.349609375,239700,-0.0085431469996303,-0.0085798488623965,0.1534227694857367,24513.8400390625,24037.0989453125,-0.0182090005155544,-0.1436227224008575,-0.0348608157646264,2,1
2024-08-14,24143.75,24143.75,24196.5,24099.69921875,24184.400390625,303300,0.0001967769998756,0.0001967576418212,0.1533040481075146,24490.3775390625,24054.6959375,-0.0190651281842928,0.265331664580726,-0.03467089857149,2,1
2024-08-16,24541.150390625,24541.150390625,24563.900390625,24204.5,24334.849609375,271600,0.0164597624902924,0.016325768935141,0.1626120905792405,24477.392578125,24107.8289453125,-0.0104713839582265,-0.1045169798878997,-0.0187818108370092,2,1
2024-08-19,24572.650390625,24572.650390625,24638.80078125,24522.94921875,24636.349609375,243600,0.0012835584110202,0.001282735354142,0.1579475775709012,24479.480078125,24146.8749609375,0.0017019350833105,-0.1030927835051546,-0.017522359977263,2,1
2024-08-20,24698.849609375,24698.849609375,24734.30078125,24607.19921875,24648.900390625,238300,0.0051357593399101,0.0051226163083365,0.1588951699811076,24488.96005859375,24184.4239453125,0.0077358388924588,-0.0217569786535303,-0.0124765912612633,2,1
2024-08-21,24770.19921875,24770.19921875,24787.94921875,24654.5,24680.55078125,257100,0.0028887826964991,0.002884618182089,0.1590111623491514,24503.51748046875,24214.024921875,0.0118937797099145,0.0788921527486361,-0.0096238507257109,2,1
2024-08-22,24811.5,24811.5,24867.349609375,24784.44921875,24863.400390625,220300,0.0016673576536574,0.0016659691560852,0.1585726641952731,24523.41748046875,24245.0709375,0.0163024556085771,-0.1431349669389342,-0.0079725394732187,2,1
2024-08-23,24823.150390625,24823.150390625,24858.400390625,24771.650390625,24845.400390625,206800,0.0004695560778267,0.0004694458708691,0.1585245306332283,24544.27001953125,24276.236953125,0.0170879734134086,-0.0612800726282342,-0.0075067269497572,2,1
2024-08-26,25010.599609375,25010.599609375,25043.80078125,24874.69921875,24906.099609375,210300,0.007551387144671,0.0075230181481054,0.1483768186861658,24553.05751953125,24309.9899609375,0.0070767491152294,0.0169245647969051,-1.2026006473320194e-05,2,1
2024-08-27,25017.75,25017.75,25073.099609375,24973.650390625,25024.80078125,223300,0.000285894410237,0.0002858535502177,0.1483728104242977,24562.1400390625,24342.366953125,0.007313966101039,0.061816452686638,0.0,1,1
2024-08-28,25052.349609375,25052.349609375,25129.599609375,24964.650390625,25030.80078125,220400,0.0013830024432652,0.0013820469762269,0.1484077874587406,24571.89248046875,24374.101953125,0.0078467420836025,-0.0129870129870129,0.0,2,0
2024-08-29,25151.94921875,25151.94921875,25192.900390625,24998.5,25035.30078125,354000,0.0039756594063229,0.0039677773564559,0.1484696373043698,24581.932421875,24405.9829296875,0.0080476781623843,0.6061705989110708,0.0,1,1
2024-08-30,25235.900390625,25235.900390625,25268.349609375,25199.400390625,25249.69921875,638200,0.0033377600735777,0.0033322021164079,0.1486742822408816,24593.182421875,24440.3809375,0.0089960775696158,0.8028248587570621,0.0,2,0
2024-09-02,25278.69921875,25278.69921875,25333.650390625,25235.5,25333.599609375,222800,0.0016959501132323,0.0016945136137639,0.1414813965241284,24621.232421875,24474.614921875,0.0226962871841422,-0.6508931369476654,0.0,1,1
2024-09-03,25279.849609375,25279.849609375,25321.69921875,25235.80078125,25313.400390625,212100,4.550829989491412e-05,4.550726442364936e-05,0.0945467869057855,24682.444921875,24510.189921875,0.0508925164984406,-0.0480251346499102,0.0,2,0
2024-09-04,25198.69921875,25198.69921875,25216.0,25083.80078125,25089.94921875,253800,-0.0032100820170585,-0.0032152453831834,0.0949922381690068,24742.75234375,24543.4069140625,0.0502717884603831,0.1966053748231966,-0.0032100820170585,1,1
2024-09-05,25145.099609375,25145.099609375,25275.44921875,25127.75,25250.5,222200,-0.0021270784221717,-0.0021293438665674,0.0882249648428213,24785.13232421875,24571.882890625,0.0348842312737935,-0.1245074862096138,-0.0053303323430384,2,0
2024-09-06,24852.150390625,24852.150390625,25168.75,24801.30078125,25093.69921875,311700,-0.0116503502989019,-0.0117187473822492,0.0951285300400686,24821.88984375,24591.5498828125,0.0304826632924908,0.4027902790279027,-0.0169185824029344,1,1
2024-09-09,24936.400390625,24936.400390625,24957.5,24753.150390625,24823.400390625,254400,0.0033900486950126,0.0033843154336383,0.08960956403215,24850.33486328125,24609.387890625,0.0233466868010669,-0.1838306063522617,-0.0135858885261181,2,0
2024-09-10,25041.099609375,25041.099609375,25130.5,24896.80078125,24999.400390625,251300,0.0041986500501236,0.0041898603137641,0.0899028051643929,24885.03984375,24629.997890625,0.0285086297849836,-0.0121855345911949,-0.0094442808675356,1,1
2024-09-11,24918.44921875,24918.44921875,25113.69921875,24885.150390625,25034.0,279200,-0.0048979634496194,-0.0049099977844991,0.0853238512021083,24924.0123046875,24645.527890625,0.0322900376465471,0.1110226820533226,-0.014295986574658,2,0
2024-09-12,25388.900390625,25388.900390625,25433.349609375,24941.44921875,25059.650390625,380100,0.0188796328272711,0.0187036244247439,0.1044616738917551,24986.26982421875,24670.82890625,0.051572369272586,0.3613896848137536,0.0,1,1
2024-09-13,25356.5,25356.5,25430.5,25292.44921875,25430.44921875,250800,-0.0012761636040355,-0.0012769785942554,0.0914733620161504,25027.0373046875,24692.22890625,0.0332237729852498,-0.34017363851618,-0.0012761636040355,2,0
2024-09-16,25383.75,25383.75,25445.69921875,25336.19921875,25406.650390625,168700,0.0010746751326089,0.001074098082679,0.0914869909375903,25067.59228515625,24713.8608984375,0.0330082264827424,-0.3273524720893142,-0.0002028599327169,1,1
2024-09-17,25418.55078125,25418.55078125,25441.650390625,25352.25,25416.900390625,216000,0.0013709866056039,0.0013700476615561,0.0905484239117541,25103.57734375,24735.754921875,0.0291390564037372,0.2803793716656786,0.0,2,0
2024-09-18,25377.55078125,25377.55078125,25482.19921875,25285.55078125,25402.400390625,215700,-0.0016129951842196,-0.0016142974615182,0.0910009997203952,25133.944921875,24756.894921875,0.0245194460139932,-0.0013888888888888,-0.0016129951842196,1,1
2024-09-19,25415.80078125,25415.80078125,25611.94921875,25376.05078125,25487.05078125,314500,0.0015072376499098,0.0015061029073179,0.0909921720722327,25164.1599609375,24776.546953125,0.0243556730246055,0.4580435790449699,-0.0001081887013806,2,0
2024-09-20,25790.94921875,25790.94921875,25849.25,25426.599609375,25525.94921875,533100,0.0147604413777415,0.0146525662899847,0.102655487675588,25212.54990234375,24805.876953125,0.0389877518725629,0.6950715421303657,0.0,1,1
2024-09-23,25939.05078125,25939.05078125,25956.0,25847.349609375,25872.55078125,209200,0.0057423850996662,0.0057259604541125,0.1015449795871144,25258.9724609375,24838.338984375,0.0371223075966151,-0.607578315513037,0.0,2,0
2024-09-24,25940.400390625,25940.400390625,26011.55078125,25886.849609375,25921.44921875,384100,5.203002169906768e-05,5.20286681844374e-05,0.1015952892618164,25305.10498046875,24867.103984375,0.0368798309450291,0.8360420650095601,0.0,1,0
2024-09-25,26004.150390625,26004.150390625,26032.80078125,25871.349609375,25899.44921875,278500,0.0024575565157058,0.0024545416621303,0.1016065848724357,25352.69501953125,24895.4530078125,0.0379924755997265,-0.2749284040614423,0.0,1,0
2024-09-26,26216.05078125,26216.05078125,26250.900390625,25998.400390625,26005.400390625,370900,0.008148714241454,0.0081156927368075,0.1037887903957066,25405.90009765625,24927.5140234375,0.0423069223480598,0.3317773788150808,0.0,1,0
2024-09-27,26178.94921875,26178.94921875,26277.349609375,26151.400390625,26248.25,490300,-0.0014152231703233,-0.0014162255444679,0.1043908859908465,25453.0525390625,24955.076015625,0.0373693354914073,0.3219196548935024,-0.0014152231703233,1,0
2024-09-30,25810.849609375,25810.849609375,26134.69921875,25794.099609375,26061.30078125,343100,-0.0140609008520233,-0.0141606918570764,0.1188434854131986,25479.66005859375,24980.675,0.0210513359892461,-0.3002243524372833,-0.0154562247096654,2,1
2024-10-01,25796.900390625,25796.900390625,25907.599609375,25739.19921875,25788.44921875,247400,-0.0005404401234794,-0.0005405862138807,0.1189268219789121,25505.51259765625,25006.4280078125,0.0204530797943613,-0.2789274264062955,-0.0159883116691542,2,1
2024-10-03,25250.099609375,25250.099609375,25639.44921875,25230.30078125,25452.849609375,423400,-0.0211963752609873,-0.02142424417261,0.1427001673253813,25508.0826171875,25021.848984375,0.0020398033318622,0.7113985448666127,-0.0368457926762126,2,1
2024-10-04,25014.599609375,25014.599609375,25485.05078125,24966.80078125,25181.900390625,374900,-0.0093266958801446,-0.0093704618486467,0.1464669880852685,25501.5576171875,25033.8709765625,-0.0051898780290114,-0.1145488899385923,-0.0458288390536033,2,1
2024-10-07,24795.75,24795.75,25143.0,24694.349609375,25084.099609375,374300,-0.0087488751686026,-0.0087873712731709,0.1437701182710726,25498.73759765625,25041.663984375,-0.0022694370401957,-0.0016004267804747,-0.0541767634302041,2,1
2024-10-08,25013.150390625,25013.150390625,25044.0,24756.80078125,24832.19921875,333200,0.0087676473034692,0.008729434677965,0.146716697615265,25502.57509765625,25045.23,0.003077829951305,-0.1098049692759818,-0.0458841188805343,2,1
2024-10-09,24981.94921875,24981.94921875,25234.05078125,24947.69921875,25065.80078125,290600,-0.0012473907279866,-0.0012481693673798,0.1460005906300947,25499.617578125,25048.1469921875,-0.0023621323163801,-0.1278511404561825,-0.0470742741840675,2,1
2024-10-10,24998.44921875,24998.44921875,25134.05078125,24979.400390625,25067.05078125,261400,0.0006604768849507,0.0006602588660852,0.1449106647689249,25503.617578125,25050.9699609375,0.0032104726621511,-0.1004817618719889,-0.0464448887690911,2,1
2024-10-11,24964.25,24964.25,25028.650390625,24920.05078125,24985.30078125,210500,-0.0013680536120755,-0.0013689902517646,0.127288284718342,25482.38505859375,25051.231953125,-0.0167258283774197,-0.1947207345065034,-0.0477494032833236,2,1
2024-10-14,25127.94921875,25127.94921875,25159.75,25017.5,25023.44921875,206400,0.0065573457544287,0.0065359398889081,0.1299290848929729,25470.95751953125,25053.5729296875,-0.0090134987577149,-0.0194774346793349,-0.0415051668757913,2,1
2024-10-15,25057.349609375,25057.349609375,25212.05078125,25008.150390625,25186.30078125,257200,-0.0028096049048969,-0.0028135592532655,0.1300559444943735,25454.6375,25060.3659375,-0.0128586355690155,0.2461240310077519,-0.0441981586602554,2,1
2024-10-16,24971.30078125,24971.30078125,25093.400390625,24908.44921875,25008.55078125,226800,-0.0034340754096676,-0.0034399853806971,0.1301871521727837,25432.275,25078.6799609375,-0.0175954169790795,-0.1181959564541212,-0.0474804542601152,2,1
2024-10-17,24749.849609375,24749.849609375,25029.5,24728.900390625,25027.400390625,252800,-0.0088682273228345,-0.0089077840900148,0.1332649393123717,25400.88994140625,25093.8259375,-0.0247345055984982,0.1146384479717812,-0.0559276141211796,2,1
2024-10-18,24854.05078125,24854.05078125,24886.19921875,24567.650390625,24664.94921875,290900,0.0042101739412401,0.0042013359565505,0.1343438993046455,25372.80244140625,25104.956953125,-0.0221023923202301,0.1507120253164557,-0.0519529051635083,2,1
2024-10-21,24781.099609375,24781.099609375,24978.30078125,24679.599609375,24956.150390625,242000,-0.0029351823779982,-0.0029394984735484,0.1207832353312366,25322.3099609375,25118.2389453125,-0.0391551935839895,-0.1680990030938467,-0.0547355962897848,2,1
2024-10-22,24472.099609375,24472.099609375,24882.0,24445.80078125,24798.650390625,279500,-0.0124691803378693,-0.0125475729094392,0.1226882348245387,25248.96240234375,25120.3309375,-0.0565537723121072,0.1549586776859504,-0.0665222686066161,2,1
2024-10-23,24435.5,24435.5,24604.25,24378.099609375,24378.150390625,284600,-0.0014955647434917,-0.0014966842167451,0.1223147845417848,25173.7173828125,25122.1009375,-0.0580137687916675,0.01824686940966,-0.0679183449905227,1,1
2024-10-24,24399.400390625,24399.400390625,24480.650390625,24341.19921875,24412.69921875,216700,-0.0014773427748562,-0.0014784351216731,0.1207806977043406,25093.4798828125,25127.3089453125,-0.061711302845662,-0.2385804638088545,-0.069295349089127,2,0
2024-10-25,24180.80078125,24180.80078125,24440.25,24073.900390625,24418.05078125,372600,-0.0089592205494931,-0.0089995957000837,0.1146665222751917,24991.7173828125,25128.0499609375,-0.0776337373230766,0.7194277803414859,-0.0776337373230766,1,1
2024-10-28,24339.150390625,24339.150390625,24492.599609375,24134.900390625,24251.099609375,278600,0.0065485676346082,0.0065272189172371,0.1204011716910464,24899.72744140625,25124.0099609375,-0.0702777950616632,-0.2522812667740204,-0.0715935594680561,2,0
2024-10-29,24466.849609375,24466.849609375,24484.5,24140.849609375,24328.849609375,332000,0.0052466588480091,0.0052329430871703,0.1175796353558706,24832.52744140625,25121.8939453125,-0.0520711259156627,0.1916726489590812,-0.0667225276022903,1,1
2024-10-30,24340.849609375,24340.849609375,24498.19921875,24307.30078125,24371.44921875,285200,-0.0051498252538292,-0.0051631313061232,0.1176122227100159,24759.72490234375,25114.7339453125,-0.0564428578318328,-0.1409638554216867,-0.071528743498474,2,0
2024-10-31,24205.349609375,24205.349609375,24372.44921875,24172.599609375,24349.849609375,287000,-0.005566773640794,-0.0055823258691893,0.0959816479286101,24707.48740234375,25103.436953125,-0.0413760743982213,0.0063113604488078,-0.0766973328154015,1,1
2024-11-01,24304.349609375,24304.349609375,24368.25,24280.19921875,24302.75,38800,0.0040900049616161,0.0040816636276529,0.0943545774883194,24671.97490234375,25093.2939453125,-0.0283934186871338,-0.864808362369338,-0.072921020325543,2,0
2024-11-04,23995.349609375,23995.349609375,24316.75,23816.150390625,24315.75,285500,-0.0127137736646451,-0.0127952853023641,0.0994298703176185,24631.9548828125,25076.7379296875,-0.0322797411098676,6.358247422680412,-0.0847076926423742,1,1
2024-11-05,24213.30078125,24213.30078125,24229.05078125,23842.75,23916.5,289500,0.0090830588186072,0.0090420559405291,0.0998675428441418,24591.96240234375,25060.791953125,-0.0319771638871522,0.0140105078809107,-0.0763940387784261,2,0
2024-11-06,24484.05078125,24484.05078125,24537.599609375,24204.05078125,24308.75,351100,0.0111818707596305,0.0111198158079183,0.1096564361248674,24567.06748046875,25050.11796875,-0.0199303278195084,0.2127806563039724,-0.0660663962872221,1,1
2024-11-07,24199.349609375,24199.349609375,24503.349609375,24179.05078125,24489.599609375,322200,-0.0116280257061476,-0.0116961598894184,0.1157669001517895,24527.1125,25033.05796875,-0.0319659672639068,-0.0823127314155511,-0.0769262002390294,2,0
2024-11-08,24148.19921875,24148.19921875,24276.150390625,24066.650390625,24207.69921875,298700,-0.0021137093124677,-0.0021159463488489,0.1157754055767982,24486.3099609375,25012.98296875,-0.0326887761999659,-0.0729360645561763,-0.0788773099256792,1,1
2024-11-11,24141.30078125,24141.30078125,24336.80078125,24004.599609375,24087.25,273400,-0.0002856708874028,-0.0002857116991034,0.1118341890282185,24436.9775390625,24991.0909765625,-0.0392649805565422,-0.0847003682624707,-0.0791404478619596,2,0
2024-11-12,23883.44921875,23883.44921875,24242.0,23839.150390625,24225.80078125,255800,-0.0106809307765333,-0.0107383813677232,0.1160544237551848,24378.28251953125,24963.1859765625,-0.0468485457929594,-0.0643745427944403,-0.0889760849932553,1,1
2024-11-13,23559.05078125,23559.05078125,23873.599609375,23509.599609375,23822.44921875,304600,-0.0135825623229214,-0.0136756491890301,0.1227653820042148,24307.67001953125,24928.77,-0.0565549232845893,0.1907740422204846,-0.1013501240965063,2,0
2024-11-14,23532.69921875,23532.69921875,23675.900390625,23484.150390625,23542.150390625,257700,-0.0011185324376894,-0.001119158461959,0.1208168133829779,24246.8125,24895.45,-0.0491780923858201,-0.1539724228496388,-0.1023552931328299,1,1
2024-11-18,23453.80078125,23453.80078125,23606.80078125,23350.400390625,23605.30078125,263300,-0.0033527151631265,-0.0033583481065696,0.1181890793503036,24176.8,24861.6240234375,-0.0563389047654298,0.021730694606131,-0.1053648401526438,2,0
2024-11-19,23518.5,23518.5,23780.650390625,23464.80078125,23529.55078125,297500,0.0027585814066317,0.0027547835038892,0.1198797570688092,24113.67001953125,24834.951015625,-0.0509501042842078,0.129889859475883,-0.1028969162349699,1,1
2024-11-21,23349.900390625,23349.900390625,23507.30078125,23263.150390625,23488.44921875,420300,-0.0071688079331164,-0.0071946273067947,0.1154200528398933,24057.56005859375,24803.221015625,-0.0458562704738295,0.4127731092436975,-0.1093280759386879,2,0
2024-11-22,23907.25,23907.25,23956.099609375,23359.0,23411.80078125,367600,0.0238694641112378,0.0235890420376329,0.1477049352148474,24031.14755859375,24780.5440234375,-0.0216181375457837,-0.12538662859862,-0.0880682144124194,2,1
2024-11-25,24221.900390625,24221.900390625,24351.55078125,24135.44921875,24253.55078125,687200,0.0131612958673623,0.0130754385217122,0.1560023286063599,24022.27255859375,24766.613046875,-0.0072747689352317,0.869423286180631,-0.0760660103714491,2,1
2024-11-26,24194.5,24194.5,24343.30078125,24125.400390625,24343.30078125,230700,-0.0011312238174179,-0.0011318641340202,0.1526913194248196,24022.95751953125,24742.7250390625,0.0005665328817654,-0.664289871944121,-0.0771111865062389,2,1
2024-11-27,24274.900390625,24274.900390625,24354.55078125,24145.650390625,24204.80078125,295000,0.0033230854378061,0.0033175761911502,0.1512981342920392,24019.74501953125,24721.093046875,-0.0026397799006471,0.2787169484178586,-0.0740443481294036,2,1
2024-11-28,23914.150390625,23914.150390625,24345.75,23873.349609375,24274.150390625,366700,-0.0148610290544929,-0.0149725605075969,0.1586179516274454,23992.11005859375,24691.7010546875,-0.0225897174165905,0.2430508474576271,-0.0878050019750245,2,1
2024-11-29,24131.099609375,24131.099609375,24188.44921875,23927.150390625,23927.150390625,282100,0.0090720019405352,0.0090310985286958,0.1618158846174518,23981.62255859375,24665.95203125,-0.0086172012631479,-0.2307062994273248,-0.0795295671827954,2,1
2024-12-02,24276.05078125,24276.05078125,24301.69921875,24008.650390625,24140.849609375,220400,0.0060068200049485,0.0059888509835426,0.1621443801833433,23985.1576171875,24643.92203125,0.0029208903410185,-0.2187167671038639,-0.0740004669729854,2,1
2024-12-03,24457.150390625,24457.150390625,24481.349609375,24280.0,24367.5,339500,0.0074600111445999,0.0074323228793726,0.1636523097048144,23992.79765625,24624.7490234375,0.0062869726491696,0.5403811252268602,-0.0670925001367095,2,1
2024-12-04,24467.44921875,24467.44921875,24573.19921875,24366.30078125,24488.75,348000,0.0004210968146538,0.0004210081782723,0.1561643389975587,24016.40263671875,24598.2790234375,0.0196746293369507,0.0250368188512517,-0.0666996557601504,2,1
2024-12-05,24708.400390625,24708.400390625,24857.75,24295.55078125,24539.150390625,361500,0.0098478255628851,0.0097996517421212,0.1567056681510599,24041.1576171875,24573.666015625,0.0204474232508766,0.0387931034482758,-0.0575086767722958,2,1
2024-12-06,24677.80078125,24677.80078125,24751.05078125,24620.5,24729.44921875,226700,-0.0012384293961259,-0.0012391968835286,0.15220886399702,24050.8451171875,24548.4140234375,0.0079133147423617,-0.3728907330567081,-0.0586758857325746,2,1
2024-12-09,24619.0,24619.0,24705.0,24580.05078125,24633.900390625,248100,-0.0023827399277279,-0.0023855831698785,0.1458553901089918,24071.82763671875,24520.711015625,0.0173413912935256,0.0943978826643141,-0.0609188162845728,2,1
2024-12-10,24610.05078125,24610.05078125,24677.80078125,24510.650390625,24652.650390625,261000,-0.00036350862139,-0.0003635747066644,0.1455134703855493,24094.92021484375,24488.591015625,0.0191257144400809,0.0519951632406288,-0.0612601803910384,2,1
2024-12-11,24641.80078125,24641.80078125,24691.75,24583.849609375,24620.5,187300,0.0012901233029631,0.0012892918089711,0.1454438512854201,24119.94521484375,24457.848046875,0.0207321057193705,-0.282375478927203,-0.0600490902743414,2,1
2024-12-12,24548.69921875,24548.69921875,24675.25,24527.94921875,24604.44921875,266100,-0.0037781963796591,-0.0037853517923229,0.1399759013980817,24153.20771484375,24432.6050390625,0.0278540169766492,0.4207154297917779,-0.0636004093985241,2,1
2024-12-13,24768.30078125,24768.30078125,24792.30078125,24180.80078125,24498.349609375,310100,0.0089455478085889,0.008905773422254,0.1303981944376901,24213.67021484375,24412.033046875,0.0513284686733817,0.1653513716647876,-0.0552238020928554,2,1
2024-12-16,24668.25,24668.25,24781.25,24601.75,24753.400390625,187600,-0.0040394689217332,-0.0040476496141852,0.1318829147436762,24270.44775390625,24400.3960546875,0.0482541662855757,-0.3950338600451467,-0.0590401961822947,2,1
2024-12-17,24336.0,24336.0,24624.099609375,24303.44921875,24584.80078125,264900,-0.0134687300477334,-0.0135602561482743,0.1423059779010074,24314.55771484375,24386.8240625,0.0376143392270675,0.4120469083155651,-0.0717137297656835,2,1
2024-12-18,24198.849609375,24198.849609375,24394.44921875,24149.849609375,24297.94921875,235300,-0.0056356998120069,-0.0056516402868919,0.1447024645064861,24348.5751953125,24374.8860546875,0.0289282738854519,-0.1117402793506984,-0.0769452725243317,2,1
2024-12-19,23951.69921875,23951.69921875,24004.900390625,23870.30078125,23877.150390625,271100,-0.010213311567061,-0.0102658252990389,0.1475125148833335,24378.66513671875,24353.65703125,0.0257730790306336,0.1521461963450914,-0.0863727180494893,2,1
2024-12-20,23587.5,23587.5,24065.80078125,23537.349609375,23960.69921875,442700,-0.0152055691508056,-0.0153223592363376,0.1334270828514051,24362.67763671875,24325.768046875,-0.0133746039381359,0.632976761342678,-0.1002649408632503,2,1
2024-12-23,23753.44921875,23753.44921875,23869.55078125,23647.19921875,23738.19921875,189800,0.0070354729729729,0.0070108395042457,0.1267061004270974,24339.255078125,24300.868046875,-0.0193399842423723,-0.5712672238536255,-0.0939348791718575,2,1
2024-12-24,23727.650390625,23727.650390625,23867.650390625,23685.150390625,23769.099609375,177700,-0.0010861087115143,-0.0010866989549987,0.1267054672009401,24315.91259765625,24276.1360546875,-0.0192956915569654,-0.0637513171759747,-0.0949189643927883,2,1
2024-12-26,23750.19921875,23750.19921875,23854.5,23653.599609375,23775.80078125,177700,0.0009503186263191,0.0009498673594489,0.1259180640744538,24289.6775390625,24248.5810546875,-0.0216149670413329,0.0,-0.0940588490263225,2,1
2024-12-27,23813.400390625,23813.400390625,23938.849609375,23800.599609375,23801.400390625,176800,0.002661079652128,0.0026575452485017,0.1152413638608761,24284.6400390625,24223.7020703125,-0.0042129868029723,-0.0050647158131682,-0.0916480674634412,2,1
2024-12-30,23644.900390625,23644.900390625,23915.349609375,23599.30078125,23796.900390625,364900,-0.0070758479358679,-0.0071010004684319,0.1122705987710959,24260.330078125,24197.1740625,-0.0201482413408591,1.0639140271493217,-0.0980754276103216,2,1
2024-12-31,23644.80078125,23644.80078125,23689.849609375,23460.44921875,23560.599609375,193600,-4.212721278373799e-06,-4.2127301519090045e-06,0.1092857747568604,24228.767578125,24175.0730859375,-0.0260029938843082,-0.4694436832008769,-0.0980792271671592,2,1
2025-01-01,23742.900390625,23742.900390625,23822.80078125,23562.80078125,23637.650390625,154900,0.0041488871182535,0.0041403042175613,0.1063760552577729,24193.055078125,24152.850078125,-0.0292041382005725,-0.199896694214876,-0.0943372596910677,2,1
2025-01-02,24188.650390625,24188.650390625,24226.69921875,23751.55078125,23783.0,283200,0.0187740331916654,0.0185999761576599,0.1280527106185711,24179.11513671875,24141.00109375,-0.0113946830187492,0.828276307295029,-0.0773343173440531,2,1
2025-01-03,24004.75,24004.75,24196.44921875,23976.0,24196.400390625,312300,-0.0076027553276091,-0.0076318035968108,0.1242169119352509,24143.9326171875,24131.6541015625,-0.0284781847266804,0.1027542372881356,-0.0843491187784678,2,1
2025-01-06,23616.05078125,23616.05078125,24089.94921875,23551.900390625,24045.80078125,278100,-0.0161925959966257,-0.0163251287258849,0.1349638039009369,24090.8451171875,24115.2651171875,-0.0430244983907442,-0.1095100864553314,-0.0991758835720423,2,1
2025-01-07,23707.900390625,23707.900390625,23795.19921875,23637.80078125,23679.900390625,262300,0.0038892874268343,0.0038817437019732,0.1366715349181043,24045.29013671875,24101.4351171875,-0.0370079860829034,-0.0568140956490471,-0.0956723196622297,2,1
2025-01-08,23688.94921875,23688.94921875,23751.849609375,23496.150390625,23746.650390625,266400,-0.0007993610384197,-0.0007996806978147,0.1366158800162908,23999.23505859375,24091.5980859375,-0.037427861107941,0.0156309569195578,-0.0963952039758563,2,1
2025-01-09,23526.5,23526.5,23689.5,23503.05078125,23674.75,269200,-0.0068575949591475,-0.0068812163158634,0.1371576759937434,23943.47001953125,24075.345078125,-0.0452605226034712,0.0105105105105105,-0.1025917596701329,2,1
2025-01-10,23431.5,23431.5,23596.599609375,23344.349609375,23551.900390625,261000,-0.0040379997024632,-0.0040461744370668,0.137197858254075,23887.61005859375,24054.6380859375,-0.0455095078071059,-0.0304606240713224,-0.1062154938775729,2,1
2025-01-13,23085.94921875,23085.94921875,23340.94921875,23047.25,23195.400390625,316500,-0.0147472753024774,-0.0148570974223703,0.1373188910804294,23803.49248046875,24029.540078125,-0.0679235760805023,0.2126436781609195,-0.1193963800504491,2,1
2025-01-14,23176.05078125,23176.05078125,23264.94921875,23134.150390625,23165.900390625,311200,0.0039028744993869,0.0038952780436351,0.1397841620462336,23728.88251953125,24008.9541015625,-0.0604906800745898,-0.0167456556082148,-0.1159594946380803,2,1
2025-01-15,23213.19921875,23213.19921875,23293.650390625,23146.44921875,23250.44921875,228000,0.0016028803979861,0.0016015971562733,0.1350449045383615,23672.74248046875,23987.13109375,-0.0461374417015943,-0.2673521850899742,-0.1145424834410098,2,1
2025-01-16,23311.80078125,23311.80078125,23391.650390625,23272.05078125,23377.25,299400,0.0042476507253836,0.0042386549220649,0.1364057491113081,23628.3900390625,23973.4601171875,-0.0366566527931701,0.3131578947368421,-0.1107813691785015,2,1
2025-01-17,23203.19921875,23203.19921875,23292.099609375,23100.349609375,23277.099609375,272900,-0.0046586517926727,-0.0046695371314281,0.1332455790329481,23590.9650390625,23953.2580859375,-0.0312503924320348,-0.0885103540414161,-0.114923929147056,2,1
2025-01-20,23344.75,23344.75,23391.099609375,23170.650390625,23290.400390625,301500,0.0061004855371675,0.0060819529090996,0.1254138586155411,23578.8275390625,23930.4720703125,-0.0102914679385267,0.1048002931476732,-0.1095245353775247,1,1
2025-01-21,23024.650390625,23024.650390625,23426.30078125,22976.849609375,23421.650390625,312900,-0.0137118456772935,-0.0138067213115826,0.1305067198387075,23542.38759765625,23906.9780859375,-0.0306818105199524,0.0378109452736319,-0.1217345975278444,2,0
2025-01-22,23155.349609375,23155.349609375,23169.55078125,22981.30078125,23099.150390625,276000,0.0056764909144164,0.0056604403518015,0.1330036762609784,23513.77255859375,23887.12109375,-0.0241195723903669,-0.1179290508149568,-0.1167491319502648,1,1
2025-01-23,23205.349609375,23205.349609375,23270.80078125,23090.650390625,23128.30078125,275600,0.0021593282262408,0.0021570002277194,0.1333335796270019,23486.530078125,23868.4020703125,-0.0229408437527909,-0.0014492753623188,-0.1148419034200333,2,0
2025-01-24,23092.19921875,23092.19921875,23347.30078125,23050.0,23183.900390625,264300,-0.0048760476583936,-0.0048879743646975,0.1331579579513594,23450.47001953125,23852.5770703125,-0.0302855182395088,-0.0410014513788098,-0.1191579764841702,1,1
2025-01-27,22829.150390625,22829.150390625,23007.44921875,22786.900390625,22940.150390625,257400,-0.0113912419355629,-0.0114566190908245,0.1364289535448007,23409.68251953125,23837.9790625,-0.0345000396078402,-0.0261066969353007,-0.1291918610810499,2,0
2025-01-28,22957.25,22957.25,23137.94921875,22857.650390625,22960.44921875,361900,0.0056112298172781,0.0055955455120542,0.1388095577640412,23375.30498046875,23826.470078125,-0.0290783072190321,0.4059829059829059,-0.1243055564868195,1,1
2025-01-29,23163.099609375,23163.099609375,23183.349609375,22976.5,23026.75,226300,0.0089666492883511,0.0089266875926458,0.1423719087675706,23346.31494140625,23820.6560546875,-0.0244199643561212,-0.3746891406465874,-0.1164535115280789,2,0
2025-01-30,23249.5,23249.5,23322.05078125,23139.19921875,23169.5,361900,0.0037300875997627,0.0037231480743501,0.1234119580575031,23299.357421875,23815.2760546875,-0.0388260765052437,0.5992045956694654,-0.1131578057276159,1,1
2025-01-31,23508.400390625,23508.400390625,23546.80078125,23277.400390625,23296.75,304900,0.0111357401503258,0.0110741942803563,0.1297497520309407,23274.53994140625,23818.4460546875,-0.0206771413730615,-0.1575020723956893,-0.1032821614978538,2,0
2025-02-01,23482.150390625,23482.150390625,23632.44921875,23318.30078125,23528.599609375,281000,-0.0011166221250199,-0.0011172460119788,0.1165540924131238,23267.844921875,23809.9440625,-0.0056698891726346,-0.0783863561823549,-0.1042834564762253,1,1
2025-02-03,23361.05078125,23361.05078125,23381.599609375,23222.0,23319.349609375,329700,-0.0051570919766934,-0.0051704356717334,0.1166917748113365,23250.50244140625,23792.7270703125,-0.0146301276646225,0.1733096085409253,-0.1089027490762234,2,0
2025-02-04,23739.25,23739.25,23762.75,23423.150390625,23509.900390625,376700,0.0161893068206311,0.0160596574106868,0.1310354458241337,23253.01748046875,23783.6220703125,0.0021233859208151,0.1425538368213528,-0.0944765022739975,1,1
2025-02-05,23696.30078125,23696.30078125,23807.30078125,23680.44921875,23801.75,267000,-0.0018092070621439,-0.0018108456539069,0.1286640631262176,23261.50751953125,23772.050078125,0.0072174263596369,-0.2912131669763738,-0.0961147817810206,2,0
2025-02-06,23603.349609375,23603.349609375,23773.55078125,23556.25,23761.94921875,307000,-0.0039226026346081,-0.0039303162184799,0.1286120916460466,23270.1,23765.8340625,0.0073341275366494,0.1498127340823969,-0.0996603643193898,1,1
2025-02-07,23559.94921875,23559.94921875,23694.5,23443.19921875,23649.5,368100,-0.0018387386257991,-0.0018404311807618,0.1158441048648494,23293.8,23754.4110546875,0.020531969273112,0.1990228013029316,-0.1013158535838537,2,0
2025-02-10,23381.599609375,23381.599609375,23568.599609375,23316.30078125,23543.80078125,234200,-0.0075700336923079,-0.0075988318246352,0.1191917785225598,23304.07744140625,23736.52203125,0.008869018715272,-0.3637598478674273,-0.1081189228509669,1,1
2025-02-11,23071.80078125,23071.80078125,23390.05078125,22986.650390625,23383.55078125,268000,-0.0132496849360461,-0.0133382451446241,0.1286827072943695,23297.00751953125,23708.8150390625,-0.0060912947055479,0.1443210930828351,-0.1199360661236131,2,0
2025-02-12,23045.25,23045.25,23144.69921875,22798.349609375,23050.80078125,279700,-0.0011507892904301,-0.0011514519568673,0.127575816224166,23283.67998046875,23680.3710546875,-0.0114341566209844,0.0436567164179104,-0.1209488342736119,1,1
2025-02-13,23031.400390625,23031.400390625,23235.5,22992.19921875,23055.75,265700,-0.0006009745771905,-0.0006011552347958,0.1266580504939388,23275.0900390625,23646.8310546875,-0.0074041008959735,-0.0500536288880943,-0.1214771216762631,2,0
2025-02-14,22929.25,22929.25,23133.69921875,22774.849609375,23096.44921875,254500,-0.0044352661537063,-0.0044451311266271,0.1250458777961123,23254.3150390625,23611.8600390625,-0.0177984343374848,-0.0421528039141889,-0.1253736044637491,0,1
2025-02-17,22959.5,22959.5,22974.19921875,22725.44921875,22809.900390625,207400,0.0013192755977626,0.0013184061183492,0.1154979785217662,23251.05751953125,23578.6700390625,-0.0028295930457006,-0.1850687622789784,-0.124219731202959,2,2
2025-02-18,22945.30078125,22945.30078125,22992.5,22801.5,22963.650390625,210600,-0.0006184463402948,-0.0006186376571162,0.1134467060211915,23240.555078125,23545.3750390625,-0.0090712872691828,0.0154291224686595,-0.124761354305099,2,2
2025-02-19,22932.900390625,22932.900390625,23049.94921875,22814.849609375,22847.25,207000,-0.0005404326900405,-0.0005405787764224,0.1130260705305715,23226.9326171875,23511.19703125,-0.0117407935383972,-0.0170940170940171,-0.1252343618808193,2,2
2025-02-20,22913.150390625,22913.150390625,22923.849609375,22812.75,22821.099609375,240800,-0.0008612081186238,-0.0008615791713867,0.1118935647294371,23217.98017578125,23478.4860546875,-0.007753649898344,0.1632850241545893,-0.1259877171502608,2,2
2025-02-21,22795.900390625,22795.900390625,22921.0,22720.30078125,22857.19921875,242800,-0.0051171487988824,-0.0051302862414602,0.1056748826415163,23216.31767578125,23439.038046875,-0.0014564711971783,0.0083056478405316,-0.1304601680536539,2,2
2025-02-24,22553.349609375,22553.349609375,22668.05078125,22518.80078125,22609.349609375,214300,-0.0106401053300685,-0.0106971160111741,0.1098274017386499,23196.12265625,23396.7400390625,-0.0175935876738285,-0.1173805601317957,-0.139712163454253,2,2
2025-02-25,22547.55078125,22547.55078125,22625.30078125,22513.900390625,22516.44921875,250300,-0.0002571160481895,-0.0002571491081876,0.1036045783535105,23165.34521484375,23360.9710546875,-0.0265745447934724,0.1679888007466168,-0.1399333572630913,2,2
2025-02-27,22545.05078125,22545.05078125,22613.30078125,22508.400390625,22568.94921875,289200,-0.0001108767876499,-0.0001108829349354,0.1019975910196126,23130.12275390625,23327.895078125,-0.0302995427321017,0.1554135037954453,-0.1400287186896028,2,2
2025-02-28,22124.69921875,22124.69921875,22450.349609375,22104.849609375,22433.400390625,551300,-0.0186449596666951,-0.018820968141259,0.1079930214250844,23060.9376953125,23291.355078125,-0.0588598606831118,0.9062932226832644,-0.1560628485441514,2,2
2025-03-03,22119.30078125,22119.30078125,22261.55078125,22004.69921875,22194.55078125,282400,-0.0002440004922383,-0.0002440302652016,0.1082426855253405,22992.79521484375,23261.99109375,-0.0580376833766937,-0.4877562125884274,-0.1562687696245248,2,2
2025-03-04,22082.650390625,22082.650390625,22105.05078125,21964.599609375,21974.44921875,253300,-0.0016569416451024,-0.0016583158911502,0.1080218311782359,22928.8751953125,23228.5751171875,-0.0547235825389783,-0.1030453257790368,-0.1576667830374074,2,2
2025-03-05,22337.30078125,22337.30078125,22394.900390625,22067.80078125,22073.05078125,305900,0.0115316950692254,0.0114657118546871,0.0981564623891975,22858.777734375,23200.768125,-0.0590561714776162,0.2076589024871693,-0.1479532532327151,2,2
2025-03-06,22544.69921875,22544.69921875,22556.44921875,22245.849609375,22476.349609375,372100,0.009284847776867,0.0092420085440883,0.1074030174765827,22801.19765625,23176.658125,-0.0485983687129435,0.2164105916966328,-0.140042128890206,2,2
2025-03-07,22552.5,22552.5,22633.80078125,22464.75,22508.650390625,289800,0.0003460139864501,0.0003459541374161,0.1077151111486391,22748.65517578125,23151.4401171875,-0.0445212068103085,-0.22117710292932,-0.1397445714390441,2,2
2025-03-10,22460.30078125,22460.30078125,22676.75,22429.05078125,22521.849609375,293900,-0.0040882039130917,-0.0040965834647173,0.1078913636932861,22693.67275390625,23127.748125,-0.0466744824995146,0.0141476880607316,-0.1432614710483454,2,2
2025-03-11,22497.900390625,22497.900390625,22522.099609375,22314.69921875,22345.94921875,347900,0.001674047455606,0.0016726478000064,0.1069700045764504,22649.48779296875,23104.8101171875,-0.0377946433740006,0.1837359646138141,-0.1418272500938341,2,2
2025-03-12,22470.5,22470.5,22577.400390625,22329.55078125,22536.349609375,369700,-0.0012179087892316,-0.0012186510428671,0.0981047608250541,22619.42275390625,23079.362109375,-0.0260621521029543,0.0626616843920666,-0.1428724262286239,2,2
2025-03-13,22397.19921875,22397.19921875,22558.05078125,22377.349609375,22541.5,287500,-0.0032620894617386,-0.0032674216748287,0.0983436635283991,22587.02021484375,23043.5330859375,-0.0281207963137739,-0.222342439816067,-0.1456684530543892,2,2
2025-03-17,22508.75,22508.75,22577.0,22353.150390625,22353.150390625,251100,0.0049805683362682,0.0049682063353279,0.1009167290282234,22560.8876953125,23013.6130859375,-0.0226929488333564,-0.1266086956521739,-0.1414133964029967,2,2
2025-03-18,22834.30078125,22834.30078125,22857.80078125,22599.19921875,22662.25,272600,0.0144632989948354,0.0143597031826613,0.1139955976802979,22556.140234375,22997.9780859375,-0.0041409648701985,0.0856232576662683,-0.1289954016422131,2,1
2025-03-19,22907.599609375,22907.599609375,22940.69921875,22807.94921875,22874.94921875,324000,0.0032100316461272,0.003204890493779,0.1145259576257171,22553.54521484375,22981.9720703125,-0.0022605192022909,0.1885546588407924,-0.1261994493175623,2,1
2025-03-20,23190.650390625,23190.650390625,23216.69921875,22973.94921875,23036.599609375,313700,0.01235619558909,0.0122804808636645,0.1226365158824699,22565.8126953125,22972.00609375,0.0106928042353442,-0.0317901234567901,-0.1154025988074756,2,1
2025-03-21,23350.400390625,23350.400390625,23402.69921875,23132.80078125,23168.25,541000,0.0068885519512889,0.0068649342763162,0.1245795326356536,22586.6876953125,22968.4841015625,0.0182052855455943,0.7245776219317819,-0.1093090036533857,2,1
2025-03-24,23658.349609375,23658.349609375,23708.75,23433.5,23515.400390625,311900,0.0131881772302988,0.013101970335,0.1316189795371091,22623.94765625,22973.02109375,0.0325227743040914,-0.4234750462107208,-0.0975624129361351,2,1
2025-03-25,23668.650390625,23668.650390625,23869.599609375,23601.400390625,23751.5,338200,0.0004353972876416,0.0004353025297464,0.1293065738040738,22667.58515625,22984.6751171875,0.0382853927699615,0.084321898044245,-0.0971694940584616,2,1
2025-03-26,23486.849609375,23486.849609375,23736.5,23451.69921875,23700.94921875,278600,-0.0076810793285454,-0.0077107307525872,0.1258425513704379,22714.26015625,22990.89109375,0.0413907475460746,-0.1762270845653459,-0.1041042067948294,2,1
2025-03-27,23591.94921875,23591.94921875,23646.44921875,23412.19921875,23433.94921875,510300,0.0044748278770025,0.0044648456029652,0.1258216197150457,22766.480078125,22998.46609375,0.0463198175106671,0.8316582914572865,-0.1000952273245056,2,1
2025-03-28,23519.349609375,23519.349609375,23649.19921875,23450.19921875,23600.400390625,295400,-0.0030773044101545,-0.0030820490476671,0.1270018944831505,22815.19501953125,23002.6170703125,0.0432156413209454,-0.421124828532236,-0.1028645082501789,2,1
2025-04-01,23165.69921875,23165.69921875,23565.150390625,23136.400390625,23341.099609375,314300,-0.0150365718652369,-0.0151507672965339,0.1194190451261889,22867.24501953125,23001.8670703125,0.0470514871053155,0.0639810426540283,-0.1163543505447297,2,1
2025-04-02,23332.349609375,23332.349609375,23350.0,23158.44921875,23192.599609375,341000,0.0071938424586863,0.0071680902053714,0.1202213124187048,22927.8974609375,23001.6190625,0.0548411923198437,0.0849506840598155,-0.109997542953245,2,1
2025-04-03,23250.099609375,23250.099609375,23306.5,23145.80078125,23150.30078125,283200,-0.0035251486188494,-0.0035313765959128,0.1212946786831714,22986.269921875,23006.128046875,0.0528672599574202,-0.1695014662756598,-0.113134933885476,2,1
2025-04-04,22904.44921875,22904.44921875,23214.69921875,22857.44921875,23190.400390625,466800,-0.0148666197750665,-0.0149782355814721,0.1314818453228555,23014.62734375,23001.1100390625,0.0253901956666162,0.6483050847457628,-0.1263196196151897,2,1
2025-04-07,22161.599609375,22161.599609375,22254.0,21743.650390625,21758.400390625,647100,-0.0324325462830553,-0.0329701369044216,0.1754826584962032,22995.47236328125,22980.2350390625,-0.0169928906860901,0.3862467866323906,-0.1546552989886175,0,2
2025-04-08,22535.849609375,22535.849609375,22697.19921875,22270.849609375,22446.75,468300,0.0168873189028142,0.0167463133888997,0.1862968573508049,22994.63984375,22969.108046875,-0.0007382946735394,-0.2763096893834028,-0.1403796934398341,0,2
2025-04-09,22399.150390625,22399.150390625,22468.69921875,22353.25,22460.30078125,383800,-0.0060658560080705,-0.006084328049671,0.1870036334063336,22991.58232421875,22960.508046875,-0.002722598918891,-0.1804398889600683,-0.1455940264410415,0,2
2025-04-11,22828.55078125,22828.55078125,22923.900390625,22695.400390625,22695.400390625,402200,0.0191703874091904,0.0189889506738593,0.1989458438271309,23008.11484375,22957.9340625,0.0146969443763198,0.04794163626889,-0.1292147329231897,0,2
2025-04-15,23328.55078125,23328.55078125,23368.349609375,23207.0,23368.349609375,388300,0.0219023977821084,0.0216659860293088,0.2121215142859194,23051.0173828125,22961.2430859375,0.0381856559155338,-0.0345599204375932,-0.110142447620874,0,2
2025-04-16,23437.19921875,23437.19921875,23452.19921875,23273.05078125,23344.099609375,348400,0.004657316201027,0.0046465044600635,0.2114365372351387,23103.0173828125,22964.9970703125,0.0464343773452422,-0.1027556013391707,-0.1059980996255722,0,2
2025-04-17,23851.650390625,23851.650390625,23872.349609375,23298.55078125,23401.849609375,505300,0.0176834769379541,0.0175289433936214,0.2181571548070381,23170.16240234375,22971.8620703125,0.0596612602043649,0.4503444316877152,-0.090189037637814,0,2
2025-04-21,24125.55078125,24125.55078125,24189.55078125,23903.650390625,23949.150390625,406100,0.0114834984640164,0.0114180635667531,0.2163496399582793,23234.72490234375,22984.730078125,0.0565486989231693,-0.1963190184049079,-0.0797412248489825,2,0
2025-04-22,24167.25,24167.25,24242.599609375,24072.0,24185.400390625,440900,0.0017284255654137,0.0017269335569158,0.2163720655129336,23297.707421875,23000.8540625,0.0549883188157995,0.0856931790199457,-0.0781506260552151,2,0
2025-04-23,24328.94921875,24328.94921875,24359.30078125,24119.94921875,24357.599609375,415000,0.0066908406521222,0.0066685563231763,0.2139719726644408,23354.62236328125,23012.648046875,0.0490843856878273,-0.0587434792469947,-0.0719826787888919,2,0
2025-04-24,24246.69921875,24246.69921875,24347.849609375,24216.150390625,24277.900390625,358800,-0.0033807460922566,-0.0033864737270896,0.2142262340596991,23399.4373046875,23023.656015625,0.0383847305883824,-0.1354216867469879,-0.0751200697211229,2,0
2025-04-25,24039.349609375,24039.349609375,24365.44921875,23847.849609375,24289.0,387700,-0.0085516633626838,-0.0085884386458094,0.2129929847360858,23418.4873046875,23032.376015625,0.0161042509849893,0.0805462653288739,-0.0830293315357704,2,0
2025-04-28,24328.5,24328.5,24355.099609375,24054.05078125,24070.25,320500,0.0120282118827472,0.0119564478312009,0.2166273437426401,23451.47978515625,23047.74703125,0.0278786326421198,-0.1733298942481299,-0.0719998140452182,2,0
2025-04-29,24335.94921875,24335.94921875,24457.650390625,24290.75,24370.69921875,357600,0.0003061930965739,0.0003061462290345,0.2140212317853887,23493.934765625,23066.8340234375,0.036152128680386,0.1157566302652106,-0.0717156667946595,2,0
2025-04-30,24334.19921875,24334.19921875,24396.150390625,24198.75,24342.05078125,424500,-7.191007773188485e-05,-7.191266338548166e-05,0.2138709932938644,23531.047265625,23092.0819921875,0.0314620039708328,0.1870805369127517,-0.0717824197932176,2,0
2025-05-02,24346.69921875,24346.69921875,24589.150390625,24238.5,24311.900390625,421100,0.0005136803511647,0.0005135484625769,0.2132182260180395,23572.41474609375,23118.1109765625,0.0351774017188473,-0.0080094228504122,-0.0713056126606598,2,0
2025-05-05,24461.150390625,24461.150390625,24526.400390625,24400.650390625,24419.5,291500,0.0047008906976129,0.0046898760166561,0.2038097094637445,23637.1873046875,23146.7059765625,0.0559210909043694,-0.3077653763951555,-0.0669399218542909,2,0
2025-05-06,24379.599609375,24379.599609375,24509.650390625,24331.80078125,24500.75,302400,-0.0033338898599493,-0.0033394596535795,0.2041811270448473,23689.5498046875,23175.71296875,0.044884035150031,0.0373927958833619,-0.0700506413875444,2,0
2025-05-07,24414.400390625,24414.400390625,24449.599609375,24220.0,24233.30078125,330100,0.0014274549954715,0.0014264371500933,0.2030923692717206,23747.76484375,23204.8109765625,0.0500772384123691,0.091600529100529,-0.0687231805300575,2,0
2025-05-08,24273.80078125,24273.80078125,24447.25,24150.19921875,24431.5,411400,-0.0057588802970967,-0.0057755265883323,0.1950917483730111,23816.232421875,23231.3809765625,0.0597853958164174,0.2462890033323235,-0.0740862922568458,2,0
2025-05-09,24008.0,24008.0,24164.25,23935.75,23935.75,335600,-0.0109501096942064,-0.0110105034287145,0.1524475283597493,23908.55244140625,23252.88296875,0.0833153031897535,-0.1842489061740398,-0.0842251489240027,2,0
2025-05-12,24924.69921875,24924.69921875,24944.80078125,24378.849609375,24420.099609375,368700,0.0381830730902199,0.0374721401846667,0.1888376368199148,24027.994921875,23293.1139453125,0.1060021987536352,0.0986293206197854,-0.0492580508511827,2,0
2025-05-13,24578.349609375,24578.349609375,24973.80078125,24547.5,24864.05078125,423000,-0.0138958390765435,-0.0139932900771993,0.1969292638201991,24136.9548828125,23328.7629296875,0.0972893694960004,0.1472742066720911,-0.0624694079798739,2,0
2025-05-14,24666.900390625,24666.900390625,24767.55078125,24535.55078125,24613.80078125,345500,0.0036027960647213,0.0035963215412445,0.1894955177023995,24228.87236328125,23371.0339453125,0.0805285288142299,-0.1832151300236406,-0.059091676452388,2,0
2025-05-15,25062.099609375,25062.099609375,25116.25,24494.44921875,24694.44921875,500800,0.0160214381414618,0.0158944494666119,0.1833142860908863,24315.5498046875,23421.324921875,0.0743101808758011,0.4494934876989869,-0.0440169719498834,2,0
2025-05-16,25019.80078125,25019.80078125,25070.0,24953.05078125,25064.650390625,432700,-0.0016877607536591,-0.0016891866264205,0.1842045771965432,24394.6798828125,23470.819921875,0.0675251999067321,-0.1359824281150159,-0.0456304425857906,2,0
2025-05-19,24945.44921875,24945.44921875,25062.94921875,24916.650390625,25005.349609375,255300,-0.0029717088137536,-0.0029761331077067,0.1774028394449982,24449.36982421875,23527.234921875,0.0458584127392258,-0.409983822509822,-0.0484665510111366,2,0
2025-05-20,24683.900390625,24683.900390625,25010.349609375,24669.69921875,24996.19921875,414800,-0.0104848313546668,-0.0105401844508155,0.179449683626923,24477.2873046875,23578.5269140625,0.0231434968858386,0.6247551899725812,-0.0584432187521093,0,0
2025-05-21,24813.44921875,24813.44921875,24946.19921875,24685.349609375,24744.25,332700,0.0052483127088862,0.0052345883147392,0.1800318170764753,24509.597265625,23633.142890625,0.0267386326019716,-0.1979267116682739,-0.053501634330948,0,0
2025-05-22,24609.69921875,24609.69921875,24737.5,24462.400390625,24733.94921875,403300,-0.0082112727740422,-0.0082451709667342,0.1819279154520884,24523.634765625,23678.590859375,0.0115397503392227,0.2122031860535016,-0.0612735905916416,0,0
2025-05-23,24853.150390625,24853.150390625,24909.05078125,24614.05078125,24639.5,270500,0.0098924887180058,0.0098438783734483,0.1841561054873569,24553.95732421875,23724.7598828125,0.0250117002072607,-0.3292834118522192,-0.0519872501772754,0,0
2025-05-26,25001.150390625,25001.150390625,25079.19921875,24900.5,24919.349609375,302800,0.0059549794562796,0.0059373186446142,0.1810713868313264,24602.04736328125,23773.732890625,0.0400094344014578,0.1194085027726432,-0.0463418537277898,0,0
2025-05-27,24826.19921875,24826.19921875,25062.900390625,24704.099609375,24956.650390625,525700,-0.0069977248703164,-0.0070223237717306,0.1797038057184866,24626.93232421875,23821.050859375,0.0204574560186612,0.7361294583883751,-0.0530152910557388,0,0
2025-05-28,24752.44921875,24752.44921875,24864.25,24737.05078125,24832.5,684400,-0.0029706520659956,-0.0029750732108038,0.1802514880355788,24647.75732421875,23866.1418359375,0.0171145985001932,0.3018832033479171,-0.0558284531378304,0,0
2025-05-29,24833.599609375,24833.599609375,24892.599609375,24677.30078125,24825.099609375,345400,0.0032784792287758,0.0032731167331063,0.1804159489343872,24672.72734375,23913.403828125,0.0205225734422442,-0.4953243717124488,-0.0527330063330417,0,0
2025-05-30,24750.69921875,24750.69921875,24863.94921875,24717.400390625,24812.599609375,853900,-0.0033382349691143,-0.0033438193068198,0.1810767209563405,24692.92734375,23960.473828125,0.0165936251304599,1.4722061378112334,-0.0558952061363885,0,0
2025-06-02,24716.599609375,24716.599609375,24754.400390625,24526.150390625,24669.69921875,311100,-0.0013777230725331,-0.0013786730055621,0.1806386088782563,24705.6998046875,24004.6308203125,0.0104430582646637,-0.6356716243119803,-0.0571959210937836,0,0
2025-06-03,24542.5,24542.5,24845.099609375,24502.150390625,24786.30078125,349300,-0.0070438333802584,-0.0070687582881646,0.182173774423677,24713.84482421875,24038.7948046875,0.0066818320741559,0.1227900996464159,-0.0638368759358271,0,0
2025-06-04,24620.19921875,24620.19921875,24644.25,24530.44921875,24560.44921875,280900,0.0031659048079861,0.0031609038835467,0.18241572979571,24724.134765625,24073.046796875,0.0084294033370577,-0.1958202118522759,-0.060873072600293,0,0
2025-06-05,24750.900390625,24750.900390625,24899.849609375,24613.099609375,24691.19921875,388400,0.0053086967621067,0.0052946553040901,0.1816600630654301,24747.98974609375,24104.251796875,0.0196549198732622,0.3826984692061232,-0.0558875325215989,0,0
2025-06-06,25003.05078125,25003.05078125,25029.5,24671.44921875,24748.69921875,335600,0.0101875239545026,0.0101359809008172,0.1786411003051752,24797.74228515625,24137.3048046875,0.0414466336741918,-0.1359423274974253,-0.0462693641434182,0,0
2025-06-09,25103.19921875,25103.19921875,25160.099609375,25077.150390625,25160.099609375,279200,0.0040054487100871,0.0039974482568901,0.1206685582402053,24806.66728515625,24166.201796875,0.0071615708752754,-0.168057210965435,-0.0424492449982559,2,2
2025-06-10,25104.25,25104.25,25199.30078125,25055.44921875,25196.05078125,307300,4.18584595869298e-05,4.18575835460567e-05,0.1081682313606763,24832.9623046875,24194.9137890625,0.0213968960073871,0.100644699140401,-0.0424091633986752,2,2
2025-06-11,25141.400390625,25141.400390625,25222.400390625,25081.30078125,25134.150390625,301200,0.0014798446727146,0.0014787507816465,0.107769738360852,24856.6873046875,24228.0048046875,0.0192363042168175,-0.0198503091441587,-0.0409920777004902,2,2
2025-06-12,24888.19921875,24888.19921875,25196.19921875,24825.900390625,25164.44921875,328300,-0.0100710846627866,-0.0101221411211214,0.099151968453924,24847.99228515625,24253.9298046875,-0.0069387798043843,0.0899734395750331,-0.0506503276782517,2,2
2025-06-13,24718.599609375,24718.599609375,24754.349609375,24473.0,24473.0,318700,-0.0068144588479197,-0.006837783295332,0.1017264188214467,24832.9322265625,24277.9148046875,-0.0120385119972946,-0.0292415473652147,-0.0571196319525744,2,2
2025-06-16,24946.5,24946.5,24967.099609375,24703.599609375,24732.349609375,305800,0.0092197937677085,0.0091775509175443,0.1069821801350592,24832.984765625,24313.5308203125,4.212316406038141e-05,-0.0404769375588327,-0.0484264694115559,2,2
2025-06-17,24853.400390625,24853.400390625,24982.05078125,24813.69921875,24977.849609375,242400,-0.0037319707924959,-0.00373895196994,0.1006283764533473,24841.459765625,24343.9518359375,0.0068668240155584,-0.2073250490516677,-0.0519777140346242,1,1
2025-06-18,24812.05078125,24812.05078125,24947.55078125,24750.44921875,24788.349609375,237600,-0.0016637405234334,-0.0016651260767121,0.0991487573783463,24841.38984375,24375.190859375,-5.6358045496640585e-05,-0.0198019801980198,-0.0535549771289028,2,0
2025-06-19,24793.25,24793.25,24863.099609375,24733.400390625,24803.25,274600,-0.0007577278241026,-0.0007580150449296,0.0943388277501494,24850.5673828125,24412.966875,0.0074584731661471,0.1557239057239057,-0.0542721248567157,1,1
2025-06-20,25112.400390625,25112.400390625,25136.19921875,24783.650390625,24787.650390625,574700,0.0128724709598377,0.0127903249029659,0.0987397815859935,24863.5298828125,24471.982890625,0.0104312731354088,1.0928623452294248,-0.0420982702480245,2,0
2025-06-23,24971.900390625,24971.900390625,25057.0,24824.849609375,24939.75,248500,-0.0055948454872697,-0.0056105552585128,0.0988433194018071,24862.0673828125,24520.70390625,-0.001169946164196,-0.5676004872107187,-0.0474575824179753,1,1
2025-06-24,25044.349609375,25044.349609375,25317.69921875,24999.69921875,25179.900390625,450200,0.0029012296868362,0.00289702924233,0.0957988548927883,24872.97490234375,24573.607890625,0.0087871038455311,0.8116700201207243,-0.0446940380781155,2,0
2025-06-25,25244.75,25244.75,25266.80078125,25125.05078125,25150.349609375,260600,0.0080018205204253,0.0079699757193964,0.0984686049306178,24897.58994140625,24621.931875,0.0198889724769977,-0.4211461572634385,-0.0370498512287245,1,1
2025-06-26,25549.0,25549.0,25565.30078125,25259.900390625,25268.94921875,428900,0.0120520108141297,0.0119799636297515,0.1057345664445043,24933.3599609375,24666.340859375,0.0288077605292036,0.6458173445894091,-0.0254443656222653,2,0
2025-06-27,25637.80078125,25637.80078125,25654.19921875,25523.55078125,25576.650390625,564000,0.003475704773181,0.0034696784710735,0.104420945472995,24977.7150390625,24710.352890625,0.0358414748068196,0.3149918395896478,-0.0220570979521282,1,1
2025-06-30,25517.05078125,25517.05078125,25669.349609375,25473.30078125,25661.650390625,271000,-0.0047098423546652,-0.0047209686111904,0.1064087459586882,25017.73759765625,24743.6608984375,0.0323851656184692,-0.5195035460992907,-0.0266630548526375,2,0
2025-07-01,25541.80078125,25541.80078125,25593.400390625,25501.80078125,25551.349609375,260700,0.0009699396772837,0.0009694695897414,0.1014392461488094,25067.70263671875,24771.9858984375,0.0407171551899765,-0.0380073800738007,-0.0257189767301728,1,1
2025-07-02,25453.400390625,25453.400390625,25608.099609375,25378.75,25588.30078125,309800,-0.0034610085397696,-0.0034670116851196,0.1031432755248392,25109.3626953125,24797.70890625,0.0338421783053835,0.1883390870732642,-0.0290909716718452,2,0
2025-07-03,25405.30078125,25405.30078125,25587.5,25384.349609375,25505.099609375,293400,-0.0018897125192245,-0.0018915002785163,0.1029424425285308,25142.08271484375,24819.2359375,0.0264394579711075,-0.0529373789541639,-0.0309257106177051,1,1
2025-07-04,25461.0,25461.0,25470.25,25331.650390625,25428.849609375,193500,0.0021924250859925,0.0021900252291445,0.0976282669099732,25164.98017578125,24843.521953125,0.0183157336581269,-0.3404907975460123,-0.0288010878354729,2,0
2025-07-07,25461.30078125,25461.30078125,25489.80078125,25407.25,25450.44921875,196100,1.1813410706551508e-05,1.181334092876479e-05,0.0969780947984123,25182.88525390625,24871.9609765625,0.0142651762980285,0.0134366925064599,-0.0287896146638457,1,1
2025-07-08,25522.5,25522.5,25548.05078125,25424.150390625,25427.849609375,210400,0.0024036171315751,0.002400733064455,0.0971244830095592,25203.79775390625,24895.8409765625,0.0166605256082137,0.072921978582356,-0.0264551967432881,2,0
2025-07-09,25476.099609375,25476.099609375,25548.69921875,25424.349609375,25514.599609375,239100,-0.0018180190273288,-0.0018196736296237,0.0975353782634031,25220.53271484375,24918.643984375,0.0133126720687686,0.1364068441064638,-0.0282251197195658,1,1
2025-07-10,25355.25,25355.25,25524.05078125,25340.44921875,25511.650390625,219600,-0.004743646446198,-0.0047549332448686,0.0913283236544814,25243.88525390625,24939.065,0.0187659531790527,-0.081555834378921,-0.0328348761769127,2,0
2025-07-11,25149.849609375,25149.849609375,25322.44921875,25129.0,25255.5,250000,-0.008100901810276,-0.0081338924051924,0.0928928409817247,25265.44775390625,24955.1280078125,0.0174463766886066,0.1384335154826959,-0.040669785879327,1,1
2025-07-14,25082.30078125,25082.30078125,25151.099609375,25001.94921875,25149.5,259500,-0.0026858541571485,-0.0026894675348791,0.0882424588376432,25272.23779296875,24967.551015625,0.0054436807267552,0.038,-0.0432464069230011,2,0
2025-07-15,25195.80078125,25195.80078125,25245.19921875,25088.44921875,25089.5,241300,0.0045251032187942,0.0045148957209608,0.0881309590035943,25289.3578125,24983.8750390625,0.013776802580067,-0.0701348747591522,-0.0389169981593754,0,1
2025-07-16,25212.05078125,25212.05078125,25255.30078125,25121.05078125,25196.599609375,228800,0.0006449487413033,0.0006447408512447,0.087694631048237,25309.3578125,24999.828046875,0.0161211986677969,-0.0518027351844176,-0.0382971488870501,2,2
2025-07-17,25111.44921875,25111.44921875,25238.349609375,25101.0,25230.75,243400,-0.0039902173517283,-0.0039981995097579,0.0891992887260631,25325.2677734375,25016.581015625,0.0128341068133464,0.0638111888111887,-0.0421345522907676,2,2
2025-07-18,24968.400390625,24968.400390625,25144.599609375,24918.650390625,25108.55078125,317000,-0.0056965580472427,-0.0057128453177427,0.0794074326558244,25318.0677734375,25035.7890234375,-0.0057342188623974,0.3023829087921117,-0.0475910884150916,2,2
2025-07-21,25090.69921875,25090.69921875,25111.400390625,24882.30078125,24999.0,305200,0.0048981443028652,0.0048861874225141,0.078814260354858,25324.00771484375,25039.1090234375,0.0047573002561551,-0.0372239747634068,-0.0429260521308138,2,2
2025-07-22,25060.900390625,25060.900390625,25182.0,25035.55078125,25166.650390625,483700,-0.0011876443882732,-0.001188350196758,0.0783182661314757,25324.83525390625,25048.7600390625,0.0006608588966432,0.584862385321101,-0.0440627156341631,2,2
2025-07-23,25219.900390625,25219.900390625,25233.5,25085.5,25139.349609375,271500,0.0063445445902445,0.0063245026936848,0.0762983089118009,25323.5927734375,25059.8200390625,-0.0009843476118797,-0.4387016745916891,-0.0379977289080267,2,2
2025-07-24,25062.099609375,25062.099609375,25246.25,25018.69921875,25243.30078125,338700,-0.006256994627491,-0.0062766516572255,0.0647730647449818,25299.24775390625,25059.8200390625,-0.019057512647266,0.247513812154696,-0.0440169719498834,2,2
2025-07-25,24837.0,24837.0,25010.349609375,24806.349609375,25010.349609375,278100,-0.0089816740370306,-0.0090222524286112,0.0685071695086325,25259.20771484375,25056.1640234375,-0.0312351589000433,-0.1789193976970771,-0.0526032998927631,2,2
2025-07-28,24680.900390625,24680.900390625,24889.19921875,24646.599609375,24782.44921875,262100,-0.0062849623293875,-0.0063047958507558,0.0696887446774698,25217.4001953125,25050.873046875,-0.0327683006078196,-0.0575332614167565,-0.0585576524639231,2,2
2025-07-29,24821.099609375,24821.099609375,24847.150390625,24598.599609375,24609.650390625,284700,0.0056804742343701,0.0056644011802598,0.073908437483108,25181.36513671875,25053.61703125,-0.0282165371990552,0.0862266310568484,-0.0532098134655996,2,2
2025-07-30,24855.05078125,24855.05078125,24902.30078125,24771.94921875,24890.400390625,243900,0.0013678351245234,0.0013669004902461,0.0741338170297477,25151.44765625,25054.4490625,-0.0235076492803446,-0.1433087460484721,-0.0519147605929036,2,2
2025-07-31,24768.349609375,24768.349609375,24956.5,24635.0,24642.25,346300,-0.0034882717656889,-0.0034943699712402,0.0745523032972958,25119.60009765625,25057.6220703125,-0.025071585546631,0.4198441984419845,-0.0552219395649939,2,2
2025-08-01,24565.349609375,24565.349609375,24784.150390625,24535.05078125,24734.900390625,263400,-0.0081959437427822,-0.008229715141942,0.0772646093415721,25074.817578125,25051.8660546875,-0.0351773453762617,-0.2393878140340745,-0.0629652873977342,2,2
2025-08-04,24722.75,24722.75,24736.25,24554.0,24596.05078125,259300,0.0064074150430544,0.0063869748254638,0.0823815166556288,25037.8900390625,25046.298046875,-0.029006796926647,-0.0155656795747911,-0.0569613170843422,2,2
2025-08-05,24649.55078125,24649.55078125,24733.099609375,24590.30078125,24720.25,251800,-0.0029608040671041,-0.0029651959185494,0.0812299205967137,24994.242578125,25042.765078125,-0.0342031234694877,-0.0289240262244504,-0.0597534698521555,2,2
2025-08-06,24574.19921875,24574.19921875,24671.400390625,24539.19921875,24641.349609375,225100,-0.0030569142281212,-0.0030615961343119,0.0813655686032469,24949.14755859375,25039.200078125,-0.0354018238448521,-0.1060365369340746,-0.0626277228481061,2,2
2025-08-07,24596.150390625,24596.150390625,24634.19921875,24344.150390625,24464.19921875,616700,0.0008932609229541,0.0008928622028389,0.0811165739059791,24911.192578125,25034.45109375,-0.0299385574733043,1.7396712572190136,-0.0617904048226657,2,2
2025-08-08,24363.30078125,24363.30078125,24585.5,24337.5,24544.25,312600,-0.0094669127354072,-0.0095120087930806,0.0827382370270316,24871.86513671875,25026.703125,-0.0312744942948606,-0.4931084806226691,-0.0706723531877313,2,2
2025-08-11,24585.05078125,24585.05078125,24600.849609375,24347.44921875,24371.5,241100,0.0091018044718578,0.0090606326859919,0.0907862213748664,24847.00263671875,25024.0721484375,-0.0198247363484179,-0.2287268074216251,-0.0622137946561542,2,2
2025-08-12,24487.400390625,24487.400390625,24702.599609375,24465.650390625,24563.349609375,237000,-0.0039719417907191,-0.0039798509014786,0.0889291776875076,24811.5826171875,25022.97015625,-0.0281158117090754,-0.0170053919535462,-0.0659386268759194,1,1
2025-08-13,24619.349609375,24619.349609375,24664.55078125,24535.25,24586.19921875,236000,0.0053884535167121,0.0053739877432256,0.0919237304748688,24781.94755859375,25022.9531640625,-0.023508645806623,-0.0042194092827003,-0.060905480585084,2,0
2025-08-14,24631.30078125,24631.30078125,24673.650390625,24596.900390625,24607.25,270200,0.000485438164071,0.0004853203770828,0.0914833916413513,24757.94013671875,25020.561171875,-0.0191206980257231,0.1449152542372882,-0.06044960826569,1,1
2025-08-18,24876.94921875,24876.94921875,25022.0,24852.849609375,24938.19921875,363100,0.0099730192766349,0.0099236169088637,0.0973689826777396,24753.367578125,25018.039140625,-0.0036626764407918,0.3438193930421909,-0.0510794540975538,2,0
2025-08-19,24980.650390625,24980.650390625,25012.650390625,24873.94921875,24891.349609375,252300,0.0041685646806257,0.0041599002852598,0.096900436473764,24747.86513671875,25015.5881640625,-0.004386040706381,-0.3051500963921785,-0.0471238174251849,1,1
2025-08-20,25050.55078125,25050.55078125,25088.69921875,24929.69921875,24965.80078125,287100,0.0027981813736617,0.002794273751954,0.0974023787704817,24747.34765625,25014.5141796875,-0.0004129783532785,0.1379310344827586,-0.0444574970396982,2,0
2025-08-21,25083.75,25083.75,25153.650390625,25054.900390625,25142.0,226500,0.0013252889742787,0.0013244115539841,0.094660717783368,24740.54013671875,25013.361171875,-0.0053985300701508,-0.2110762800417972,-0.0431911270960702,1,1
2025-08-22,24870.099609375,24870.099609375,25084.849609375,24859.150390625,25064.150390625,210200,-0.0085174820600987,-0.0085539631092473,0.0968958777769118,24730.94013671875,25012.9991796875,-0.007660970269553,-0.0719646799116997,-0.0513407295059726,2,0
2025-08-25,24967.75,24967.75,25021.55078125,24894.349609375,24949.150390625,213000,0.0039264173509054,0.0039187290926014,0.0923785180984559,24737.47763671875,25017.9821875,0.005264323388493,0.0133206470028544,-0.0476158972862075,1,1
2025-08-26,24712.05078125,24712.05078125,24919.650390625,24689.599609375,24899.5,750500,-0.0102411798720348,-0.0102939815650658,0.0971043019910646,24739.03515625,25013.293203125,0.0012621253735471,2.523474178403756,-0.057369434189366,2,0
2025-08-28,24500.900390625,24500.900390625,24702.650390625,24481.599609375,24695.80078125,326600,-0.0085444301039235,-0.0085811430237306,0.0993458135812184,24723.0251953125,25006.243203125,-0.0129002833794301,-0.5648234510326449,-0.0654236751727569,1,1
2025-08-29,24426.849609375,24426.849609375,24572.44921875,24404.69921875,24466.69921875,325500,-0.0030223697933294,-0.0030269463766577,0.0993874335636251,24701.61513671875,24998.5391796875,-0.0172279338973639,-0.0033680342927128,-0.0682483104264757,2,0
2025-09-01,24625.05078125,24625.05078125,24635.599609375,24432.69921875,24432.69921875,229300,0.0081140701746054,0.0080813281022769,0.1037306317004021,24694.4501953125,24995.1751953125,-0.0057855622350695,-0.2955453149001535,-0.060688011831969,1,1
2025-09-02,24579.599609375,24579.599609375,24756.099609375,24522.349609375,24653.0,271600,-0.0018457290617897,-0.0018474345185382,0.099644995527078,24695.1626953125,24984.5191796875,0.000580085373365,0.1844744875708679,-0.0624217272666182,2,0
2025-09-03,24715.05078125,24715.05078125,24737.05078125,24533.19921875,24616.5,340300,0.005510715147017,0.0054955867098578,0.0989383686702984,24694.777734375,24979.3821875,-0.0003114224246898,0.2529455081001472,-0.0572550004775521,1,1
2025-09-04,24734.30078125,24734.30078125,24980.75,24708.19921875,24980.75,314100,0.0007788776228048,0.0007785744550393,0.0983487554689528,24699.015234375,24973.1812109375,0.0034381965315353,-0.0769908903908316,-0.056520717493413,2,0
2025-09-05,24741.0,24741.0,24832.349609375,24621.599609375,24818.849609375,210100,0.0002708473067116,0.0002708106342015,0.0976042797178037,24707.3552734375,24963.1062109375,0.0067876385214102,-0.3311047437121935,-0.0562651786708077,1,1
2025-09-08,24773.150390625,24773.150390625,24885.5,24751.55078125,24802.599609375,213200,0.0012994782193525,0.0012986346282709,0.0976454803535769,24716.2052734375,24947.58921875,0.0071962480790273,0.0147548786292242,-0.0550388158256459,2,0
2025-09-09,24868.599609375,24868.599609375,24891.80078125,24814.0,24864.099609375,226900,0.0038529301782352,0.0038455266535053,0.0910241217348995,24741.47021484375,24932.2051953125,0.0207401629467989,0.0642589118198875,-0.0513979463618796,1,1
2025-09-10,24973.099609375,24973.099609375,25035.69921875,24915.05078125,24991.0,244100,0.0042020862308871,0.0041932821216746,0.086871029705089,24760.87265625,24921.326171875,0.0157839343745,0.0758043190832966,-0.0474118387336955,2,0
2025-09-11,25005.5,25005.5,25037.30078125,24940.150390625,24945.5,224600,0.0012974116602184,0.0012965707489705,0.0850337300554136,24786.77763671875,24910.60015625,0.0211578036504582,-0.0798852929127407,-0.0461759397458826,1,1
2025-09-12,25114.0,25114.0,25139.44921875,25038.05078125,25074.44921875,225700,0.0043390454100098,0.0043296588950226,0.0844073811361616,24811.51015625,24903.8121484375,0.0200919357527071,0.0048975957257346,-0.0420372538352801,2,0
2025-09-15,25069.19921875,25069.19921875,25138.44921875,25048.75,25118.900390625,185400,-0.0017838966811339,-0.0017854897196444,0.0849721027134139,24833.405078125,24897.0901171875,0.0177781287877958,-0.178555604785113,-0.0437461603988134,1,1
2025-09-16,25239.099609375,25239.099609375,25261.400390625,25070.44921875,25073.599609375,240100,0.0067772563910986,0.0067543940269436,0.0811580403643445,24851.51259765625,24892.652109375,0.0145576689263828,0.2950377562028048,-0.0372653829528636,2,0
2025-09-17,25330.25,25330.25,25346.5,25275.349609375,25276.599609375,268900,0.0036114755294653,0.003604969810507,0.0808697114714139,24868.992578125,24890.03109375,0.0139948161440264,0.1199500208246564,-0.0337884904420284,1,1
2025-09-18,25423.599609375,25423.599609375,25448.94921875,25329.75,25441.05078125,272200,0.0036853015416349,0.0036785274558399,0.081234262294396,24887.64501953125,24888.0530859375,0.0148918413564071,0.0122722201561917,-0.030227709676309,2,0
2025-09-19,25327.05078125,25327.05078125,25428.75,25286.30078125,25410.19921875,380400,-0.0037976065391384,-0.0038048357551339,0.082769945147827,24899.81005859375,24885.072109375,0.0096995377983755,0.3975018368846437,-0.0339105232675175,1,1
2025-09-22,25202.349609375,25202.349609375,25331.69921875,25151.05078125,25238.099609375,254500,-0.0049236357186648,-0.0049357967470806,0.07841243128184,24916.42255859375,24882.0141015625,0.0133594157328889,-0.3309674027339643,-0.0386671959225838,2,0
2025-09-23,25169.5,25169.5,25261.900390625,25084.650390625,25209.0,299200,-0.001303434397354,-0.0013042846068432,0.0777254091054515,24926.51005859375,24882.407109375,0.0080804237466332,0.1756385068762278,-0.039920230166723,1,1
2025-09-24,25056.900390625,25056.900390625,25149.849609375,25027.44921875,25108.75,244400,-0.0044736530076083,-0.0044836897383111,0.0694119771316109,24943.7525390625,24881.8991015625,0.013954714338668,-0.1831550802139037,-0.0442152939165817,2,0
2025-09-25,24890.849609375,24890.849609375,25092.69921875,24878.30078125,25034.5,342500,-0.0066269482123226,-0.0066490039290245,0.0662551250437858,24963.25,24875.800078125,0.0159157097303741,0.4013911620294599,-0.0505492296659265,1,1
2025-09-26,24654.69921875,24654.69921875,24868.599609375,24629.44921875,24818.55078125,291500,-0.0094874379272315,-0.0095327303668938,0.0747105346543253,24974.64248046875,24864.653046875,0.0093278344534266,-0.1489051094890511,-0.0595570849144332,2,0
2025-09-29,24634.900390625,24634.900390625,24791.30078125,24606.19921875,24728.55078125,394400,-0.0008030448049409,-0.0008033674181471,0.0691454710732207,24975.1349609375,24855.1220703125,0.0003999833122172,0.3530017152658662,-0.0603123027117362,1,1
2025-09-30,24611.099609375,24611.099609375,24731.80078125,24587.69921875,24691.94921875,303000,-0.0009661407544825,-0.0009666077692868,0.0689002125733937,24976.7099609375,24847.9760546875,0.0012815505744847,-0.2317444219066937,-0.0612201732925722,2,0
2025-10-01,24836.30078125,24836.30078125,24867.94921875,24605.94921875,24620.55078125,308900,0.0091503904924759,0.0091087793157824,0.0737042709347367,24982.7724609375,24842.8880859375,0.00490591749429,0.0194719471947195,-0.0526299712917405,1,1
2025-10-03,24894.25,24894.25,24904.80078125,24747.55078125,24759.55078125,365900,0.0023332467769816,0.0023305289834215,0.0740583955696009,24990.769921875,24839.555078125,0.0064666965993738,0.1845257364842991,-0.0504195232256479,2,0
2025-10-06,25077.650390625,25077.650390625,25095.94921875,24881.650390625,24916.55078125,268800,0.0073671787912872,0.0073401736828141,0.0781325020009318,25007.60244140625,24836.710078125,0.0136069839790227,-0.2653730527466521,-0.0434237940765356,1,1
2025-10-07,25108.30078125,25108.30078125,25220.900390625,25076.30078125,25085.30078125,288000,0.0012222193924698,0.0012214730903828,0.0781248231062536,25024.3599609375,24837.6341015625,0.0135287755227058,0.0714285714285714,-0.0422546480872807,2,0
2025-10-08,25046.150390625,25046.150390625,25192.5,25008.5,25079.75,227400,-0.0024752925801897,-0.0024783611817054,0.0779423386633603,25033.2375,24841.817109375,0.0071395568724772,-0.2104166666666667,-0.0446253480505814,1,1
2025-10-09,25181.80078125,25181.80078125,25199.25,25024.30078125,25074.30078125,286300,0.0054160175719368,0.0054014036910443,0.0788440316495829,25043.67255859375,24851.8351171875,0.008357039179736,0.2590149516270887,-0.0394510221478403,2,0
2025-10-10,25285.349609375,25285.349609375,25330.75,25156.849609375,25167.650390625,232900,0.004112050167679,0.0041036187949703,0.0798825545252941,25057.6650390625,24861.1201171875,0.0111915222401071,-0.1865176388403772,-0.0355011965623993,0,1
2025-10-13,25227.349609375,25227.349609375,25267.30078125,25152.30078125,25177.30078125,234300,-0.0022938183927065,-0.0022964532241035,0.0791910987270784,25063.33251953125,24868.56609375,0.004513403256152,0.0060111635895234,-0.0377135816574679,2,2
2025-10-14,25145.5,25145.5,25310.349609375,25060.55078125,25277.55078125,292100,-0.0032444791324643,-0.0032497538671527,0.0798520018847427,25067.14755859375,24876.1091015625,0.0030436066419279,0.2466922748612889,-0.0408356998612342,2,2
2025-10-15,25323.55078125,25323.55078125,25365.150390625,25159.349609375,25181.94921875,289900,0.0070808208725219,0.0070558695749474,0.080189072657903,25071.3701171875,24891.273125,0.0033460453495588,-0.0075316672372475,-0.0340440292646337,2,2
2025-10-16,25585.30078125,25585.30078125,25625.400390625,25376.849609375,25394.900390625,372800,0.0103362282114798,0.0102831746738043,0.0871851676598133,25084.12265625,24908.524140625,0.0100690195023736,0.2859606760952051,-0.0240596879088714,2,2
2025-10-17,25709.849609375,25709.849609375,25781.5,25508.599609375,25546.849609375,422100,0.0048679837376106,0.0048561734175648,0.0878520995335196,25098.43515625,24929.7301171875,0.0112592238863942,0.1322424892703861,-0.0193088263407332,2,2
2025-10-20,25843.150390625,25843.150390625,25926.19921875,25788.5,25824.599609375,301100,0.0051848137299641,0.0051714188632333,0.0877152163251417,25124.24013671875,24955.109140625,0.0203774065062907,-0.2866619284529732,-0.0142241252786899,2,2
2025-10-21,25868.599609375,25868.599609375,25934.349609375,25825.80078125,25901.19921875,42500,0.0009847568259027,0.000984272270986,0.0848649265252166,25157.55263671875,24980.558125,0.0264360272088346,-0.858850880106277,-0.0132533757572479,2,2
2025-10-23,25891.400390625,25891.400390625,26104.19921875,25862.44921875,26057.19921875,448400,0.0008814076368377,0.0008810194252249,0.0843267092948464,25193.64765625,25011.1201171875,0.0286815546842409,9.550588235294118,-0.0123836497470165,2,2
2025-10-24,25795.150390625,25795.150390625,25944.150390625,25718.19921875,25935.099609375,284900,-0.0037174505259611,-0.0037243774174138,0.0836628396032632,25230.56015625,25035.322109375,0.0294629418839138,-0.3646297948260482,-0.0160550646677123,2,2
2025-10-27,25966.05078125,25966.05078125,26005.94921875,25827.0,25843.19921875,266300,0.0066252915000297,0.0066034407150819,0.0797784925432596,25284.32021484375,25064.8951171875,0.0431966440980797,-0.0652860652860652,-0.0095361426511578,2,2
2025-10-28,25936.19921875,25936.19921875,26041.69921875,25810.05078125,25939.94921875,395200,-0.001149638146805,-0.0011502994876563,0.0682651602952293,25348.39521484375,25091.232109375,0.0519779206645285,0.4840405557641758,-0.0106748176845977,2,2
2025-10-29,26053.900390625,26053.900390625,26097.849609375,25960.30078125,25982.0,321900,0.0045381040946781,0.0045278379478023,0.0674265568156359,25419.34521484375,25119.6841015625,0.0576012071288913,-0.1854757085020243,-0.0061851570237638,2,2
2025-10-30,25877.849609375,25877.849609375,26032.05078125,25845.25,25984.400390625,257400,-0.00675717564781,-0.00678010872612,0.0745188385798675,25482.68271484375,25139.702109375,0.0514706786818035,-0.2003727865796831,-0.012900538479155,2,2
2025-10-31,25722.099609375,25722.099609375,25953.75,25711.19921875,25863.80078125,334400,-0.0060186608373972,-0.0060368459800537,0.0761055621227367,25526.97265625,25154.53109375,0.0356654896365937,0.2991452991452992,-0.0188415553508265,2,2
2025-11-03,25763.349609375,25763.349609375,25803.099609375,25645.5,25696.849609375,23300,0.0016036793506921,0.0016023948300849,0.0760760592015026,25570.42763671875,25168.7870703125,0.0349116606997599,-0.930322966507177,-0.0172680918133854,2,2
2025-11-04,25597.650390625,25597.650390625,25787.400390625,25578.400390625,25744.75,305100,-0.0064315867797603,-0.0064523585455219,0.078273583980325,25596.42763671875,25179.065078125,0.0207355949181904,12.094420600858369,-0.0235886173621271,2,2
2025-11-06,25509.69921875,25509.69921875,25679.150390625,25491.55078125,25593.349609375,371900,-0.0034359080045569,-0.0034418242922323,0.0798536142677723,25616.49755859375,25191.8570703125,0.0159866826909986,0.2189446083251394,-0.0269434770474731,2,2
2025-11-07,25492.30078125,25492.30078125,25551.25,25318.44921875,25433.80078125,305600,-0.0006820322478444,-0.0006822649376453,0.0791289209030785,25638.805078125,25202.3480859375,0.0178131323044359,-0.1782737294971766,-0.0276071329751022,2,2
2025-11-10,25574.349609375,25574.349609375,25653.44921875,25503.5,25503.5,243600,0.0032185728871263,0.003213404368611,0.0778424680104527,25658.43251953125,25219.5940625,0.0155885923939675,-0.2028795811518324,-0.0244774156576608,2,2
2025-11-11,25694.94921875,25694.94921875,25715.80078125,25449.25,25617.0,297700,0.0047156471705849,0.0047045633377707,0.0782118044136518,25678.9125,25243.4750390625,0.0161990882349964,0.2220853858784892,-0.0198771953429651,2,1
2025-11-12,25875.80078125,25875.80078125,25934.55078125,25781.150390625,25834.30078125,312600,0.0070384090258497,0.0070137550406647,0.0802725441982414,25711.33505859375,25272.4540625,0.0257042924411696,0.0500503862949277,-0.0129786901482259,0,2
2025-11-13,25879.150390625,25879.150390625,26010.69921875,25808.400390625,25906.099609375,385200,0.0001294494962036,0.0001294411183406,0.0786289532632296,25748.017578125,25297.5360546875,0.0291762100823209,0.2322456813819577,-0.0128509207369232,0,2
2025-11-14,25910.05078125,25910.05078125,25940.19921875,25740.80078125,25767.900390625,518900,0.0011940264714482,0.0011933141887742,0.0757754074145157,25777.342578125,25324.145078125,0.0231602592016539,0.3470924195223261,-0.0116722386050173,0,2
2025-11-17,26013.44921875,26013.44921875,26024.19921875,25906.349609375,25948.19921875,281800,0.0039906690408659,0.0039827274423519,0.068664425699138,25798.75,25350.113046875,0.0167341568958128,-0.4569281171709385,-0.0077281496053899,0,2
2025-11-18,25910.05078125,25910.05078125,26029.849609375,25876.5,26021.80078125,280000,-0.0039748069020186,-0.0039827274423519,0.0689576091828783,25808.76005859375,25373.628046875,0.0077869444946887,-0.00638750887154,-0.0116722386050173,0,2
2025-11-19,26052.650390625,26052.650390625,26074.650390625,25856.19921875,25918.099609375,250100,0.0055036406751542,0.0054885509849837,0.0692579252716374,25819.23505859375,25399.8610546875,0.0081065967899951,-0.1067857142857142,-0.0062328377370196,0,2
2025-11-20,26192.150390625,26192.150390625,26246.650390625,26063.19921875,26132.099609375,240400,0.0053545415882216,0.0053402569993402,0.0714340590922663,25835.41259765625,25428.2410546875,0.0125074718436919,-0.0387844862055177,-0.0009116701376735,0,2
2025-11-21,26068.150390625,26068.150390625,26179.19921875,26052.19921875,26109.55078125,235600,-0.0047342428227803,-0.0047454848460117,0.073911946242297,25844.25009765625,25452.2320703125,0.006826590965856,-0.0199667221297836,-0.0056415968926478,0,2
2025-11-24,25959.5,25959.5,26142.80078125,25912.150390625,26122.80078125,464700,-0.004167936312968,-0.0041766463699224,0.074258437788298,25852.467578125,25471.960078125,0.0063713375144629,0.9724108658743632,-0.009786019389064,0,2
2025-11-25,25884.80078125,25884.80078125,26032.599609375,25857.5,25998.5,260500,-0.002877529180069,-0.0028816772264875,0.071178256475608,25848.405078125,25489.54609375,-0.0031290857698957,-0.4394232838390359,-0.0126353890127842,0,2
2025-11-26,26205.30078125,26205.30078125,26215.150390625,25842.94921875,25842.94921875,275300,0.0123817835303625,0.0123057561748778,0.0836248379827259,25861.86015625,25511.372109375,0.0103755203385953,0.056813819577735,-0.0004100541339997,0,2
2025-11-27,26215.55078125,26215.55078125,26310.44921875,26141.900390625,26261.25,240300,0.0003911422381892,0.0003910657620054,0.0822709843966021,25869.94267578125,25534.299140625,0.0062044602996627,-0.12713403559753,-1.907228530229066e-05,0,2
2025-11-28,26202.94921875,26202.94921875,26280.75,26172.400390625,26237.44921875,202500,-0.0004806903583736,-0.0004808059270205,0.0779992505406447,25886.19765625,25553.5761328125,0.0125628525662822,-0.1573033707865169,-0.0004997534758122,0,2
2025-12-01,26175.75,26175.75,26325.80078125,26124.19921875,26325.80078125,213800,-0.0010380212747401,-0.0010385603919326,0.0742664193464243,25908.88017578125,25570.4861328125,0.0176366003364536,0.0558024691358025,-0.0015372559958124,0,2
2025-12-02,26032.19921875,26032.19921875,26154.599609375,25997.849609375,26087.94921875,254800,-0.0054841133969418,-0.005499206353098,0.0775484762462476,25922.32265625,25582.658125,0.0104353515148964,0.1917680074836296,-0.007012938906553,0,2
2025-12-03,25986.0,25986.0,26066.44921875,25891.0,26004.900390625,265700,-0.0017746951904364,-0.001776271827589,0.0736515060830151,25941.74013671875,25595.837109375,0.0151712990625589,0.042778649921507,-0.0087751882680413,0,2
2025-12-04,26033.75,26033.75,26098.25,25938.94921875,25981.849609375,248100,0.0018375278996383,0.0018358417105443,0.072029557684604,25967.94267578125,25612.4651171875,0.0205431971877119,-0.0662401204365825,-0.0069537850216701,0,2
2025-12-05,26186.44921875,26186.44921875,26202.599609375,25985.349609375,25999.80078125,249300,0.0058654330916598,0.0058482984078969,0.0736973646696261,26002.65009765625,25632.8041015625,0.0272297288289709,0.0048367593712213,-0.0011291388907886,0,2
2025-12-08,25960.55078125,25960.55078125,26178.69921875,25892.25,26159.80078125,320700,-0.0086265394598917,-0.0086639634331101,0.0813609264716203,26021.96015625,25650.877109375,0.0151011141152705,0.286401925391095,-0.0097459377894834,0,2
2025-12-09,25839.650390625,25839.650390625,25923.650390625,25728.0,25867.099609375,276000,-0.0046570811090926,-0.0046679590975771,0.0821164604326282,26029.19521484375,25669.853125,0.0056315025432862,-0.1393826005612721,-0.0143576312758062,2,1
2025-12-10,25758.0,25758.0,25947.650390625,25734.55078125,25864.05078125,207900,-0.0031598875909956,-0.00316489057782,0.0789342688220043,26023.30517578125,25691.919140625,-0.0045525463055566,-0.2467391304347825,-0.0174721503658973,0,2
2025-12-11,25898.55078125,25898.55078125,25922.80078125,25693.25,25771.400390625,206100,0.0054565875164998,0.0054417542776163,0.081465263622476,26024.2751953125,25717.1921484375,0.0007496533051574,-0.0086580086580086,-0.0121109011669705,0,2
2025-12-12,26046.94921875,26046.94921875,26057.599609375,25938.44921875,25971.19921875,216300,0.0057299900196514,0.0057136360690816,0.083860857481176,26031.1201171875,25745.909140625,0.0052836035967582,0.049490538573508,-0.0064503064901347,0,2
2025-12-15,26027.30078125,26027.30078125,26047.150390625,25904.75,25930.05078125,181600,-0.0007543469807149,-0.000754631643564,0.0827528993745349,26031.8126953125,25769.729140625,0.0005324769654158,-0.1604253351826167,-0.0071997877016242,0,2
2025-12-16,25860.099609375,25860.099609375,25980.75,25834.349609375,25951.5,264400,-0.0064240688375742,-0.0064447919666699,0.0847718633876162,26029.31513671875,25789.0461328125,-0.0019278685440148,0.4559471365638767,-0.0135776046073873,0,2
2025-12-17,25818.55078125,25818.55078125,25929.150390625,25770.349609375,25902.400390625,206500,-0.0016066770334456,-0.0016079691231565,0.082276725651997,26017.61015625,25803.864140625,-0.0089856350837626,-0.2189863842662632,-0.015162466815341,0,2
2025-12-18,25815.55078125,25815.55078125,25902.349609375,25726.30078125,25764.69921875,197600,-0.0001161955225689,-0.0001162022737916,0.0794123941279717,25998.78017578125,25818.009140625,-0.0143783386914957,-0.0430992736077482,-0.015276900527155,0,2
2025-12-19,25966.400390625,25966.400390625,25993.349609375,25880.44921875,25911.5,382900,0.0058433620360547,0.0058263558129651,0.0811593335090022,25993.69267578125,25836.414140625,-0.0039032305121499,0.9377530364372472,-0.0095228069516691,0,2
2025-12-22,26172.400390625,26172.400390625,26180.69921875,26047.80078125,26055.849609375,253000,0.0079333291061156,0.0079020257019083,0.0845550105867017,26004.3376953125,25856.2261328125,0.0082012515890137,-0.3392530686863411,-0.0016650254071151,0,2
2025-12-23,26177.150390625,26177.150390625,26233.55078125,26119.05078125,26205.19921875,216600,0.0001814888939914,0.0001814724268745,0.08366864879153,26018.95517578125,25874.0621484375,0.0112942576551242,-0.1438735177865612,-0.001483838696743,0,2
2025-12-24,26142.099609375,26142.099609375,26236.400390625,26123.0,26170.650390625,188800,-0.0013389838361685,-0.0013398810760412,0.0713832788751019,26015.7951171875,25892.3571484375,-0.0024117705193531,-0.1283471837488458,-0.0028208356968811,0,2
2025-12-26,26042.30078125,26042.30078125,26144.19921875,26008.599609375,26121.25,142200,-0.003817552133005,-0.003824857583702,0.0725416359490526,26007.1326171875,25910.2931640625,-0.0066086728997474,-0.246822033898305,-0.0066276191425547,0,2
2025-12-29,25942.099609375,25942.099609375,26106.80078125,25920.30078125,26063.349609375,234300,-0.0038476313101776,-0.0038550524856079,0.0736145899787396,25994.09013671875,25922.664140625,-0.0099549713735408,0.6476793248945147,-0.0104497498178075,0,2
2025-12-30,25938.849609375,25938.849609375,25976.75,25878.0,25940.900390625,396900,-0.0001252789885528,-0.0001252868366208,0.0735973909441973,25982.2451171875,25929.7351171875,-0.009050376421879,0.6939820742637643,-0.0105737196722726,0,2
2025-12-31,26129.599609375,26129.599609375,26187.94921875,25969.0,25971.05078125,246300,0.007353834224439,0.00732692662105,0.0759806828990563,25987.11513671875,25938.1301171875,0.0037415352351346,-0.3794406651549509,-0.0032976428294391,0,2
2026-01-01,26146.55078125,26146.55078125,26197.55078125,26113.400390625,26173.30078125,425600,0.0006487344669803,0.0006485241297397,0.0756365366763908,25995.14267578125,25944.198125,0.0061783568556146,0.7279740154283394,-0.0026510476570219,0,2
2026-01-02,26328.55078125,26328.55078125,26340.0,26118.400390625,26155.099609375,357500,0.0069607651702385,0.0069366508822873,0.0790913758948288,26009.88271484375,25953.3971484375,0.0113237924328994,-0.1600093984962406,0.0,0,2
2026-01-05,26250.30078125,26250.30078125,26373.19921875,26210.05078125,26333.69921875,338800,-0.002972058760474,-0.0029764840975281,0.0774562137767586,26013.07529296875,25960.57515625,0.0024383436626558,-0.0523076923076922,-0.002972058760474,0,2
2026-01-06,26178.69921875,26178.69921875,26273.94921875,26124.75,26189.69921875,383000,-0.0027276473171363,-0.0027313741255683,0.0711359363503866,26023.98271484375,25968.2461328125,0.0084030743160332,0.1304604486422669,-0.005691599349506,0,2
2026-01-07,26140.75,26140.75,26187.150390625,26067.900390625,26143.099609375,338200,-0.0014496220164682,-0.0014506737349826,0.0689685398385997,26039.0376953125,25971.7401171875,0.0116526193204318,-0.1169712793733681,-0.0071329706982483,2,0
2026-01-08,25876.849609375,25876.849609375,26133.19921875,25858.44921875,26106.5,328500,-0.0100953641584499,-0.0101466679260642,0.0778734194684694,26044.98017578125,25970.553125,0.0046140853084477,-0.0286812536960378,-0.0171563249199678,0,2
2026-01-09,25683.30078125,25683.30078125,25940.599609375,25623.0,25840.400390625,348800,-0.0074796132854935,-0.0075077258614666,0.0799184768780204,26034.21767578125,25963.1411328125,-0.0083112758631975,0.0617960426179604,-0.0245076155296598,0,2
2026-01-12,25790.25,25790.25,25813.150390625,25473.400390625,25669.05078125,275800,0.0041641539637333,0.0041555078687529,0.0785121173869144,26021.38271484375,25961.389140625,-0.0098552508623626,-0.209288990825688,-0.0204455150502759,0,2
2026-01-13,25732.30078125,25732.30078125,25899.80078125,25603.30078125,25897.349609375,339500,-0.0022469428853927,-0.0022494710493611,0.0787565534288899,26006.63271484375,25961.5931640625,-0.0113342525404138,0.2309644670050761,-0.0226465180310881,0,2
2026-01-14,25665.599609375,25665.599609375,25791.75,25603.94921875,25648.55078125,393100,-0.0025921184600641,-0.0025954838159783,0.0760882567291292,25996.90771484375,25959.6381640625,-0.0075212393972948,0.157879234167894,-0.0251799340337077,0,2
2026-01-16,25694.349609375,25694.349609375,25873.5,25662.400390625,25696.05078125,434000,0.001120176439965,0.0011195495104741,0.0761191948093112,25990.69765625,25961.5721484375,-0.00481054002323,0.1040447723225641,-0.0240879635626071,0,2
2026-01-19,25585.5,25585.5,25653.30078125,25494.349609375,25653.099609375,443100,-0.0042363247573811,-0.0042453234042252,0.0774291701788242,25979.1951171875,25963.0881640625,-0.0089113257043923,0.0209677419354838,-0.0282222438835929,0,2
2026-01-20,25232.5,25232.5,25585.0,25171.349609375,25580.30078125,409800,-0.0137968771374411,-0.0138929386360228,0.0872526817848529,25942.50009765625,25957.8921484375,-0.0282634627666747,-0.0751523358158429,-0.0416297421896292,0,2
2026-01-21,25157.5,25157.5,25300.94921875,24919.80078125,25141.0,395600,-0.0029723570791637,-0.0029767833055262,0.080063827785261,25891.755078125,25949.55515625,-0.0387775051381431,-0.0346510492923377,-0.0444783608098919,0,2
2026-01-22,25289.900390625,25289.900390625,25435.75,25168.5,25344.150390625,486400,0.0052628596094603,0.0052490591625262,0.0838093334496433,25847.392578125,25941.4541796875,-0.0338940635921073,0.2295247724974722,-0.0394495845690329,0,2
2026-01-23,25048.650390625,25048.650390625,25347.94921875,25025.30078125,25344.599609375,393900,-0.0095393811867061,-0.0095851725301575,0.0882982463001073,25792.7201171875,25924.911171875,-0.0418271384123205,-0.190172697368421,-0.0486126411308778,0,2
2026-01-27,25175.400390625,25175.400390625,25246.650390625,24932.55078125,25063.349609375,618700,0.0050601528634628,0.0050473933153695,0.0916025449499974,25749.37509765625,25910.836171875,-0.033288164433196,0.5707032241685708,-0.0437984756626339,0,2
2026-01-28,25342.75,25342.75,25372.099609375,25187.650390625,25258.849609375,574900,0.0066473464881742,0.0066253503042048,0.0957802649535006,25719.4076171875,25899.49015625,-0.0231033578006309,-0.0707935994827865,-0.0374422728178431,0,2
2026-01-29,25418.900390625,25418.900390625,25458.150390625,25159.80078125,25345.0,582400,0.0030048195489833,0.0030003141018364,0.0968682879279147,25693.41015625,25887.5991796875,-0.0200451919256309,0.0130457470864497,-0.0345499605421811,0,2
2026-01-30,25320.650390625,25320.650390625,25370.69921875,25213.650390625,25247.55078125,508400,-0.0038652340774046,-0.0038727233995256,0.0921216889882156,25652.9626953125,25875.811171875,-0.0309591126861261,-0.1270604395604395,-0.0382816509347252,0,2
2026-02-02,25088.400390625,25088.400390625,25108.099609375,24679.400390625,24796.5,449200,-0.0091723552285208,-0.0092146802912144,0.0955567495191599,25600.05517578125,25856.526171875,-0.0404699801315212,-0.1164437450826121,-0.0471028732621386,0,2
2026-02-03,25727.55078125,25727.55078125,26341.19921875,25641.30078125,26308.05078125,637300,0.0254759323302189,0.0251568290498399,0.1329093070502274,25570.00517578125,25847.2341796875,-0.0228269305437048,0.4187444345503117,-0.0228269305437048,0,2
2026-02-04,25776.0,25776.0,25818.55078125,25563.94921875,25675.05078125,429800,0.0018831648283172,0.0018813938963879,0.1331444962882662,25546.29013671875,25841.391171875,-0.0180683941567931,-0.3255923426957476,-0.0209867525881257,0,2
2026-02-05,25642.80078125,25642.80078125,25757.650390625,25579.5,25755.900390625,343800,-0.0051675674561607,-0.0051809655096962,0.1338704759754621,25519.49521484375,25835.0571875,-0.0204707817230342,-0.2000930665425779,-0.0260458695846016,0,2
2026-02-06,25693.69921875,25693.69921875,25703.94921875,25491.900390625,25605.80078125,375500,0.0019849016468285,0.0019829343324083,0.1342829761692025,25497.14267578125,25831.23515625,-0.0171016815221445,0.0922047702152413,-0.0241126664272046,1,1
2026-02-09,25867.30078125,25867.30078125,25922.25,25780.900390625,25888.69921875,359400,0.0067565810988132,0.0067338577022977,0.1321554323113773,25496.665234375,25824.47515625,-0.0003690104579632,-0.0428761651131823,-0.0175190045146154,2,0
2026-02-10,25935.150390625,25935.150390625,25989.44921875,25870.44921875,25922.650390625,460900,0.0026229876069705,0.0026195535786092,0.1294041081906632,25509.25771484375,25818.8671484375,0.0098059673684489,0.2824151363383416,-0.014941969039373,1,1
2026-02-11,25953.849609375,25953.849609375,26009.400390625,25899.80078125,25997.44921875,331400,0.0007209990483325,0.0007207392533858,0.1286853221683259,25517.4376953125,25813.88515625,0.0063434673713902,-0.2809720112822738,-0.0142317431364982,2,0
2026-02-12,25807.19921875,25807.19921875,25906.69921875,25752.400390625,25906.69921875,419400,-0.0056504292362096,-0.0056664533018943,0.1301521284425889,25521.1826171875,25806.514140625,0.0029106778339298,0.2655401327700664,-0.0198017569152071,1,1
2026-02-13,25471.099609375,25471.099609375,25630.349609375,25444.30078125,25571.150390625,453500,-0.0130234825765521,-0.01310903170256,0.1381907568759541,25511.4576171875,25795.2921484375,-0.0075782371329814,0.081306628516929,-0.0325673516555889,2,0
2026-02-16,25682.75,25682.75,25697.0,25372.69921875,25423.599609375,275800,0.0083094328030934,0.0082750995285778,0.1415151108552777,25510.87763671875,25789.2271484375,-0.0004514459229887,-0.3918412348401323,-0.0245285350726524,1,1
2026-02-17,25725.400390625,25725.400390625,25764.400390625,25570.30078125,25637.94921875,344100,0.0016606629206374,0.0016592855446634,0.1407281772939292,25517.87265625,25783.06015625,0.005467956093295,0.247643219724438,-0.0229086057807077,2,0
2026-02-18,25819.349609375,25819.349609375,25828.05078125,25645.150390625,25752.650390625,310200,0.0036520021971839,0.0036453498285502,0.1307282275737268,25547.21513671875,25775.7181640625,0.023257687877737,-0.0985178727114211,-0.0193402658621693,1,1
2026-02-19,25454.349609375,25454.349609375,25885.30078125,25388.75,25873.349609375,298200,-0.0141366845223501,-0.0142375592650905,0.1411388779872747,25562.0576171875,25765.594140625,0.0117996466014111,-0.0386847195357833,-0.0332035431474476,2,0
2026-02-20,25571.25,25571.25,25663.55078125,25379.75,25406.55078125,296600,0.0045925506806878,0.0045820370969653,0.1408662192490149,25576.12509765625,25760.2261328125,0.0111249789453222,-0.005365526492287,-0.0287634814214429,1,1
2026-02-23,25713.0,25713.0,25771.44921875,25609.349609375,25678.400390625,313700,0.0055433347998239,0.00552802706402,0.1365899094644031,25609.342578125,25759.3261328125,0.0265223714257933,0.0576534052596089,-0.0233795922291464,2,0
2026-02-24,25424.650390625,25424.650390625,25641.80078125,25327.599609375,25641.80078125,439100,-0.0112141566279703,-0.0112775093593249,0.1428138361615935,25621.805078125,25749.848125,0.0099005376729903,0.3997449792795664,-0.0343315664479609,1,1
2026-02-25,25482.5,25482.5,25652.599609375,25428.19921875,25512.599609375,414200,0.0022753354908011,0.0022727508349003,0.1411609781549909,25628.792578125,25738.559140625,0.0055143976087834,-0.056706900478251,-0.0321343467887537,2,0
2026-02-26,25496.55078125,25496.55078125,25572.94921875,25400.94921875,25556.30078125,405200,0.0005513894339252,0.0005512374746279,0.1408010789722689,25632.67509765625,25727.944140625,0.0030548288648095,-0.0217286335103814,-0.0316006758941138,1,1
2026-02-27,25178.650390625,25178.650390625,25476.400390625,25141.30078125,25459.849609375,438900,-0.0124683685002122,-0.0125467508213512,0.1473062039026796,25625.57509765625,25714.31515625,-0.00560807079634,0.0831688055281343,-0.0436750355224225,2,0
2026-03-02,24865.69921875,24865.69921875,24989.349609375,24603.5,24659.25,519200,-0.0124292274216383,-0.0125071163411356,0.1503859044286608,25614.4400390625,25695.258125,-0.008876658870536,0.1829573934837092,-0.0555614159949044,1,1
2026-03-04,24480.5,24480.5,24602.44921875,24305.400390625,24388.80078125,599000,-0.0154911878954741,-0.0156124301004293,0.1259785683477872,25552.0875,25668.557109375,-0.0484714146267991,0.1536979969183358,-0.070191891555463,2,0
2026-03-05,24765.900390625,24765.900390625,24854.19921875,24529.400390625,24615.94921875,504300,0.0116582745705766,0.0115908404915584,0.1348437915836454,25501.58251953125,25644.547109375,-0.0391876012327359,-0.1580968280467445,-0.0593519333292681,1,1
2026-03-06,24450.44921875,24450.44921875,24700.900390625,24415.75,24656.400390625,433400,-0.012737318930444,-0.0128191340565902,0.1398667147375815,25441.96494140625,25610.1080859375,-0.0464984918251147,-0.140590918104303,-0.0713332677557588,2,0
2026-03-09,24028.05078125,24028.05078125,24078.150390625,23697.80078125,23868.05078125,526900,-0.0172756923081839,-0.0174266583016686,0.1485356360315362,25358.68251953125,25567.12609375,-0.0648271166918811,0.2157360406091371,-0.0873766284788569,2,0
2026-03-10,24261.599609375,24261.599609375,24303.80078125,24079.94921875,24280.80078125,444300,0.0097198407915488,0.0096729070198326,0.1515187327238662,25278.3974609375,25529.51609375,-0.0620745544907761,-0.156765989751376,-0.0785060746050249,2,0
2026-03-11,23866.849609375,23866.849609375,24299.0,23834.30078125,24231.849609375,407400,-0.0162705677430874,-0.0164043869588853,0.1567772481477911,25174.982421875,25486.0070703125,-0.0797489411126625,-0.0830519918973666,-0.0934993039430074,2,0
2026-03-12,23639.150390625,23639.150390625,23833.150390625,23556.30078125,23674.849609375,501000,-0.0095403969303329,-0.0095861980571985,0.1567943533511214,25059.2474609375,25439.9480859375,-0.0891851980953872,0.2297496318114875,-0.1021476804010143,2,0
2026-03-13,23151.099609375,23151.099609375,23492.400390625,23112.0,23462.5,519800,-0.0206458681122294,-0.0208619736799509,0.1670185405899784,24926.44248046875,25384.1930859375,-0.1029208782735801,0.0375249500998005,-0.1206846209757142,2,0
2026-03-16,23408.80078125,23408.80078125,23502.0,22955.25,23116.099609375,540300,0.0111312713531173,0.0110697746886969,0.1741739393874013,24823.3275390625,25329.777109375,-0.080966226812051,0.0394382454790303,-0.1108967228868257,2,0
2026-03-17,23581.150390625,23581.150390625,23656.80078125,23346.599609375,23493.19921875,458800,0.0073625988356076,0.007335627211391,0.1733097069585558,24718.24755859375,25278.4691015625,-0.0818292281541112,-0.1508421247455117,-0.1043506121340174,2,0
2026-03-18,23777.80078125,23777.80078125,23862.25,23618.44921875,23632.900390625,382900,0.0083393043752089,0.0083047244915839,0.1778697689151239,24620.867578125,25227.4541015625,-0.0757072612982442,-0.1654315605928509,-0.0968815192751333,2,0
2026-03-19,23002.150390625,23002.150390625,23378.69921875,22930.349609375,23197.75,550100,-0.0326207792621695,-0.0331646983176048,0.2032421923221472,24480.0076171875,25162.49109375,-0.1091119358687128,0.4366675372159834,-0.1263419478824452,1,1
2026-03-20,23114.5,23114.5,23345.150390625,23067.599609375,23110.150390625,663300,0.0048843089653387,0.0048724194273719,0.2040095729067884,24363.01513671875,25101.207109375,-0.0919233704762669,0.2057807671332485,-0.122074732025847,1,1
2026-03-23,22512.650390625,22512.650390625,22851.69921875,22471.25,22824.349609375,550300,-0.0260377516007268,-0.0263827354344267,0.2144230753641894,24210.08515625,25028.6451171875,-0.1196108758615632,-0.1703603196140509,-0.1449339320773596,1,1
2026-03-24,22912.400390625,22912.400390625,23057.30078125,22624.19921875,22878.44921875,538100,0.0177566831565274,0.0176008749787794,0.2272090077611454,24070.05517578125,24969.3561328125,-0.1089176529138956,-0.0221697256042159,-0.1297507948313595,1,1
2026-03-25,23306.44921875,23306.44921875,23465.349609375,23063.19921875,23064.400390625,505400,0.0171980596274072,0.0170518470014907,0.2399880873493689,23964.1451171875,24921.8191015625,-0.0833128927765338,-0.0607693737223564,-0.1147841971101654,1,1
2026-03-27,22819.599609375,22819.599609375,23186.099609375,22804.55078125,23173.55078125,612600,-0.0208890511293899,-0.0211103140979646,0.2457153296364862,23831.00009765625,24862.40609375,-0.1044991814235259,0.2121092204194696,-0.1332755152772752,1,1
2026-03-30,22331.400390625,22331.400390625,22714.099609375,22283.849609375,22549.650390625,698600,-0.0213938555937428,-0.0216260213748478,0.2510026241315969,23672.742578125,24794.3880859375,-0.1241403363843485,0.1403852432255958,-0.1518180937429943,1,1
2026-04-01,22679.400390625,22679.400390625,22941.30078125,22618.599609375,22899.0,518000,0.0155834382937352,0.0154632634032261,0.2617054534374233,23547.780078125,24734.6641015625,-0.0992606816182081,-0.2585170340681363,-0.1386005033449755,1,1
2026-04-02,22713.099609375,22713.099609375,22782.30078125,22182.55078125,22383.400390625,495100,0.0014858954897207,0.0014847926393626,0.2612555004181051,23440.15009765625,24675.0391015625,-0.0865690359413593,-0.0442084942084941,-0.1373205537180482,1,1
2026-04-06,22968.25,22968.25,22998.349609375,22542.94921875,22780.30078125,426400,0.0112336226676734,0.0111709941223868,0.2634720452362325,23364.53759765625,24622.6941015625,-0.0617736565838116,-0.1387598464956574,-0.1276295383353592,1,1
2026-04-07,23123.650390625,23123.650390625,23153.849609375,22719.30078125,22838.69921875,477000,0.0067658785769486,0.0067430927402192,0.2604095756076262,23282.42509765625,24580.517109375,-0.0663109345550653,0.1186679174484053,-0.1217271857176196,1,1
2026-04-08,23997.349609375,23997.349609375,24025.150390625,23828.5,23855.150390625,639300,0.0377837929561599,0.0370874710981664,0.294561818286471,23259.7701171875,24557.3141015625,-0.0185313408895382,0.340251572327044,-0.0885427075437503,1,1
2026-04-09,23775.099609375,23775.099609375,23990.75,23682.80078125,23909.05078125,466600,-0.0092614394346771,-0.0093045932156238,0.2899048368030159,23247.12255859375,24527.0180859375,-0.010527328004167,-0.2701392147661504,-0.0969841140551287,2,0
2026-04-10,24050.599609375,24050.599609375,24074.05078125,23856.349609375,23880.55078125,481300,0.0115877537645043,0.0115211299322757,0.2908402087432981,23236.57255859375,24507.0570703125,-0.0086968709152411,0.031504500642949,-0.0865201883233639,0,2
2026-04-13,23842.650390625,23842.650390625,23907.400390625,23555.599609375,23589.599609375,488800,-0.0086463215939506,-0.0086839179025587,0.2864767973043156,23235.36259765625,24480.4020703125,-0.0010139259745657,0.0155827965925618,-0.0944184285447016,0,2
2026-04-15,24231.30078125,24231.30078125,24280.900390625,24145.80078125,24163.80078125,460300,0.0163006370624727,0.0161692080062881,0.2896764606224875,23264.9701171875,24458.1730859375,0.0250495631543441,-0.0583060556464811,-0.0796568720179451,0,2
2026-04-16,24196.75,24196.75,24400.94921875,24102.80078125,24385.19921875,508000,-0.0014258739785333,-0.0014268915041919,0.2779906466526788,23317.25263671875,24433.730078125,0.0451663380257569,0.1036280686508799,-0.0809691653354567,0,2
2026-04-17,24353.55078125,24353.55078125,24371.900390625,24096.05078125,24165.900390625,498600,0.0064802414063871,0.0064593349128548,0.2765193449895605,23364.49013671875,24414.3880859375,0.0403587526259237,-0.018503937007874,-0.075013623666917,0,2
2026-04-20,24364.849609375,24364.849609375,24480.650390625,24241.25,24391.5,415900,0.0004639499277327,0.0004638423362418,0.2758285412424381,23403.67509765625,24399.9170703125,0.0332341385287788,-0.1658644203770557,-0.0745844763044633,0,2
2026-04-21,24576.599609375,24576.599609375,24601.69921875,24354.900390625,24374.55078125,425800,0.0086907985641135,0.0086532509632023,0.2759430737941477,23443.6150390625,24376.898046875,0.0335943107385647,0.0238037989901418,-0.0665418763999217,0,2
2026-04-22,24378.099609375,24378.099609375,24515.94921875,24352.900390625,24470.849609375,440500,-0.0080767886182383,-0.0081095825746975,0.2468084117315984,23512.4125,24348.9400390625,0.059818286350775,0.0345232503522781,-0.0740812203482169,0,2
2026-04-23,24173.05078125,24173.05078125,24310.19921875,24134.80078125,24202.349609375,467500,-0.008411190019346,-0.0084467636965404,0.2499089607634388,23565.3400390625,24319.5450390625,0.0457959627614701,0.061293984108967,-0.0818692991463491,0,2
2026-04-24,23897.94921875,23897.94921875,24206.0,23813.650390625,24100.55078125,438400,-0.0113805065396787,-0.0114457600553277,0.2322179185247989,23634.60498046875,24283.6300390625,0.0615342398201983,-0.0622459893048128,-0.0923180915916938,0,2
2026-04-27,24092.69921875,24092.69921875,24130.69921875,23936.19921875,23945.44921875,430300,0.0081492348241831,0.0081162091116115,0.2266750542567945,23693.619921875,24248.1380078125,0.0515135388698924,-0.0184762773722627,-0.0849211785744117,0,2
2026-04-28,23995.69921875,23995.69921875,24181.80078125,23957.05078125,24049.900390625,554100,-0.0040261159249649,-0.0040342425495079,0.2210224090208194,23728.082421875,24209.348984375,0.0295733594393048,0.2877062514524751,-0.0886053919899515,0,2
2026-04-29,24177.650390625,24177.650390625,24334.69921875,24059.94921875,24096.900390625,531100,0.007582657634449,0.0075540537904852,0.2050467969054613,23795.9849609375,24173.825,0.0595124719318944,-0.0415087529326836,-0.0816945987075282,0,2
2026-04-30,23997.55078125,23997.55078125,24087.44921875,23796.849609375,23996.94921875,505500,-0.0074490120613553,-0.007476894502422,0.1880559978733049,23879.29248046875,24137.63203125,0.0746102063229527,-0.0482018452268876,-0.0885350667177637,0,2
2026-05-04,24119.30078125,24119.30078125,24290.19921875,24004.75,24063.55078125,419100,0.0050734344146123,0.0050606079108907,0.1829054209638289,23951.2875,24110.5960546875,0.06348935006325,-0.1709198813056379,-0.0839108091575373,2,0
2026-05-05,24032.80078125,24032.80078125,24081.69921875,23882.05078125,24052.599609375,363300,-0.0035863394542201,-0.0035927857866665,0.184374077843665,24017.27255859375,24077.5970703125,0.0581030856453552,-0.133142448103078,-0.0871962159662402,2,0
2026-05-06,24330.94921875,24330.94921875,24356.5,23997.900390625,24171.0,429200,0.0124058964335362,0.0123295738851627,0.185114137837914,24085.40751953125,24049.708046875,0.0593296928912738,0.1813927883292045,-0.0758720667573773,2,0
2026-05-07,24326.650390625,24326.650390625,24482.099609375,24284.0,24398.5,440600,-0.000176681480297,-0.0001766970903084,0.1848291472340662,24145.55751953125,24019.8540625,0.0520246578579881,0.026561043802423,-0.0760353430486064,2,0
2026-05-08,24176.150390625,24176.150390625,24253.80078125,24126.650390625,24233.650390625,335900,-0.0061866306122441,-0.0062058471093194,0.1345310648684947,24154.49755859375,23994.290078125,0.0074508553719676,-0.2376305038583749,-0.0817515710799335,2,0
2026-05-11,23815.849609375,23815.849609375,23997.44921875,23799.099609375,23970.099609375,390100,-0.0149031494025498,-0.0150153171640365,0.1413338240933704,24156.53505859375,23959.1820703125,0.0017139780976536,0.1613575468889549,-0.0954363646047861,2,0
2026-05-12,23379.55078125,23379.55078125,23757.55078125,23348.400390625,23722.599609375,447500,-0.0183196835418901,-0.0184895669500817,0.1490632056845942,24122.9826171875,23912.5130859375,-0.0279015425404788,0.1471417585234555,-0.1120076841487281,2,0
2026-05-13,23412.599609375,23412.599609375,23582.94921875,23262.55078125,23362.44921875,415400,0.0014135784059419,0.0014125802445292,0.1468246137415544,24101.480078125,23872.2720703125,-0.0180370375861862,-0.0717318435754189,-0.1107524373863984,2,0
2026-05-14,23689.599609375,23689.599609375,23777.19921875,23426.55078125,23530.25,428700,0.0118312363693726,0.0117617944780081,0.1407318162494109,24074.39501953125,23836.4140625,-0.0223554309677903,0.0320173326913817,-0.1002315392822282,2,0
2026-05-15,23643.5,23643.5,23839.30078125,23610.30078125,23731.400390625,408900,-0.0019459851637491,-0.0019478810528585,0.1407585196569703,24046.73251953125,23799.353046875,-0.0228646409125192,-0.0461861441567529,-0.1019824753575944,2,0
2026-05-18,23649.94921875,23649.94921875,23695.650390625,23317.099609375,23482.19921875,392000,0.0002727692071817,0.0002727320124251,0.1380050558191441,24011.55244140625,23768.7790234375,-0.0288911283951951,-0.0413303986304719,-0.1017375238293624,2,0
2026-05-19,23618.0,23618.0,23782.30078125,23587.19921875,23675.30078125,442000,-0.0013509212410769,-0.0013518345578153,0.1378187003843667,23974.2099609375,23743.8250390625,-0.0306527485844866,0.1275510204081633,-0.1029510056884837,2,0
2026-05-20,23659.0,23659.0,23690.900390625,23397.30078125,23457.25,344100,0.0017359640951817,0.0017344590510618,0.1331290134044618,23928.32998046875,23727.3950390625,-0.037336312751133,-0.2214932126696832,-0.1013937608427401,2,0
2026-05-21,23654.69921875,23654.69921875,23859.900390625,23596.599609375,23830.05078125,348200,-0.0001817820385476,-0.000181798562905,0.1311866440578418,23892.1599609375,23705.171015625,-0.0296741912707093,0.0119151409473989,-0.1015571113167457,2,0
2026-05-22,23719.30078125,23719.30078125,23835.650390625,23671.0,23671.19921875,336100,0.0027310244743588,0.0027273020029192,0.1293287628634636,23869.4724609375,23690.548046875,-0.0187709033545717,-0.0347501435956346,-0.0991034417989382,2,0
2026-05-25,24031.69921875,24031.69921875,24054.44921875,23922.849609375,23940.25,351200,0.0131706427765758,0.0130846639689702,0.1321991511357678,23876.1599609375,23690.621015625,0.0055967145454915,0.0449271050282653,-0.0872380550522253,2,0
2026-05-26,23913.69921875,23913.69921875,24089.80078125,23885.44921875,24004.099609375,387900,-0.0049101812953756,-0.0049222758427416,0.1300309989743581,23867.2099609375,23683.6630078125,-0.0074296366038012,0.1044988610478359,-0.0917198816814386,2,0
2026-05-27,23907.150390625,23907.150390625,23983.19921875,23858.25,23880.349609375,531600,-0.0002738525756761,-0.00027389008014,0.1293097523223444,23862.78251953125,23684.4690234375,-0.00369019578541,0.3704563031709202,-0.0919686165312756,2,0
2026-05-29,23547.75,23547.75,24002.80078125,23484.75,23902.150390625,1198000,-0.0150331756295779,-0.0151473192194715,0.1362138334874456,23831.2875,23682.641015625,-0.0260530026883525,1.253574115876599,-0.1056192117961296,2,0
2026-06-01,23382.599609375,23382.599609375,23733.69921875,23357.94921875,23654.5,421700,-0.0070134255130532,-0.0070381351824947,0.1359594611234662,23800.53994140625,23687.271015625,-0.0256255806053123,-0.6479966611018364,-0.1118918848345034,2,0
2026-06-02,23483.55078125,23483.55078125,23556.94921875,23229.150390625,23229.150390625,511900,0.0043173630631951,0.0043080699893999,0.1355181909476068,23768.75244140625,23688.766015625,-0.026358558474225,0.2138961346929095,-0.1080575996619639,2,0
2026-06-03,23405.599609375,23405.599609375,23459.650390625,23151.5,23415.94921875,450100,-0.0033193946094914,-0.0033249160216612,0.1354623401077315,23737.3923828125,23685.255,-0.0260977144355281,-0.1207267044344598,-0.1110183084576228,2,0
2026-06-04,23416.55078125,23416.55078125,23465.30078125,23247.30078125,23282.44921875,412500,0.0004678868329701,0.0004677774080569,0.1258068415045261,23691.6724609375,23678.03,-0.0375817001333981,-0.0835369917796045,-0.1106023656293986,2,0
2026-06-05,23366.69921875,23366.69921875,23516.349609375,23282.650390625,23478.94921875,366200,-0.0021289028843615,-0.0021311722194751,0.1256397821580645,23643.67490234375,23685.3209765625,-0.0394608857553584,-0.1122424242424242,-0.1124958068185544,2,0
2026-06-08,23123.0,23123.0,23267.30078125,23070.150390625,23080.69921875,375700,-0.0104293386271027,-0.0104841052987778,0.1284204300459354,23591.0173828125,23685.4909765625,-0.0435615419993991,0.0259421081376296,-0.1217518885822173,2,0
2026-06-09,23242.099609375,23242.099609375,23279.400390625,23104.44921875,23259.05078125,402600,0.0051506988442242,0.0051374793685272,0.1215430285616846,23562.3298828125,23700.0799609375,-0.0240910993901366,0.0715996805962204,-0.1172282970497955,2,0
2026-06-10,23214.94921875,23214.94921875,23425.349609375,23184.599609375,23233.94921875,380000,-0.0011681556778996,-0.0011688385035597,0.1030431578173084,23554.0998046875,23706.1309375,-0.0070404074073145,-0.0561351217088922,-0.1182595118268858,2,0
2026-06-11,23161.599609375,23161.599609375,23327.44921875,23072.05078125,23104.400390625,363000,-0.0022980713363744,-0.002300715954766,0.1030421875868095,23541.5498046875,23703.2339453125,-0.0107207232083486,-0.0447368421052631,-0.1202858143688774,2,0
2026-06-12,23622.900390625,23622.900390625,23645.349609375,23313.900390625,23412.55078125,351900,0.0199166201397973,0.0197208789938952,0.1183759172402191,23538.21484375,23719.2999609375,-0.0028155485888248,-0.0305785123966941,-0.1027648811020711,2,0
2026-06-15,23853.900390625,23853.900390625,24011.400390625,23817.80078125,23984.849609375,398900,0.0097786468291451,0.0097311452784631,0.1231735015130486,23548.73486328125,23749.7499609375,0.0088988682143082,0.1335606706450696,-0.0939911357516621,2,0
2026-06-16,23989.150390625,23989.150390625,24002.599609375,23888.19921875,23923.900390625,327300,0.0056699322871809,0.0056539187231453,0.1245482668295787,23565.694921875,23775.9449609375,0.0143425750616865,-0.1794936074204061,-0.0888541268397885,2,0
2026-06-17,24085.69921875,24085.69921875,24108.19921875,23969.69921875,24044.5,352700,0.004024687267071,0.0040166098786604,0.1248258780482238,23589.0798828125,23803.396953125,0.0198026597827927,0.0776046440574396,-0.0851870496456362,2,0
2026-06-18,24168.0,24168.0,24189.25,24036.94921875,24073.80078125,340000,0.0034169978003351,0.0034111731281746,0.1251017940854771,23614.5298828125,23827.391953125,0.0215140115812164,-0.0360079387581514,-0.0820611358065573,2,0
2026-06-19,24013.099609375,24013.099609375,24047.19921875,23901.900390625,23991.19921875,447900,-0.0064093177186775,-0.0064299455830831,0.1278627472347528,23632.44990234375,23845.1809375,0.0151513400069325,0.3173529411764706,-0.0879444976334952,2,0
2026-06-22,24102.900390625,24102.900390625,24168.05078125,24073.150390625,24106.599609375,252800,0.003739658049598,0.0037326829127766,0.1281183069881719,23651.6298828125,23847.291953125,0.016172467009577,-0.4355883009600357,-0.08453372193239,2,0
2026-06-23,23824.099609375,23824.099609375,24135.5,23784.94921875,24071.30078125,340100,-0.0115671050675063,-0.0116345244294811,0.1267265983962028,23641.24990234375,23848.271953125,-0.008638573888817,0.3453322784810126,-0.0951230165565572,2,0
2026-06-24,24021.650390625,24021.650390625,24090.05078125,23789.25,23795.80078125,395600,0.0082920565515207,0.008257866325424,0.1291479474016746,23646.6474609375,23847.69296875,0.0045141979451828,0.1631872978535724,-0.0876197254376747,2,0
2026-06-25,24056.0,24056.0,24261.599609375,24039.0,24125.849609375,448800,0.00142994377224,0.0014289223762208,0.1292021023208502,23654.08994140625,23851.9599609375,0.0062261543907538,0.134479271991911,-0.0863150729461497,2,0
2026-06-29,23946.25,23946.25,24120.0,23924.55078125,24061.75,588500,-0.0045622713668107,-0.0045727102890541,0.1173293955016459,23674.01494140625,23846.2589453125,0.0169230605896528,0.3112745098039216,-0.090483551527134,1,1
2026-06-30,23865.75,23865.75,24035.55078125,23829.19921875,24032.05078125,449000,-0.0033616954637991,-0.0033673586575118,0.1147560285841329,23698.1724609375,23839.6389453125,0.0206628175949814,-0.2370433305012744,-0.0935410688462159,1,1
2026-07-01,24005.849609375,24005.849609375,24049.900390625,23895.099609375,23897.650390625,352100,0.0058703208311072,0.0058531576340034,0.1154715640796018,23724.28740234375,23832.684921875,0.0222410500435061,-0.2158129175946548,-0.0882198641001206,1,1
2026-07-02,24175.69921875,24175.69921875,24194.55078125,24058.80078125,24062.19921875,372900,0.0070753425577017,0.0070504297635567,0.1160700527627774,23762.7923828125,23828.9019140625,0.0329023661955893,0.0590741266685601,-0.0817687073013211,1,1
2026-07-03,24270.849609375,24270.849609375,24378.150390625,24252.349609375,24375.650390625,326600,0.0039357865004874,0.0039280615553213,0.116264735078307,23805.50732421875,23822.7869140625,0.0364826927802299,-0.1241619737194958,-0.0781547449751925,1,1
2026-07-06,24430.349609375,24430.349609375,24458.650390625,24287.099609375,24306.849609375,329400,0.0065716694127753,0.0065501701327115,0.1164634437056335,23858.68984375,23823.8319140625,0.0455199247727509,0.0085731781996325,-0.0720966827094339,1,1
2026-07-07,24398.69921875,24398.69921875,24530.900390625,24348.94921875,24464.44921875,412600,-0.0012955357222089,-0.0012963756541323,0.1073767222075212,23922.4748046875,23828.3448828125,0.0551701430934568,0.2525804493017607,-0.0732988146037401,1,1
2026-07-08,23882.05078125,23882.05078125,24300.0,23805.19921875,24259.55078125,420500,-0.0211752451582731,-0.0214026567222692,0.1366690529020802,23954.47236328125,23828.0269140625,0.0275341377341342,0.0191468734852156,-0.0929219393929682,2,1
2026-07-09,23962.80078125,23962.80078125,24134.69921875,23925.69921875,23928.94921875,384800,0.0033812004144717,0.0033754970089724,0.1365065002401227,23991.86494140625,23825.4289453125,0.0322142234925064,-0.0848989298454221,-0.0898549266784854,2,1
2026-07-10,24206.900390625,24206.900390625,24228.44921875,24120.349609375,24124.69921875,313100,0.010186605964942,0.010135072168571,0.1389269378946819,24044.12998046875,23829.65296875,0.045130768119612,-0.1863305613305613,-0.0805836374456259,2,1
2026-07-13,24211.0,24211.0,24259.80078125,24000.19921875,24039.400390625,322700,0.0001693570555851,0.0001693427162979,0.1226133259225635,24073.5349609375,23830.3199609375,0.024895317664227,0.0306611306291919,-0.0804279277976068,0,2
2026-07-14,24052.05078125,24052.05078125,24157.099609375,24023.69921875,24068.0,355800,-0.0065651653690471,-0.006586810856692,0.1212812018137952,24083.44248046875,23831.4099609375,0.0083068339927703,0.1025720483421133,-0.0864650705203728,0,2
2026-07-15,24078.5,24078.5,24220.349609375,24010.55078125,24085.849609375,306900,0.0010996658451518,0.0010990616555635,0.1197388313113765,24087.9099609375,23830.5939453125,0.0037245841524224,-0.1374367622259696,-0.0854604873600708,0,2
2026-07-16,24072.75,24072.75,24186.5,24050.0,24142.099609375,264300,-0.0002388022509708,-0.0002388307687685,0.1188828894991269,24087.2625,23831.3929296875,-0.0005376310080265,-0.1388074291300097,-0.085678881454291,0,2
2026-07-17,24334.30078125,24334.30078125,24367.30078125,24099.05078125,24127.599609375,387800,0.010865014643113,0.0108064144507111,0.1244856207478884,24095.5775390625,23831.4599609375,0.0068810319947865,0.4672720393492244,-0.0757447691127843,0,2
2026-07-20,24238.5,24238.5,24266.099609375,24135.849609375,24190.05078125,353100,-0.0039368618852535,-0.0039446317252342,0.1229958979610108,24106.84755859375,23829.696953125,0.0093865595983702,-0.0894791129448169,-0.0793834343035104,0,2
2026-07-21,24187.69921875,24187.69921875,24262.19921875,24135.650390625,24216.05078125,315600,-0.0020958714957608,-0.0020980709080852,0.1226836798417976,24111.0875,23829.9279296875,0.0035182001647395,-0.1062022090059473,-0.081312928322079,0,2
2026-07-22,23996.25,23996.25,24166.30078125,23961.400390625,24150.44921875,304700,-0.0079151479856997,-0.0079466390505471,0.1186057084603888,24119.69501953125,23833.5359375,0.0072258928332074,-0.0345373891001267,-0.088584472446959,0,2
2026-07-23,23869.599609375,23869.599609375,23990.75,23807.19921875,23904.80078125,344000,-0.0052779242850445,-0.0052919017303817,0.1163698019792696,24112.09248046875,23843.3369140625,-0.006329739163523,0.1289793239251722,-0.0933948545935978,0,2
2026-07-24,23767.44921875,23767.44921875,23823.599609375,23606.30078125,23666.349609375,333900,-0.0042795183956449,-0.004288701744065,0.1169998539282788,24097.66494140625,23850.43390625,-0.0119949609764715,-0.0293604651162791,-0.0972746879909508,0,2
2026-07-27,23995.94921875,23995.94921875,24011.599609375,23891.55078125,23928.400390625,319400,0.0096139891957669,0.0095680688852885,0.1213242489989332,24100.14990234375,23856.5608984375,0.0020754489220651,-0.0434261755016471,-0.0885958965945505,0,2
2026-07-28,23985.349609375,23985.349609375,24041.150390625,23954.599609375,23971.25,437800,-0.0004417249460887,-0.0004418225352921,0.1206567426095464,24106.1298828125,23863.397890625,0.0050113492923959,0.3706950532247965,-0.0889984865229924,0,2
2026-07-29,24250.19921875,24250.19921875,24283.55078125,24136.75,24176.650390625,424200,0.0110421408771743,0.0109816215407408,0.1251067593523962,24118.34736328125,23875.402890625,0.0101787528186285,-0.0310644129739606,-0.0789390794718601,0,2
2026-07-30,24317.150390625,24317.150390625,24342.94921875,24187.099609375,24249.55078125,400600,0.0027608503860552,0.0027570462388071,0.1230393054138205,24125.419921875,23889.3858984375,0.0058509650784079,-0.0556341348420555,-0.0763961680738397,0,2
2026-07-31,24383.599609375,24383.599609375,24429.400390625,24299.69921875,24361.44921875,411700,0.0027326071386892,0.0027288803554812,0.1226422343234572,24131.057421875,23903.877890625,0.0046454904469619,0.0277084373439839,-0.0738723216493976,0,2
2026-08-03,24774.30078125,24774.30078125,24774.30078125,24515.150390625,24572.69921875,342300,0.0160231129994761,0.0158960979127676,0.1330717995916854,24148.25498046875,23926.269921875,0.0140788477191096,-0.1685693466116103,-0.0590328732072433,0,2
2026-08-04,24614.900390625,24614.900390625,24703.900390625,24427.94921875,24703.900390625,296500,-0.0064341025013161,-0.006454890555102,0.1353382350252439,24159.0650390625,23944.1819140625,0.0088611761609345,-0.1338007595676307,-0.0650871521513969,0,2
2026-08-05,24624.650390625,24624.650390625,24677.599609375,24497.94921875,24669.19921875,355500,0.0003961015419633,0.000396023114457,0.1080408611459,24196.19501953125,23956.0409375,0.0310944657214287,0.1989881956155144,-0.0647168317307628,2,0
2026-08-06,24636.0,24636.0,24677.05078125,24604.150390625,24641.0,344000,0.0004609043862535,0.0004607982024527,0.1078761523401765,24229.85498046875,23970.486953125,0.0280935114762024,-0.0323488045007032,-0.0642857556161183,1,1
2026-08-07,24570.650390625,24570.650390625,24630.400390625,24522.75,24538.900390625,254800,-0.0026526063230638,-0.0026561307171494,0.1035856436700961,24248.04248046875,23983.756953125,0.0150267070186678,-0.2593023255813953,-0.0667678371373519,1,1
2026-08-10,24583.80078125,24583.80078125,24620.94921875,24511.099609375,24581.25,269500,0.0005352072662276,0.000535064093901,0.1035667853229805,24266.68251953125,24004.47796875,0.0153979918735285,0.0576923076923077,-0.0662683645027105,1,1
2026-08-11,24471.69921875,24471.69921875,24576.849609375,24429.25,24575.099609375,271800,-0.004559976852135,-0.0045704052608588,0.1019025453162248,24287.66494140625,24026.2599609375,0.0174475117035401,0.0085343228200371,-0.0705261591466844,1,1
2026-08-12,24435.94921875,24435.94921875,24473.30078125,24265.94921875,24472.44921875,317600,-0.0014608711753293,-0.0014619392880015,0.1022294377680856,24305.53740234375,24045.3079296875,0.0148451613991735,0.1685062545989697,-0.0718840006890095,1,1
2026-08-13,24395.849609375,24395.849609375,24431.599609375,24311.400390625,24431.599609375,295800,-0.0016410088683697,-0.0016423567982678,0.1025280532071553,24321.6923828125,24065.1129296875,0.0134217988960547,-0.0686397984886649,-0.0734070472747547,1,1
2026-08-14,24366.0,24366.0,24405.19921875,24296.80078125,24361.900390625,267700,-0.0012235527703666,-0.0012243019222044,0.0953927968914366,24323.27734375,24084.1019140625,0.0013026558286985,-0.0949966193373901,-0.0745407826490639,1,1
2026-08-17,24287.650390625,24287.650390625,24360.099609375,24226.94921875,24343.44921875,225400,-0.003215530221415,-0.0032207111479826,0.0950231045088236,24325.73486328125,24102.5209375,0.0020277818604699,-0.1580127007844601,-0.077516624731143,1,1
2026-08-18,24154.900390625,24154.900390625,24269.650390625,24154.900390625,24223.849609375,227000,-0.0054657407309864,-0.0054807325443868,0.0968034708758581,24324.094921875,24123.1589453125,-0.0013560127330992,0.0070984915705412,-0.0825586796890079,1,1
2026-08-19,24042.400390625,24042.400390625,24172.849609375,24028.19921875,24152.05078125,0,-0.0046574400300016,-0.0046683196978957,0.0939211130748244,24326.40244140625,24139.1649609375,0.0019232334479346,-1.0,-0.086831607619402,1,1
